2026-05-17 13:57:39 | INFO     | Orchestration:18 | Đang khởi tạo hệ thống Eldoria Game Engine...
2026-05-17 13:57:39 | DEBUG    | ImageManager:22 | [ImageManager] Đã khởi tạo các thư mục bộ nhớ đệm ảnh.
2026-05-17 13:57:39 | INFO     | MemoryManager:19 | [VectorDB] Đang khởi tạo Embedding Model từ: bkai-foundation-models/vietnamese-bi-encoder...
2026-05-17 13:57:47 | DEBUG    | MemoryManager:98 | [VectorDB] Không tìm thấy CSDL FAISS cũ. Khởi tạo Ký ức mới hoàn toàn.
2026-05-17 13:57:48 | DEBUG    | MemoryProcessor:16 | [MemoryProcessor] Đã khởi tạo hệ thống xử lý Ký ức.
2026-05-17 13:57:52 | DEBUG    | StoryDirector:29 | [StoryDirector] Đã khởi tạo các Cloud Agents (Llama-3 & Qwen).
2026-05-17 13:57:52 | INFO     | Orchestration:45 | Hệ thống đã sẵn sàng!
2026-05-17 13:57:52 | INFO     | Orchestration:117 | Bắt đầu khởi tạo phiên chơi mới - Dọn dẹp dữ liệu...
2026-05-17 13:57:52 | INFO     | DatabaseManager:155 | [Database] Đã mở kết nối bất đồng bộ tới ./data/World.db
2026-05-17 13:57:52 | ERROR    | DatabaseManager:190 | [Database Lỗi] Xảy ra sự cố khi dọn dẹp CSDL: no such table: Memory
Traceback (most recent call last):
  File "D:\D\HOCTAP\TDTT\AI-Adventure-Game\engine\DataManager\DatabaseManager.py", line 185, in reset_database
    await self.conn.execute(f"DELETE FROM {table}")
  File "D:\D\HOCTAP\TDTT\.venv\Lib\site-packages\aiosqlite\core.py", line 223, in execute
    cursor = await self._execute(self._conn.execute, sql, parameters)
             ^^^^^^^^^^^^^^^^^^^^^^^^^^^^^^^^^^^^^^^^^^^^^^^^^^^^^^^^
  File "D:\D\HOCTAP\TDTT\.venv\Lib\site-packages\aiosqlite\core.py", line 160, in _execute
    return await future
           ^^^^^^^^^^^^
  File "D:\D\HOCTAP\TDTT\.venv\Lib\site-packages\aiosqlite\core.py", line 63, in _connection_worker_thread
    result = function()
             ^^^^^^^^^^
sqlite3.OperationalError: no such table: Memory
2026-05-17 13:57:53 | DEBUG    | DatabaseManager:103 | [Memory] Đang cập nhật schema, thêm cột 'id_type'...
2026-05-17 13:57:53 | INFO     | DatabaseManager:173 | [Database] Khởi tạo các bảng SQL thành công!
2026-05-17 13:57:53 | INFO     | ImageManager:112 | [ImageManager] Bắt đầu dọn dẹp thư mục ảnh cũ cho Game mới...
2026-05-17 13:57:53 | INFO     | ImageManager:123 | [ImageManager] Dọn dẹp thư mục ảnh hoàn tất.
2026-05-17 13:58:02 | INFO     | Orchestration:126 | Người chơi chọn ý tưởng: 'the gioi mo'
2026-05-17 13:58:02 | INFO     | StoryDirector:86 | [StoryDirector] Đang tạo World Bible từ ý tưởng người chơi...
2026-05-17 13:58:05 | DEBUG    | StoryDirector:92 | [StoryDirector] Đã lưu World Bible xuống file: ./data/world_bible.json
2026-05-17 13:58:05 | DEBUG    | Orchestration:141 | World State Loaded: The Open World | ['Open World RPG', 'Fantasy', 'Adventure']
2026-05-17 13:58:05 | INFO     | Orchestration:145 | Khởi tạo Location đầu tiên...
2026-05-17 13:58:05 | INFO     | StoryDirector:100 | [StoryDirector] Đang khởi tạo địa điểm xuất phát cho thế giới 'The Open World'...
2026-05-17 13:58:06 | DEBUG    | DatabaseManager:48 | [Locations] Đã lưu thành công 'Thung lũng Hư Vô'.
2026-05-17 13:58:06 | INFO     | ImageManager:45 | [ImageManager] Đang vẽ bối cảnh mới: 'Thung lũng Hư Vô'...
2026-05-17 13:58:06 | WARNING  | ImageManager:59 | [ImageManager] Tạo ảnh bối cảnh 'Thung lũng Hư Vô' thất bại.
2026-05-17 13:58:06 | INFO     | StoryDirector:125 | [StoryDirector] Bắt đầu sinh phân đoạn truyện mở đầu tại 'Thung lũng Hư Vô'...
2026-05-17 13:58:08 | INFO     | Orchestration:173 | Lưu ký ức Prologue (Turn 0)...
2026-05-17 13:58:08 | DEBUG    | MemoryManager:193 | [ShortTermMemory] Đã cập nhật Context Window hiện tại (Size: 1).
2026-05-17 13:58:08 | DEBUG    | DatabaseManager:196 | [Database] Đã ghi một ký ức mới vào Turn 0.
2026-05-17 13:58:11 | DEBUG    | MemoryProcessor:164 | [MemoryProcessor] Đã lưu 1 ký ức nguyên tử vào CSDL và VectorDB.
2026-05-17 13:58:11 | INFO     | Orchestration:183 | === BẮT ĐẦU VÒNG LẶP GAME CHÍNH (GAME LOOP) ===
2026-05-17 14:00:29 | INFO     | Orchestration:53 | [Turn Start] Player Input: 'i want to win this game'
2026-05-17 14:00:38 | DEBUG    | ActionProcessor:32 | [ActionManager] Đã tải thành công file action_directives.yaml!
2026-05-17 14:00:38 | INFO     | ActionProcessor:91 | [ActionManager] 🎲 Sự kiện NPC xuất hiện (Xí ngầu: 3/9)
2026-05-17 14:00:39 | DEBUG    | MemoryProcessor:100 | [MemoryProcessor] Truy vấn RAG đã mở rộng: 'cách thắng Thung lũng Hư Vô'
2026-05-17 14:00:39 | DEBUG    | MemoryManager:164 | [VectorDB Search] 'cách thắng Thung lũng Hư Vô' -> Trả về 1 kết quả.
2026-05-17 14:00:39 | DEBUG    | MemoryManager:85 | [RAG Context] Location IDs: [1]
2026-05-17 14:00:39 | DEBUG    | MemoryProcessor:131 | [Profile] RAG (với Rerank) hoàn tất trong: 0.764s
2026-05-17 14:00:39 | DEBUG    | StoryDirector:45 | [StoryDirector] Bắt đầu sinh luồng truyện (Streaming) cho hành động: 'i want to win this game...'
2026-05-17 14:00:39 | DEBUG    | Orchestration:72 | [Profile] Time to First Token (TTFT): 0.345s
2026-05-17 14:00:48 | ERROR    | StateProcessor:213 | [MemoryExtractor Lỗi] "[Lỗi Code] Prompt của 'StateExtractor' cần biến {current_location}, nhưng bạn chưa truyền vào hàm get_prompt!"
2026-05-17 14:00:48 | DEBUG    | StateProcessor:226 | [Profile] Background Tasks (State Extraction): 8.151s
2026-05-17 14:00:48 | DEBUG    | MemoryManager:193 | [ShortTermMemory] Đã cập nhật Context Window hiện tại (Size: 2).
2026-05-17 14:00:48 | DEBUG    | MemoryProcessor:164 | [MemoryProcessor] Đã lưu 0 ký ức nguyên tử vào CSDL và VectorDB.
2026-05-17 14:00:48 | INFO     | StoryDirector:69 | [StoryDirector] Đang tính toán các lựa chọn tiếp theo...
2026-05-17 14:00:51 | DEBUG    | StoryDirector:80 | [StoryDirector] Đã tạo thành công 3 lựa chọn khả thi.
2026-05-17 14:00:51 | DEBUG    | Orchestration:98 | [Profile] Tổng thời gian Turn: 13.264s
2026-05-17 14:01:51 | INFO     | Orchestration:53 | [Turn Start] Player Input: '1'
2026-05-17 14:01:59 | DEBUG    | ActionProcessor:32 | [ActionManager] Đã tải thành công file action_directives.yaml!
2026-05-17 14:01:59 | INFO     | ActionProcessor:100 | [ActionManager] 🎲 Sự kiện Địa điểm ẩn (Xí ngầu: 2/13)
2026-05-17 14:02:00 | DEBUG    | MemoryProcessor:100 | [MemoryProcessor] Truy vấn RAG đã mở rộng: 'Nhân vật tỉnh tại Thung lũng Hư Vô'
2026-05-17 14:02:00 | DEBUG    | MemoryManager:164 | [VectorDB Search] 'Nhân vật tỉnh tại Thung lũng Hư Vô' -> Trả về 1 kết quả.
2026-05-17 14:02:00 | DEBUG    | MemoryManager:85 | [RAG Context] Location IDs: [1]
2026-05-17 14:02:00 | DEBUG    | MemoryProcessor:131 | [Profile] RAG (với Rerank) hoàn tất trong: 1.240s
2026-05-17 14:02:00 | DEBUG    | StoryDirector:45 | [StoryDirector] Bắt đầu sinh luồng truyện (Streaming) cho hành động: '1...'
2026-05-17 14:02:01 | DEBUG    | Orchestration:72 | [Profile] Time to First Token (TTFT): 0.429s
2026-05-17 14:02:10 | ERROR    | StateProcessor:213 | [MemoryExtractor Lỗi] "[Lỗi Code] Prompt của 'StateExtractor' cần biến {current_location}, nhưng bạn chưa truyền vào hàm get_prompt!"
2026-05-17 14:02:10 | DEBUG    | StateProcessor:226 | [Profile] Background Tasks (State Extraction): 8.213s
2026-05-17 14:02:10 | DEBUG    | MemoryManager:193 | [ShortTermMemory] Đã cập nhật Context Window hiện tại (Size: 3).
2026-05-17 14:02:10 | DEBUG    | MemoryProcessor:164 | [MemoryProcessor] Đã lưu 0 ký ức nguyên tử vào CSDL và VectorDB.
2026-05-17 14:02:10 | INFO     | StoryDirector:69 | [StoryDirector] Đang tính toán các lựa chọn tiếp theo...
2026-05-17 14:02:13 | DEBUG    | StoryDirector:80 | [StoryDirector] Đã tạo thành công 3 lựa chọn khả thi.
2026-05-17 14:02:13 | DEBUG    | Orchestration:98 | [Profile] Tổng thời gian Turn: 13.745s
2026-05-17 14:03:03 | INFO     | Orchestration:53 | [Turn Start] Player Input: '1'
2026-05-17 14:03:11 | DEBUG    | ActionProcessor:32 | [ActionManager] Đã tải thành công file action_directives.yaml!
2026-05-17 14:03:12 | DEBUG    | MemoryProcessor:100 | [MemoryProcessor] Truy vấn RAG đã mở rộng: 'Hang động Thung lũng Hư Vô bức vẽ cổ, bàn gỗ mục, dao gỉ'
2026-05-17 14:03:12 | DEBUG    | MemoryManager:164 | [VectorDB Search] 'Hang động Thung lũng Hư Vô bức vẽ cổ, bàn gỗ mục, dao gỉ' -> Trả về 1 kết quả.
2026-05-17 14:03:12 | DEBUG    | MemoryManager:85 | [RAG Context] Location IDs: [1]
2026-05-17 14:03:12 | DEBUG    | MemoryProcessor:131 | [Profile] RAG (với Rerank) hoàn tất trong: 0.925s
2026-05-17 14:03:12 | DEBUG    | StoryDirector:45 | [StoryDirector] Bắt đầu sinh luồng truyện (Streaming) cho hành động: '1...'
2026-05-17 14:03:13 | DEBUG    | Orchestration:72 | [Profile] Time to First Token (TTFT): 0.414s
2026-05-17 14:03:22 | ERROR    | StateProcessor:213 | [MemoryExtractor Lỗi] "[Lỗi Code] Prompt của 'StateExtractor' cần biến {current_location}, nhưng bạn chưa truyền vào hàm get_prompt!"
2026-05-17 14:03:22 | DEBUG    | StateProcessor:226 | [Profile] Background Tasks (State Extraction): 8.106s
2026-05-17 14:03:22 | DEBUG    | MemoryManager:193 | [ShortTermMemory] Đã cập nhật Context Window hiện tại (Size: 4).
2026-05-17 14:03:22 | DEBUG    | MemoryProcessor:164 | [MemoryProcessor] Đã lưu 0 ký ức nguyên tử vào CSDL và VectorDB.
2026-05-17 14:03:22 | INFO     | StoryDirector:69 | [StoryDirector] Đang tính toán các lựa chọn tiếp theo...
2026-05-17 14:03:24 | DEBUG    | StoryDirector:80 | [StoryDirector] Đã tạo thành công 4 lựa chọn khả thi.
2026-05-17 14:03:24 | DEBUG    | Orchestration:98 | [Profile] Tổng thời gian Turn: 12.538s
2026-05-17 14:03:36 | INFO     | Orchestration:189 | Người chơi thoát game an toàn. Đang đóng CSDL...
2026-05-17 15:01:42 | INFO     | Orchestration:18 | Đang khởi tạo hệ thống Eldoria Game Engine...
2026-05-17 15:01:42 | DEBUG    | ImageManager:22 | [ImageManager] Đã khởi tạo các thư mục bộ nhớ đệm ảnh.
2026-05-17 15:01:42 | INFO     | MemoryManager:19 | [VectorDB] Đang khởi tạo Embedding Model từ: bkai-foundation-models/vietnamese-bi-encoder...
2026-05-17 15:01:49 | INFO     | MemoryManager:96 | [VectorDB] Khôi phục thành công 1 ký ức từ ổ cứng.
2026-05-17 15:01:50 | DEBUG    | MemoryProcessor:16 | [MemoryProcessor] Đã khởi tạo hệ thống xử lý Ký ức.
2026-05-17 15:01:54 | DEBUG    | StoryDirector:29 | [StoryDirector] Đã khởi tạo các Cloud Agents (Llama-3 & Qwen).
2026-05-17 15:01:54 | INFO     | Orchestration:45 | Hệ thống đã sẵn sàng!
2026-05-17 15:01:54 | INFO     | Orchestration:117 | Bắt đầu khởi tạo phiên chơi mới - Dọn dẹp dữ liệu...
2026-05-17 15:01:54 | INFO     | DatabaseManager:155 | [Database] Đã mở kết nối bất đồng bộ tới ./data/World.db
2026-05-17 15:01:54 | INFO     | DatabaseManager:188 | [Database] Đã dọn dẹp sạch sẽ toàn bộ dữ liệu SQLite!
2026-05-17 15:01:54 | INFO     | DatabaseManager:173 | [Database] Khởi tạo các bảng SQL thành công!
2026-05-17 15:01:54 | INFO     | ImageManager:112 | [ImageManager] Bắt đầu dọn dẹp thư mục ảnh cũ cho Game mới...
2026-05-17 15:01:54 | INFO     | ImageManager:123 | [ImageManager] Dọn dẹp thư mục ảnh hoàn tất.
2026-05-17 15:02:03 | INFO     | Orchestration:126 | Người chơi chọn ý tưởng: 'rồng'
2026-05-17 15:02:03 | INFO     | StoryDirector:86 | [StoryDirector] Đang tạo World Bible từ ý tưởng người chơi...
2026-05-17 15:02:05 | DEBUG    | StoryDirector:92 | [StoryDirector] Đã lưu World Bible xuống file: ./data/world_bible.json
2026-05-17 15:02:05 | DEBUG    | Orchestration:141 | World State Loaded: Dragon's Ascent | ['high fantasy', 'open-world', 'action RPG']
2026-05-17 15:02:05 | INFO     | Orchestration:145 | Khởi tạo Location đầu tiên...
2026-05-17 15:02:05 | INFO     | StoryDirector:100 | [StoryDirector] Đang khởi tạo địa điểm xuất phát cho thế giới 'Dragon's Ascent'...
2026-05-17 15:02:06 | DEBUG    | DatabaseManager:48 | [Locations] Đã lưu thành công 'Thung lũng Xương Khô'.
2026-05-17 15:02:06 | INFO     | ImageManager:45 | [ImageManager] Đang vẽ bối cảnh mới: 'Thung lũng Xương Khô'...
2026-05-17 15:02:06 | WARNING  | ImageManager:59 | [ImageManager] Tạo ảnh bối cảnh 'Thung lũng Xương Khô' thất bại.
2026-05-17 15:02:06 | INFO     | StoryDirector:125 | [StoryDirector] Bắt đầu sinh phân đoạn truyện mở đầu tại 'Thung lũng Xương Khô'...
2026-05-17 15:02:08 | INFO     | Orchestration:173 | Lưu ký ức Prologue (Turn 0)...
2026-05-17 15:02:08 | DEBUG    | MemoryManager:193 | [ShortTermMemory] Đã cập nhật Context Window hiện tại (Size: 1).
2026-05-17 15:02:08 | DEBUG    | DatabaseManager:196 | [Database] Đã ghi một ký ức mới vào Turn 0.
2026-05-17 15:02:08 | DEBUG    | MemoryProcessor:164 | [MemoryProcessor] Đã lưu 1 ký ức nguyên tử vào CSDL và VectorDB.
2026-05-17 15:02:08 | INFO     | Orchestration:183 | === BẮT ĐẦU VÒNG LẶP GAME CHÍNH (GAME LOOP) ===
2026-05-17 15:03:15 | INFO     | Orchestration:53 | [Turn Start] Player Input: 'tôi muốn thoát nơi này '
2026-05-17 15:03:25 | DEBUG    | ActionProcessor:32 | [ActionManager] Đã tải thành công file action_directives.yaml!
2026-05-17 15:03:25 | DEBUG    | MemoryProcessor:100 | [MemoryProcessor] Truy vấn RAG đã mở rộng: 'cách thoát Thung lũng Xương Khô'
2026-05-17 15:03:25 | DEBUG    | MemoryManager:164 | [VectorDB Search] 'cách thoát Thung lũng Xương Khô' -> Trả về 1 kết quả.
2026-05-17 15:03:25 | DEBUG    | MemoryManager:85 | [RAG Context] Location IDs: [1]
2026-05-17 15:03:25 | DEBUG    | MemoryProcessor:131 | [Profile] RAG (với Rerank) hoàn tất trong: 0.725s
2026-05-17 15:03:25 | DEBUG    | StoryDirector:45 | [StoryDirector] Bắt đầu sinh luồng truyện (Streaming) cho hành động: 'tôi muốn thoát nơi này ...'
2026-05-17 15:03:26 | DEBUG    | Orchestration:72 | [Profile] Time to First Token (TTFT): 0.442s
2026-05-17 15:03:35 | ERROR    | StateProcessor:213 | [MemoryExtractor Lỗi] "[Lỗi Code] Prompt của 'StateExtractor' cần biến {current_location}, nhưng bạn chưa truyền vào hàm get_prompt!"
2026-05-17 15:03:35 | DEBUG    | StateProcessor:226 | [Profile] Background Tasks (State Extraction): 8.111s
2026-05-17 15:03:35 | DEBUG    | MemoryManager:193 | [ShortTermMemory] Đã cập nhật Context Window hiện tại (Size: 2).
2026-05-17 15:03:35 | DEBUG    | MemoryProcessor:164 | [MemoryProcessor] Đã lưu 0 ký ức nguyên tử vào CSDL và VectorDB.
2026-05-17 15:03:35 | INFO     | StoryDirector:69 | [StoryDirector] Đang tính toán các lựa chọn tiếp theo...
2026-05-17 15:03:38 | DEBUG    | StoryDirector:80 | [StoryDirector] Đã tạo thành công 4 lựa chọn khả thi.
2026-05-17 15:03:38 | DEBUG    | Orchestration:98 | [Profile] Tổng thời gian Turn: 13.728s
2026-05-17 15:08:06 | INFO     | Orchestration:18 | Đang khởi tạo hệ thống Eldoria Game Engine...
2026-05-17 15:08:07 | DEBUG    | ImageManager:22 | [ImageManager] Đã khởi tạo các thư mục bộ nhớ đệm ảnh.
2026-05-17 15:08:07 | INFO     | MemoryManager:19 | [VectorDB] Đang khởi tạo Embedding Model từ: bkai-foundation-models/vietnamese-bi-encoder...
2026-05-17 15:08:15 | INFO     | MemoryManager:96 | [VectorDB] Khôi phục thành công 1 ký ức từ ổ cứng.
2026-05-17 15:08:15 | DEBUG    | MemoryProcessor:16 | [MemoryProcessor] Đã khởi tạo hệ thống xử lý Ký ức.
2026-05-17 15:08:22 | DEBUG    | StoryDirector:29 | [StoryDirector] Đã khởi tạo các Cloud Agents (Llama-3 & Qwen).
2026-05-17 15:08:22 | INFO     | Orchestration:45 | Hệ thống đã sẵn sàng!
2026-05-17 15:08:22 | INFO     | Orchestration:117 | Bắt đầu khởi tạo phiên chơi mới - Dọn dẹp dữ liệu...
2026-05-17 15:08:22 | INFO     | DatabaseManager:155 | [Database] Đã mở kết nối bất đồng bộ tới ./data/World.db
2026-05-17 15:08:22 | INFO     | DatabaseManager:188 | [Database] Đã dọn dẹp sạch sẽ toàn bộ dữ liệu SQLite!
2026-05-17 15:08:22 | INFO     | DatabaseManager:173 | [Database] Khởi tạo các bảng SQL thành công!
2026-05-17 15:08:22 | INFO     | ImageManager:112 | [ImageManager] Bắt đầu dọn dẹp thư mục ảnh cũ cho Game mới...
2026-05-17 15:08:22 | INFO     | ImageManager:123 | [ImageManager] Dọn dẹp thư mục ảnh hoàn tất.
2026-05-17 15:09:14 | INFO     | Orchestration:126 | Người chơi chọn ý tưởng: 'robot'
2026-05-17 15:09:14 | INFO     | StoryDirector:86 | [StoryDirector] Đang tạo World Bible từ ý tưởng người chơi...
2026-05-17 15:09:18 | DEBUG    | StoryDirector:92 | [StoryDirector] Đã lưu World Bible xuống file: ./data/world_bible.json
2026-05-17 15:09:18 | DEBUG    | Orchestration:141 | World State Loaded: Circuit Dominion | ['Cyberpunk', 'Post-Apocalyptic']
2026-05-17 15:09:18 | INFO     | Orchestration:145 | Khởi tạo Location đầu tiên...
2026-05-17 15:09:18 | INFO     | StoryDirector:100 | [StoryDirector] Đang khởi tạo địa điểm xuất phát cho thế giới 'Circuit Dominion'...
2026-05-17 15:09:19 | DEBUG    | DatabaseManager:48 | [Locations] Đã lưu thành công 'Nhà Máy Tin Khói'.
2026-05-17 15:09:19 | INFO     | ImageManager:45 | [ImageManager] Đang vẽ bối cảnh mới: 'Nhà Máy Tin Khói'...
2026-05-17 15:09:19 | WARNING  | ImageManager:59 | [ImageManager] Tạo ảnh bối cảnh 'Nhà Máy Tin Khói' thất bại.
2026-05-17 15:09:19 | INFO     | StoryDirector:125 | [StoryDirector] Bắt đầu sinh phân đoạn truyện mở đầu tại 'Nhà Máy Tin Khói'...
2026-05-17 15:09:21 | INFO     | Orchestration:173 | Lưu ký ức Prologue (Turn 0)...
2026-05-17 15:09:21 | DEBUG    | MemoryManager:193 | [ShortTermMemory] Đã cập nhật Context Window hiện tại (Size: 1).
2026-05-17 15:09:21 | DEBUG    | DatabaseManager:196 | [Database] Đã ghi một ký ức mới vào Turn 0.
2026-05-17 15:09:22 | DEBUG    | MemoryProcessor:164 | [MemoryProcessor] Đã lưu 1 ký ức nguyên tử vào CSDL và VectorDB.
2026-05-17 15:09:22 | INFO     | Orchestration:183 | === BẮT ĐẦU VÒNG LẶP GAME CHÍNH (GAME LOOP) ===
2026-05-17 15:09:34 | INFO     | Orchestration:53 | [Turn Start] Player Input: 'tôi muốn thống trị thế giới này'
2026-05-17 15:10:04 | DEBUG    | ActionProcessor:32 | [ActionManager] Đã tải thành công file action_directives.yaml!
2026-05-17 15:10:04 | DEBUG    | MemoryProcessor:100 | [MemoryProcessor] Truy vấn RAG đã mở rộng: 'thống trị thế giới nhà máy tin khói'
2026-05-17 15:10:05 | DEBUG    | MemoryManager:164 | [VectorDB Search] 'thống trị thế giới nhà máy tin khói' -> Trả về 1 kết quả.
2026-05-17 15:10:05 | DEBUG    | MemoryManager:85 | [RAG Context] Location IDs: [1]
2026-05-17 15:10:05 | DEBUG    | MemoryProcessor:131 | [Profile] RAG (với Rerank) hoàn tất trong: 0.793s
2026-05-17 15:10:05 | DEBUG    | StoryDirector:45 | [StoryDirector] Bắt đầu sinh luồng truyện (Streaming) cho hành động: 'tôi muốn thống trị thế giới này...'
2026-05-17 15:10:05 | DEBUG    | Orchestration:72 | [Profile] Time to First Token (TTFT): 0.400s
2026-05-17 15:11:15 | ERROR    | StateProcessor:213 | [MemoryExtractor Lỗi] "[Lỗi Code] Prompt của 'StateExtractor' cần biến {current_location}, nhưng bạn chưa truyền vào hàm get_prompt!"
2026-05-17 15:11:15 | DEBUG    | StateProcessor:226 | [Profile] Background Tasks (State Extraction): 69.040s
2026-05-17 15:11:15 | INFO     | StateProcessor:157 | [Hệ Thống] ---> THAY ĐỔI TÚI ĐỒ <---
2026-05-17 15:11:15 | INFO     | ImageManager:95 | [ImageManager] Đang vẽ vật phẩm mới: 'Vũ khí tự chế'...
2026-05-17 15:11:15 | WARNING  | ImageManager:107 | [ImageManager] Tạo ảnh vật phẩm 'Vũ khí tự chế' thất bại.
2026-05-17 15:11:15 | INFO     | StateProcessor:169 |  [+] Nhận được: Vũ khí tự chế
2026-05-17 15:11:15 | INFO     | StateProcessor:186 |  [Balo hiện tại]: Vũ khí tự chế
2026-05-17 15:11:15 | INFO     | StateProcessor:111 |  [-] NPC đã rời khỏi phân cảnh: không có npc nào
2026-05-17 15:11:15 | INFO     | StateProcessor:125 |  [+] Phát hiện nhân vật xuất hiện: Không có NPC nào
2026-05-17 15:11:15 | INFO     | StateProcessor:26 | [Cloud] Đang thiết kế chỉ số và cốt truyện nền cho: Không có NPC nào...
2026-05-17 15:11:17 | INFO     | ImageManager:73 | [ImageManager] Đang vẽ NPC mới: 'Trần Vệ Sĩ'...
2026-05-17 15:11:17 | WARNING  | ImageManager:83 | [ImageManager] Tạo ảnh NPC 'Trần Vệ Sĩ' thất bại.
2026-05-17 15:11:17 | DEBUG    | DatabaseManager:48 | [NPCs] Đã lưu thành công 'Trần Vệ Sĩ'.
2026-05-17 15:11:17 | DEBUG    | MemoryManager:193 | [ShortTermMemory] Đã cập nhật Context Window hiện tại (Size: 2).
2026-05-17 15:11:17 | DEBUG    | MemoryProcessor:164 | [MemoryProcessor] Đã lưu 0 ký ức nguyên tử vào CSDL và VectorDB.
2026-05-17 15:11:17 | INFO     | StoryDirector:69 | [StoryDirector] Đang tính toán các lựa chọn tiếp theo...
2026-05-17 15:11:22 | DEBUG    | StoryDirector:80 | [StoryDirector] Đã tạo thành công 3 lựa chọn khả thi.
2026-05-17 15:11:22 | DEBUG    | Orchestration:98 | [Profile] Tổng thời gian Turn: 78.511s
2026-05-17 15:12:33 | INFO     | Orchestration:53 | [Turn Start] Player Input: '2'
2026-05-17 15:12:54 | DEBUG    | ActionProcessor:32 | [ActionManager] Đã tải thành công file action_directives.yaml!
2026-05-17 15:12:55 | DEBUG    | MemoryProcessor:100 | [MemoryProcessor] Truy vấn RAG đã mở rộng: 'Trần Vệ Sĩ robot hỏng dữ liệu Nhà Máy Tin Khói'
2026-05-17 15:12:55 | DEBUG    | MemoryManager:164 | [VectorDB Search] 'Trần Vệ Sĩ robot hỏng dữ liệu Nhà Máy Tin Khói' -> Trả về 1 kết quả.
2026-05-17 15:12:55 | DEBUG    | MemoryManager:83 | [RAG Context] NPC IDs: [1]
2026-05-17 15:12:55 | DEBUG    | MemoryManager:85 | [RAG Context] Location IDs: [1]
2026-05-17 15:12:55 | DEBUG    | MemoryProcessor:131 | [Profile] RAG (với Rerank) hoàn tất trong: 1.096s
2026-05-17 15:12:55 | DEBUG    | StoryDirector:45 | [StoryDirector] Bắt đầu sinh luồng truyện (Streaming) cho hành động: '2...'
2026-05-17 15:12:55 | DEBUG    | Orchestration:72 | [Profile] Time to First Token (TTFT): 0.467s
2026-05-17 15:14:01 | ERROR    | StateProcessor:213 | [MemoryExtractor Lỗi] "[Lỗi Code] Prompt của 'StateExtractor' cần biến {current_location}, nhưng bạn chưa truyền vào hàm get_prompt!"
2026-05-17 15:14:01 | DEBUG    | StateProcessor:226 | [Profile] Background Tasks (State Extraction): 64.652s
2026-05-17 15:14:01 | INFO     | StateProcessor:157 | [Hệ Thống] ---> THAY ĐỔI TÚI ĐỒ <---
2026-05-17 15:14:01 | INFO     | StateProcessor:181 |  [-] Bị mất: Vũ khí tự chế
2026-05-17 15:14:01 | INFO     | StateProcessor:186 |  [Balo hiện tại]: Trống rỗng
2026-05-17 15:14:01 | INFO     | StateProcessor:111 |  [-] NPC đã rời khỏi phân cảnh: trần vệ sĩ
2026-05-17 15:14:01 | INFO     | StateProcessor:125 |  [+] Phát hiện nhân vật xuất hiện: Trần Vệ Sĩ
2026-05-17 15:14:01 | DEBUG    | MemoryManager:193 | [ShortTermMemory] Đã cập nhật Context Window hiện tại (Size: 3).
2026-05-17 15:14:01 | DEBUG    | MemoryProcessor:164 | [MemoryProcessor] Đã lưu 0 ký ức nguyên tử vào CSDL và VectorDB.
2026-05-17 15:14:01 | INFO     | StoryDirector:69 | [StoryDirector] Đang tính toán các lựa chọn tiếp theo...
2026-05-17 15:14:04 | DEBUG    | StoryDirector:80 | [StoryDirector] Đã tạo thành công 3 lựa chọn khả thi.
2026-05-17 15:14:04 | DEBUG    | Orchestration:98 | [Profile] Tổng thời gian Turn: 70.192s
2026-05-17 15:15:45 | INFO     | Orchestration:53 | [Turn Start] Player Input: '1'
2026-05-17 15:16:06 | DEBUG    | ActionProcessor:32 | [ActionManager] Đã tải thành công file action_directives.yaml!
2026-05-17 15:16:07 | DEBUG    | MemoryProcessor:100 | [MemoryProcessor] Truy vấn RAG đã mở rộng: 'Robot hỏng hóc trong Nhà Máy Tin Khói'
2026-05-17 15:16:07 | DEBUG    | MemoryManager:164 | [VectorDB Search] 'Robot hỏng hóc trong Nhà Máy Tin Khói' -> Trả về 1 kết quả.
2026-05-17 15:16:07 | DEBUG    | MemoryManager:83 | [RAG Context] NPC IDs: [1]
2026-05-17 15:16:07 | DEBUG    | MemoryManager:85 | [RAG Context] Location IDs: [1]
2026-05-17 15:16:07 | DEBUG    | MemoryProcessor:131 | [Profile] RAG (với Rerank) hoàn tất trong: 1.023s
2026-05-17 15:16:07 | DEBUG    | StoryDirector:45 | [StoryDirector] Bắt đầu sinh luồng truyện (Streaming) cho hành động: '1...'
2026-05-17 15:16:08 | DEBUG    | Orchestration:72 | [Profile] Time to First Token (TTFT): 0.433s
2026-05-17 15:17:15 | ERROR    | StateProcessor:213 | [MemoryExtractor Lỗi] "[Lỗi Code] Prompt của 'StateExtractor' cần biến {current_location}, nhưng bạn chưa truyền vào hàm get_prompt!"
2026-05-17 15:17:15 | DEBUG    | StateProcessor:226 | [Profile] Background Tasks (State Extraction): 66.019s
2026-05-17 15:17:15 | DEBUG    | MemoryManager:193 | [ShortTermMemory] Đã cập nhật Context Window hiện tại (Size: 4).
2026-05-17 15:17:15 | DEBUG    | MemoryProcessor:164 | [MemoryProcessor] Đã lưu 0 ký ức nguyên tử vào CSDL và VectorDB.
2026-05-17 15:17:15 | INFO     | StoryDirector:69 | [StoryDirector] Đang tính toán các lựa chọn tiếp theo...
2026-05-17 15:17:17 | DEBUG    | StoryDirector:80 | [StoryDirector] Đã tạo thành công 4 lựa chọn khả thi.
2026-05-17 15:17:17 | DEBUG    | Orchestration:98 | [Profile] Tổng thời gian Turn: 70.412s
2026-05-17 15:18:37 | INFO     | Orchestration:53 | [Turn Start] Player Input: '4'
2026-05-17 15:19:00 | DEBUG    | ActionProcessor:32 | [ActionManager] Đã tải thành công file action_directives.yaml!
2026-05-17 15:19:01 | DEBUG    | MemoryProcessor:100 | [MemoryProcessor] Truy vấn RAG đã mở rộng: 'Trần Vệ Sĩ robot hỏng hóc Nhà Máy Tin Khói'
2026-05-17 15:19:01 | DEBUG    | MemoryManager:164 | [VectorDB Search] 'Trần Vệ Sĩ robot hỏng hóc Nhà Máy Tin Khói' -> Trả về 1 kết quả.
2026-05-17 15:19:01 | DEBUG    | MemoryManager:83 | [RAG Context] NPC IDs: [1]
2026-05-17 15:19:01 | DEBUG    | MemoryManager:85 | [RAG Context] Location IDs: [1]
2026-05-17 15:19:01 | DEBUG    | MemoryProcessor:131 | [Profile] RAG (với Rerank) hoàn tất trong: 1.020s
2026-05-17 15:19:01 | DEBUG    | StoryDirector:45 | [StoryDirector] Bắt đầu sinh luồng truyện (Streaming) cho hành động: '4...'
2026-05-17 15:19:02 | DEBUG    | Orchestration:72 | [Profile] Time to First Token (TTFT): 0.547s
2026-05-17 15:20:11 | ERROR    | StateProcessor:213 | [MemoryExtractor Lỗi] "[Lỗi Code] Prompt của 'StateExtractor' cần biến {current_location}, nhưng bạn chưa truyền vào hàm get_prompt!"
2026-05-17 15:20:11 | DEBUG    | StateProcessor:226 | [Profile] Background Tasks (State Extraction): 68.554s
2026-05-17 15:20:11 | INFO     | StateProcessor:157 | [Hệ Thống] ---> THAY ĐỔI TÚI ĐỒ <---
2026-05-17 15:20:11 | INFO     | StateProcessor:186 |  [Balo hiện tại]: Trống rỗng
2026-05-17 15:20:11 | INFO     | StateProcessor:111 |  [-] NPC đã rời khỏi phân cảnh: trần vệ sĩ
2026-05-17 15:20:11 | INFO     | StateProcessor:125 |  [+] Phát hiện nhân vật xuất hiện: Trần Vệ Sĩ
2026-05-17 15:20:11 | DEBUG    | MemoryManager:193 | [ShortTermMemory] Đã cập nhật Context Window hiện tại (Size: 4).
2026-05-17 15:20:11 | DEBUG    | MemoryProcessor:164 | [MemoryProcessor] Đã lưu 0 ký ức nguyên tử vào CSDL và VectorDB.
2026-05-17 15:20:11 | INFO     | StoryDirector:69 | [StoryDirector] Đang tính toán các lựa chọn tiếp theo...
2026-05-17 15:20:13 | DEBUG    | StoryDirector:80 | [StoryDirector] Đã tạo thành công 4 lựa chọn khả thi.
2026-05-17 15:20:13 | DEBUG    | Orchestration:98 | [Profile] Tổng thời gian Turn: 73.411s
2026-05-17 15:20:50 | INFO     | Orchestration:53 | [Turn Start] Player Input: '1'
2026-05-17 15:21:11 | DEBUG    | ActionProcessor:32 | [ActionManager] Đã tải thành công file action_directives.yaml!
2026-05-17 15:21:11 | INFO     | ActionProcessor:100 | [ActionManager] 🎲 Sự kiện Địa điểm ẩn (Xí ngầu: 1/19)
2026-05-17 15:21:12 | DEBUG    | MemoryProcessor:100 | [MemoryProcessor] Truy vấn RAG đã mở rộng: 'cách tránh robot hỏng trong nhà máy tin khói'
2026-05-17 15:21:12 | DEBUG    | MemoryManager:164 | [VectorDB Search] 'cách tránh robot hỏng trong nhà máy tin khói' -> Trả về 1 kết quả.
2026-05-17 15:21:12 | DEBUG    | MemoryManager:83 | [RAG Context] NPC IDs: [1]
2026-05-17 15:21:12 | DEBUG    | MemoryManager:85 | [RAG Context] Location IDs: [1]
2026-05-17 15:21:12 | DEBUG    | MemoryProcessor:131 | [Profile] RAG (với Rerank) hoàn tất trong: 0.914s
2026-05-17 15:21:12 | DEBUG    | StoryDirector:45 | [StoryDirector] Bắt đầu sinh luồng truyện (Streaming) cho hành động: '1...'
2026-05-17 15:21:13 | DEBUG    | Orchestration:72 | [Profile] Time to First Token (TTFT): 0.666s
2026-05-17 15:22:24 | ERROR    | StateProcessor:213 | [MemoryExtractor Lỗi] "[Lỗi Code] Prompt của 'StateExtractor' cần biến {current_location}, nhưng bạn chưa truyền vào hàm get_prompt!"
2026-05-17 15:22:24 | DEBUG    | StateProcessor:226 | [Profile] Background Tasks (State Extraction): 71.018s
2026-05-17 15:22:27 | ERROR    | Orchestration:199 | [Game Loop] Lỗi nghiêm trọng ở Turn hiện tại: 'Location' object has no attribute 'get'
Traceback (most recent call last):
  File "D:\D\HOCTAP\TDTT\AI-Adventure-Game\engine\Orchestration.py", line 197, in run
    await self._process_game_turn(player_input)
  File "D:\D\HOCTAP\TDTT\AI-Adventure-Game\engine\Orchestration.py", line 80, in _process_game_turn
    atomic_memories = await self.state_sys.process_background_tasks(player_input, story_response)
                      ^^^^^^^^^^^^^^^^^^^^^^^^^^^^^^^^^^^^^^^^^^^^^^^^^^^^^^^^^^^^^^^^^^^^^^^^^^^
  File "D:\D\HOCTAP\TDTT\AI-Adventure-Game\engine\Subengine\StateProcessor.py", line 229, in process_background_tasks
    await self._update_location(new_location_entered_name= new_location_entered_name,
  File "D:\D\HOCTAP\TDTT\AI-Adventure-Game\engine\Subengine\StateProcessor.py", line 68, in _update_location
    name=new_loc_data.get('name', 'Vùng đất vô danh'),
         ^^^^^^^^^^^^^^^^
AttributeError: 'Location' object has no attribute 'get'
2026-05-17 15:24:45 | INFO     | Orchestration:189 | Người chơi thoát game an toàn. Đang đóng CSDL...
2026-05-17 15:29:06 | INFO     | Orchestration:18 | Đang khởi tạo hệ thống Eldoria Game Engine...
2026-05-17 15:29:06 | DEBUG    | ImageManager:22 | [ImageManager] Đã khởi tạo các thư mục bộ nhớ đệm ảnh.
2026-05-17 15:29:06 | INFO     | MemoryManager:19 | [VectorDB] Đang khởi tạo Embedding Model từ: bkai-foundation-models/vietnamese-bi-encoder...
2026-05-17 15:29:14 | INFO     | MemoryManager:96 | [VectorDB] Khôi phục thành công 1 ký ức từ ổ cứng.
2026-05-17 15:29:14 | DEBUG    | MemoryProcessor:16 | [MemoryProcessor] Đã khởi tạo hệ thống xử lý Ký ức.
2026-05-17 15:29:20 | DEBUG    | StoryDirector:29 | [StoryDirector] Đã khởi tạo các Cloud Agents (Llama-3 & Qwen).
2026-05-17 15:29:20 | INFO     | Orchestration:46 | Hệ thống đã sẵn sàng!
2026-05-17 15:29:20 | INFO     | Orchestration:119 | Bắt đầu khởi tạo phiên chơi mới - Dọn dẹp dữ liệu...
2026-05-17 15:29:20 | INFO     | DatabaseManager:155 | [Database] Đã mở kết nối bất đồng bộ tới ./data/World.db
2026-05-17 15:29:20 | INFO     | DatabaseManager:188 | [Database] Đã dọn dẹp sạch sẽ toàn bộ dữ liệu SQLite!
2026-05-17 15:29:20 | INFO     | DatabaseManager:173 | [Database] Khởi tạo các bảng SQL thành công!
2026-05-17 15:29:20 | INFO     | ImageManager:112 | [ImageManager] Bắt đầu dọn dẹp thư mục ảnh cũ cho Game mới...
2026-05-17 15:29:20 | INFO     | ImageManager:123 | [ImageManager] Dọn dẹp thư mục ảnh hoàn tất.
2026-05-17 15:29:30 | INFO     | Orchestration:128 | Người chơi chọn ý tưởng: 'rắn'
2026-05-17 15:29:30 | INFO     | StoryDirector:86 | [StoryDirector] Đang tạo World Bible từ ý tưởng người chơi...
2026-05-17 15:29:32 | DEBUG    | StoryDirector:92 | [StoryDirector] Đã lưu World Bible xuống file: ./data/world_bible.json
2026-05-17 15:29:32 | DEBUG    | Orchestration:143 | World State Loaded: Serpent's Dominion | ['Dark Fantasy', 'Ancient Ruins', 'Toxic Jungles']
2026-05-17 15:29:32 | INFO     | Orchestration:147 | Khởi tạo Location đầu tiên...
2026-05-17 15:29:32 | INFO     | StoryDirector:100 | [StoryDirector] Đang khởi tạo địa điểm xuất phát cho thế giới 'Serpent's Dominion'...
2026-05-17 15:29:34 | DEBUG    | DatabaseManager:48 | [Locations] Đã lưu thành công 'Thung Lũng Rắn Cổ Xưa'.
2026-05-17 15:29:34 | INFO     | ImageManager:45 | [ImageManager] Đang vẽ bối cảnh mới: 'Thung Lũng Rắn Cổ Xưa'...
2026-05-17 15:29:34 | WARNING  | ImageManager:59 | [ImageManager] Tạo ảnh bối cảnh 'Thung Lũng Rắn Cổ Xưa' thất bại.
2026-05-17 15:29:34 | INFO     | StoryDirector:125 | [StoryDirector] Bắt đầu sinh phân đoạn truyện mở đầu tại 'Thung Lũng Rắn Cổ Xưa'...
2026-05-17 15:29:36 | INFO     | Orchestration:175 | Lưu ký ức Prologue (Turn 0)...
2026-05-17 15:29:36 | DEBUG    | MemoryManager:193 | [ShortTermMemory] Đã cập nhật Context Window hiện tại (Size: 1).
2026-05-17 15:29:36 | DEBUG    | DatabaseManager:196 | [Database] Đã ghi một ký ức mới vào Turn 0.
2026-05-17 15:29:36 | DEBUG    | MemoryProcessor:164 | [MemoryProcessor] Đã lưu 1 ký ức nguyên tử vào CSDL và VectorDB.
2026-05-17 15:29:36 | INFO     | StoryDirector:69 | [StoryDirector] Đang tính toán các lựa chọn tiếp theo...
2026-05-17 15:29:37 | DEBUG    | StoryDirector:80 | [StoryDirector] Đã tạo thành công 4 lựa chọn khả thi.
2026-05-17 15:29:37 | INFO     | Orchestration:194 | === BẮT ĐẦU VÒNG LẶP GAME CHÍNH (GAME LOOP) ===
2026-05-17 15:30:14 | INFO     | Orchestration:54 | [Turn Start] Player Input: 'Tôi tìm đường vòng qua phía đông, nơi vách đá che khuất tầm nhìn'
2026-05-17 15:30:36 | DEBUG    | ActionProcessor:32 | [ActionManager] Đã tải thành công file action_directives.yaml!
2026-05-17 15:30:36 | INFO     | ActionProcessor:91 | [ActionManager] 🎲 Sự kiện NPC xuất hiện (Xí ngầu: 4/15)
2026-05-17 15:30:37 | DEBUG    | MemoryProcessor:100 | [MemoryProcessor] Truy vấn RAG đã mở rộng: 'đường vòng phía đông vách đá che tầm nhìn'
2026-05-17 15:30:37 | DEBUG    | MemoryManager:164 | [VectorDB Search] 'đường vòng phía đông vách đá che tầm nhìn' -> Trả về 1 kết quả.
2026-05-17 15:30:37 | DEBUG    | MemoryManager:85 | [RAG Context] Location IDs: [1]
2026-05-17 15:30:37 | DEBUG    | MemoryProcessor:131 | [Profile] RAG (với Rerank) hoàn tất trong: 0.903s
2026-05-17 15:30:37 | DEBUG    | StoryDirector:45 | [StoryDirector] Bắt đầu sinh luồng truyện (Streaming) cho hành động: 'Tôi tìm đường vòng qua phía đông, nơi vách đá che ...'
2026-05-17 15:30:37 | DEBUG    | Orchestration:73 | [Profile] Time to First Token (TTFT): 0.342s
2026-05-17 15:33:26 | DEBUG    | StateProcessor:230 | [Profile] Background Tasks (State Extraction): 167.791s
2026-05-17 15:33:28 | INFO     | StateProcessor:77 | >> [Hệ Thống] Phát hiện khu vực mới: Vách đá. Đang tải ảnh nền...
2026-05-17 15:33:28 | INFO     | ImageManager:45 | [ImageManager] Đang vẽ bối cảnh mới: 'Vách đá'...
2026-05-17 15:33:28 | WARNING  | ImageManager:59 | [ImageManager] Tạo ảnh bối cảnh 'Vách đá' thất bại.
2026-05-17 15:33:28 | DEBUG    | DatabaseManager:48 | [Locations] Đã lưu thành công 'Vách đá'.
2026-05-17 15:33:28 | DEBUG    | MemoryManager:193 | [ShortTermMemory] Đã cập nhật Context Window hiện tại (Size: 2).
2026-05-17 15:33:28 | DEBUG    | DatabaseManager:196 | [Database] Đã ghi một ký ức mới vào Turn 1.
2026-05-17 15:33:28 | DEBUG    | DatabaseManager:196 | [Database] Đã ghi một ký ức mới vào Turn 1.
2026-05-17 15:33:28 | DEBUG    | DatabaseManager:196 | [Database] Đã ghi một ký ức mới vào Turn 1.
2026-05-17 15:33:29 | DEBUG    | DatabaseManager:196 | [Database] Đã ghi một ký ức mới vào Turn 1.
2026-05-17 15:33:29 | DEBUG    | DatabaseManager:196 | [Database] Đã ghi một ký ức mới vào Turn 1.
2026-05-17 15:33:29 | DEBUG    | MemoryProcessor:164 | [MemoryProcessor] Đã lưu 5 ký ức nguyên tử vào CSDL và VectorDB.
2026-05-17 15:33:29 | INFO     | StoryDirector:69 | [StoryDirector] Đang tính toán các lựa chọn tiếp theo...
2026-05-17 15:33:32 | DEBUG    | StoryDirector:80 | [StoryDirector] Đã tạo thành công 4 lựa chọn khả thi.
2026-05-17 15:33:32 | DEBUG    | Orchestration:100 | [Profile] Tổng thời gian Turn: 175.773s
2026-05-17 15:34:49 | INFO     | Orchestration:200 | Người chơi thoát game an toàn. Đang đóng CSDL...
2026-05-18 08:39:01 | INFO     | Orchestration:18 | Đang khởi tạo hệ thống Eldoria Game Engine...
2026-05-18 08:39:01 | DEBUG    | ImageManager:22 | [ImageManager] Đã khởi tạo các thư mục bộ nhớ đệm ảnh.
2026-05-18 08:39:01 | INFO     | MemoryManager:19 | [VectorDB] Đang khởi tạo Embedding Model từ: bkai-foundation-models/vietnamese-bi-encoder...
2026-05-18 08:40:32 | INFO     | MemoryManager:96 | [VectorDB] Khôi phục thành công 1 ký ức từ ổ cứng.
2026-05-18 08:40:32 | DEBUG    | MemoryProcessor:16 | [MemoryProcessor] Đã khởi tạo hệ thống xử lý Ký ức.
2026-05-18 08:40:34 | DEBUG    | StoryDirector:29 | [StoryDirector] Đã khởi tạo các Cloud Agents (Llama-3 & Qwen).
2026-05-18 08:40:34 | INFO     | Orchestration:46 | Hệ thống đã sẵn sàng!
2026-05-18 08:40:34 | INFO     | Orchestration:119 | Bắt đầu khởi tạo phiên chơi mới - Dọn dẹp dữ liệu...
2026-05-18 08:40:34 | INFO     | DatabaseManager:155 | [Database] Đã mở kết nối bất đồng bộ tới ./data/World.db
2026-05-18 08:40:34 | INFO     | DatabaseManager:188 | [Database] Đã dọn dẹp sạch sẽ toàn bộ dữ liệu SQLite!
2026-05-18 08:40:34 | INFO     | DatabaseManager:173 | [Database] Khởi tạo các bảng SQL thành công!
2026-05-18 08:40:34 | INFO     | ImageManager:112 | [ImageManager] Bắt đầu dọn dẹp thư mục ảnh cũ cho Game mới...
2026-05-18 08:40:34 | INFO     | ImageManager:123 | [ImageManager] Dọn dẹp thư mục ảnh hoàn tất.
2026-05-18 08:51:41 | INFO     | Orchestration:128 | Người chơi chọn ý tưởng: 'thế giới tiền sử'
2026-05-18 08:51:41 | INFO     | StoryDirector:86 | [StoryDirector] Đang tạo World Bible từ ý tưởng người chơi...
2026-05-18 08:51:43 | DEBUG    | StoryDirector:92 | [StoryDirector] Đã lưu World Bible xuống file: ./data/world_bible.json
2026-05-18 08:51:43 | DEBUG    | Orchestration:143 | World State Loaded: Era of Forgotten Giants | ['Prehistoric', 'Fantasy', 'Survival']
2026-05-18 08:51:43 | INFO     | Orchestration:147 | Khởi tạo Location đầu tiên...
2026-05-18 08:51:43 | INFO     | StoryDirector:100 | [StoryDirector] Đang khởi tạo địa điểm xuất phát cho thế giới 'Era of Forgotten Giants'...
2026-05-18 08:51:45 | DEBUG    | DatabaseManager:48 | [Locations] Đã lưu thành công 'Thung lũng Xác Khủng'.
2026-05-18 08:51:45 | INFO     | ImageManager:45 | [ImageManager] Đang vẽ bối cảnh mới: 'Thung lũng Xác Khủng'...
2026-05-18 08:51:45 | WARNING  | ImageManager:59 | [ImageManager] Tạo ảnh bối cảnh 'Thung lũng Xác Khủng' thất bại.
2026-05-18 08:51:45 | INFO     | StoryDirector:125 | [StoryDirector] Bắt đầu sinh phân đoạn truyện mở đầu tại 'Thung lũng Xác Khủng'...
2026-05-18 08:51:47 | INFO     | Orchestration:175 | Lưu ký ức Prologue (Turn 0)...
2026-05-18 08:51:47 | DEBUG    | MemoryManager:193 | [ShortTermMemory] Đã cập nhật Context Window hiện tại (Size: 1).
2026-05-18 08:51:47 | DEBUG    | DatabaseManager:196 | [Database] Đã ghi một ký ức mới vào Turn 0.
2026-05-18 08:51:48 | DEBUG    | MemoryProcessor:164 | [MemoryProcessor] Đã lưu 1 ký ức nguyên tử vào CSDL và VectorDB.
2026-05-18 08:51:48 | INFO     | StoryDirector:69 | [StoryDirector] Đang tính toán các lựa chọn tiếp theo...
2026-05-18 08:51:51 | DEBUG    | StoryDirector:80 | [StoryDirector] Đã tạo thành công 3 lựa chọn khả thi.
2026-05-18 08:51:51 | INFO     | Orchestration:194 | === BẮT ĐẦU VÒNG LẶP GAME CHÍNH (GAME LOOP) ===
2026-05-18 08:52:08 | INFO     | Orchestration:54 | [Turn Start] Player Input: 'Tôi chạy vào hang động, dùng sấm sét làm hàng rào để che chắn.'
2026-05-18 08:52:15 | DEBUG    | ActionProcessor:32 | [ActionManager] Đã tải thành công file action_directives.yaml!
2026-05-18 08:52:16 | DEBUG    | MemoryProcessor:100 | [MemoryProcessor] Truy vấn RAG đã mở rộng: 'chạy vào hang động dùng sấm sét làm hàng rào che chắn'
2026-05-18 08:52:16 | DEBUG    | MemoryManager:164 | [VectorDB Search] 'chạy vào hang động dùng sấm sét làm hàng rào che chắn' -> Trả về 1 kết quả.
2026-05-18 08:52:16 | DEBUG    | MemoryManager:85 | [RAG Context] Location IDs: [1]
2026-05-18 08:52:16 | DEBUG    | MemoryProcessor:131 | [Profile] RAG (với Rerank) hoàn tất trong: 0.958s
2026-05-18 08:52:16 | DEBUG    | StoryDirector:45 | [StoryDirector] Bắt đầu sinh luồng truyện (Streaming) cho hành động: 'Tôi chạy vào hang động, dùng sấm sét làm hàng rào ...'
2026-05-18 08:52:16 | DEBUG    | Orchestration:73 | [Profile] Time to First Token (TTFT): 0.577s
2026-05-18 08:52:30 | DEBUG    | StateProcessor:230 | [Profile] Background Tasks (State Extraction): 12.645s
2026-05-18 08:52:32 | INFO     | StateProcessor:77 | >> [Hệ Thống] Phát hiện khu vực mới: Hang động. Đang tải ảnh nền...
2026-05-18 08:52:32 | INFO     | ImageManager:45 | [ImageManager] Đang vẽ bối cảnh mới: 'Hang động'...
2026-05-18 08:52:32 | WARNING  | ImageManager:59 | [ImageManager] Tạo ảnh bối cảnh 'Hang động' thất bại.
2026-05-18 08:52:32 | DEBUG    | DatabaseManager:48 | [Locations] Đã lưu thành công 'Hang động'.
2026-05-18 08:52:32 | DEBUG    | MemoryManager:193 | [ShortTermMemory] Đã cập nhật Context Window hiện tại (Size: 2).
2026-05-18 08:52:32 | DEBUG    | DatabaseManager:196 | [Database] Đã ghi một ký ức mới vào Turn 1.
2026-05-18 08:52:32 | DEBUG    | DatabaseManager:196 | [Database] Đã ghi một ký ức mới vào Turn 1.
2026-05-18 08:52:32 | DEBUG    | DatabaseManager:196 | [Database] Đã ghi một ký ức mới vào Turn 1.
2026-05-18 08:52:32 | DEBUG    | DatabaseManager:196 | [Database] Đã ghi một ký ức mới vào Turn 1.
2026-05-18 08:52:32 | DEBUG    | DatabaseManager:196 | [Database] Đã ghi một ký ức mới vào Turn 1.
2026-05-18 08:52:32 | DEBUG    | MemoryProcessor:164 | [MemoryProcessor] Đã lưu 5 ký ức nguyên tử vào CSDL và VectorDB.
2026-05-18 08:52:32 | INFO     | StoryDirector:69 | [StoryDirector] Đang tính toán các lựa chọn tiếp theo...
2026-05-18 08:52:35 | DEBUG    | StoryDirector:80 | [StoryDirector] Đã tạo thành công 3 lựa chọn khả thi.
2026-05-18 08:52:35 | DEBUG    | Orchestration:100 | [Profile] Tổng thời gian Turn: 20.609s
2026-05-18 08:52:51 | INFO     | Orchestration:54 | [Turn Start] Player Input: 'Tôi tiến sâu vào hang động để tìm nơi an toàn hơn.'
2026-05-18 08:52:53 | DEBUG    | ActionProcessor:32 | [ActionManager] Đã tải thành công file action_directives.yaml!
2026-05-18 08:52:54 | DEBUG    | MemoryProcessor:100 | [MemoryProcessor] Truy vấn RAG đã mở rộng: 'khám phá hang động tìm nơi an toàn'
2026-05-18 08:52:54 | DEBUG    | MemoryManager:164 | [VectorDB Search] 'khám phá hang động tìm nơi an toàn' -> Trả về 6 kết quả.
2026-05-18 08:52:54 | DEBUG    | MemoryManager:85 | [RAG Context] Location IDs: [2]
2026-05-18 08:52:54 | DEBUG    | MemoryProcessor:131 | [Profile] RAG (với Rerank) hoàn tất trong: 0.800s
2026-05-18 08:52:54 | DEBUG    | StoryDirector:45 | [StoryDirector] Bắt đầu sinh luồng truyện (Streaming) cho hành động: 'Tôi tiến sâu vào hang động để tìm nơi an toàn hơn....'
2026-05-18 08:52:55 | DEBUG    | Orchestration:73 | [Profile] Time to First Token (TTFT): 0.673s
2026-05-18 08:53:14 | DEBUG    | StateProcessor:230 | [Profile] Background Tasks (State Extraction): 18.350s
2026-05-18 08:53:14 | DEBUG    | MemoryManager:193 | [ShortTermMemory] Đã cập nhật Context Window hiện tại (Size: 3).
2026-05-18 08:53:14 | DEBUG    | DatabaseManager:196 | [Database] Đã ghi một ký ức mới vào Turn 2.
2026-05-18 08:53:14 | DEBUG    | DatabaseManager:196 | [Database] Đã ghi một ký ức mới vào Turn 2.
2026-05-18 08:53:14 | DEBUG    | DatabaseManager:196 | [Database] Đã ghi một ký ức mới vào Turn 2.
2026-05-18 08:53:14 | DEBUG    | DatabaseManager:196 | [Database] Đã ghi một ký ức mới vào Turn 2.
2026-05-18 08:53:14 | DEBUG    | DatabaseManager:196 | [Database] Đã ghi một ký ức mới vào Turn 2.
2026-05-18 08:53:15 | DEBUG    | DatabaseManager:196 | [Database] Đã ghi một ký ức mới vào Turn 2.
2026-05-18 08:53:15 | DEBUG    | DatabaseManager:196 | [Database] Đã ghi một ký ức mới vào Turn 2.
2026-05-18 08:53:15 | DEBUG    | DatabaseManager:196 | [Database] Đã ghi một ký ức mới vào Turn 2.
2026-05-18 08:53:15 | DEBUG    | MemoryProcessor:164 | [MemoryProcessor] Đã lưu 8 ký ức nguyên tử vào CSDL và VectorDB.
2026-05-18 08:53:15 | INFO     | StoryDirector:69 | [StoryDirector] Đang tính toán các lựa chọn tiếp theo...
2026-05-18 08:53:18 | DEBUG    | StoryDirector:80 | [StoryDirector] Đã tạo thành công 3 lựa chọn khả thi.
2026-05-18 08:53:18 | DEBUG    | Orchestration:100 | [Profile] Tổng thời gian Turn: 24.320s
2026-05-18 08:58:41 | INFO     | Orchestration:200 | Người chơi thoát game an toàn. Đang đóng CSDL...
2026-05-18 17:23:27 | INFO     | Orchestration:19 | Đang khởi tạo hệ thống Eldoria Game Engine...
2026-05-18 17:23:27 | DEBUG    | ImageManager:22 | [ImageManager] Đã khởi tạo các thư mục bộ nhớ đệm ảnh.
2026-05-18 17:23:27 | INFO     | MemoryManager:19 | [VectorDB] Đang khởi tạo Embedding Model từ: bkai-foundation-models/vietnamese-bi-encoder...
2026-05-18 17:23:36 | INFO     | MemoryManager:96 | [VectorDB] Khôi phục thành công 14 ký ức từ ổ cứng.
2026-05-18 17:23:36 | DEBUG    | MemoryProcessor:16 | [MemoryProcessor] Đã khởi tạo hệ thống xử lý Ký ức.
2026-05-18 17:23:38 | DEBUG    | StoryDirector:29 | [StoryDirector] Đã khởi tạo các Cloud Agents (Llama-3 & Qwen).
2026-05-18 17:23:38 | INFO     | Orchestration:48 | Hệ thống đã sẵn sàng!
2026-05-18 17:23:38 | INFO     | Orchestration:129 | Bắt đầu khởi tạo phiên chơi mới - Dọn dẹp dữ liệu...
2026-05-18 17:23:38 | INFO     | DatabaseManager:155 | [Database] Đã mở kết nối bất đồng bộ tới ./data/World.db
2026-05-18 17:23:38 | INFO     | DatabaseManager:188 | [Database] Đã dọn dẹp sạch sẽ toàn bộ dữ liệu SQLite!
2026-05-18 17:23:38 | INFO     | DatabaseManager:173 | [Database] Khởi tạo các bảng SQL thành công!
2026-05-18 17:23:38 | INFO     | ImageManager:112 | [ImageManager] Bắt đầu dọn dẹp thư mục ảnh cũ cho Game mới...
2026-05-18 17:23:38 | INFO     | ImageManager:123 | [ImageManager] Dọn dẹp thư mục ảnh hoàn tất.
2026-05-18 17:24:01 | INFO     | Orchestration:138 | Người chơi chọn ý tưởng: '1'
2026-05-18 17:24:01 | INFO     | StoryDirector:86 | [StoryDirector] Đang tạo World Bible từ ý tưởng người chơi...
2026-05-18 17:24:03 | DEBUG    | StoryDirector:92 | [StoryDirector] Đã lưu World Bible xuống file: ./data/world_bible.json
2026-05-18 17:24:03 | DEBUG    | Orchestration:153 | World State Loaded: The Singular Realm | ['Single-Entity World']
2026-05-18 17:24:03 | INFO     | Orchestration:157 | Khởi tạo Location đầu tiên...
2026-05-18 17:24:03 | INFO     | StoryDirector:100 | [StoryDirector] Đang khởi tạo địa điểm xuất phát cho thế giới 'The Singular Realm'...
2026-05-18 17:24:04 | DEBUG    | DatabaseManager:48 | [Locations] Đã lưu thành công 'Vùng Đất Độc Hành'.
2026-05-18 17:24:04 | INFO     | ImageManager:45 | [ImageManager] Đang vẽ bối cảnh mới: 'Vùng Đất Độc Hành'...
2026-05-18 17:24:04 | WARNING  | ImageManager:59 | [ImageManager] Tạo ảnh bối cảnh 'Vùng Đất Độc Hành' thất bại.
2026-05-18 17:24:05 | INFO     | AudioManager:52 | [Audio] Đang phát nhạc: cô lập, huyền bí (binh_thuong.mp3)
2026-05-18 17:24:05 | INFO     | StoryDirector:125 | [StoryDirector] Bắt đầu sinh phân đoạn truyện mở đầu tại 'Vùng Đất Độc Hành'...
2026-05-18 17:24:07 | INFO     | Orchestration:186 | Lưu ký ức Prologue (Turn 0)...
2026-05-18 17:24:07 | DEBUG    | MemoryManager:193 | [ShortTermMemory] Đã cập nhật Context Window hiện tại (Size: 1).
2026-05-18 17:24:07 | DEBUG    | DatabaseManager:196 | [Database] Đã ghi một ký ức mới vào Turn 0.
2026-05-18 17:24:08 | DEBUG    | MemoryProcessor:164 | [MemoryProcessor] Đã lưu 1 ký ức nguyên tử vào CSDL và VectorDB.
2026-05-18 17:24:08 | INFO     | StoryDirector:69 | [StoryDirector] Đang tính toán các lựa chọn tiếp theo...
2026-05-18 17:24:10 | DEBUG    | StoryDirector:80 | [StoryDirector] Đã tạo thành công 4 lựa chọn khả thi.
2026-05-18 17:24:10 | INFO     | Orchestration:205 | === BẮT ĐẦU VÒNG LẶP GAME CHÍNH (GAME LOOP) ===
2026-05-18 17:25:13 | INFO     | Orchestration:211 | Người chơi thoát game an toàn. Đang đóng CSDL...
2026-05-18 17:32:47 | INFO     | Orchestration:19 | Đang khởi tạo hệ thống Eldoria Game Engine...
2026-05-18 17:32:47 | DEBUG    | ImageManager:22 | [ImageManager] Đã khởi tạo các thư mục bộ nhớ đệm ảnh.
2026-05-18 17:32:47 | INFO     | MemoryManager:19 | [VectorDB] Đang khởi tạo Embedding Model từ: bkai-foundation-models/vietnamese-bi-encoder...
2026-05-18 17:32:55 | INFO     | MemoryManager:96 | [VectorDB] Khôi phục thành công 14 ký ức từ ổ cứng.
2026-05-18 17:32:56 | DEBUG    | MemoryProcessor:16 | [MemoryProcessor] Đã khởi tạo hệ thống xử lý Ký ức.
2026-05-18 17:32:57 | DEBUG    | StoryDirector:29 | [StoryDirector] Đã khởi tạo các Cloud Agents (Llama-3 & Qwen).
2026-05-18 17:32:57 | INFO     | Orchestration:48 | Hệ thống đã sẵn sàng!
2026-05-18 17:32:57 | INFO     | Orchestration:129 | Bắt đầu khởi tạo phiên chơi mới - Dọn dẹp dữ liệu...
2026-05-18 17:32:57 | INFO     | DatabaseManager:155 | [Database] Đã mở kết nối bất đồng bộ tới ./data/World.db
2026-05-18 17:32:57 | INFO     | DatabaseManager:188 | [Database] Đã dọn dẹp sạch sẽ toàn bộ dữ liệu SQLite!
2026-05-18 17:32:57 | INFO     | DatabaseManager:173 | [Database] Khởi tạo các bảng SQL thành công!
2026-05-18 17:32:57 | INFO     | ImageManager:112 | [ImageManager] Bắt đầu dọn dẹp thư mục ảnh cũ cho Game mới...
2026-05-18 17:32:57 | INFO     | ImageManager:123 | [ImageManager] Dọn dẹp thư mục ảnh hoàn tất.
2026-05-18 17:33:04 | INFO     | Orchestration:138 | Người chơi chọn ý tưởng: 'thế giới rừng xanh'
2026-05-18 17:33:04 | INFO     | StoryDirector:86 | [StoryDirector] Đang tạo World Bible từ ý tưởng người chơi...
2026-05-18 17:33:06 | DEBUG    | StoryDirector:92 | [StoryDirector] Đã lưu World Bible xuống file: ./data/world_bible.json
2026-05-18 17:33:06 | DEBUG    | Orchestration:153 | World State Loaded: Green Forest World | ['Fantasy', 'Open World', 'Adventure']
2026-05-18 17:33:06 | INFO     | Orchestration:157 | Khởi tạo Location đầu tiên...
2026-05-18 17:33:06 | INFO     | StoryDirector:100 | [StoryDirector] Đang khởi tạo địa điểm xuất phát cho thế giới 'Green Forest World'...
2026-05-18 17:33:07 | DEBUG    | DatabaseManager:48 | [Locations] Đã lưu thành công 'Vương Quốc Rừng Xanh Bí Ẩn'.
2026-05-18 17:33:07 | INFO     | ImageManager:45 | [ImageManager] Đang vẽ bối cảnh mới: 'Vương Quốc Rừng Xanh Bí Ẩn'...
2026-05-18 17:33:07 | WARNING  | ImageManager:59 | [ImageManager] Tạo ảnh bối cảnh 'Vương Quốc Rừng Xanh Bí Ẩn' thất bại.
2026-05-18 17:33:08 | INFO     | AudioManager:57 | [Audio] Đang phát nhạc: bí ẩn, huyền ảo (binh_thuong.mp3)
2026-05-18 17:33:08 | INFO     | StoryDirector:125 | [StoryDirector] Bắt đầu sinh phân đoạn truyện mở đầu tại 'Vương Quốc Rừng Xanh Bí Ẩn'...
2026-05-18 17:33:10 | INFO     | Orchestration:186 | Lưu ký ức Prologue (Turn 0)...
2026-05-18 17:33:10 | DEBUG    | MemoryManager:193 | [ShortTermMemory] Đã cập nhật Context Window hiện tại (Size: 1).
2026-05-18 17:33:10 | DEBUG    | DatabaseManager:196 | [Database] Đã ghi một ký ức mới vào Turn 0.
2026-05-18 17:33:10 | DEBUG    | MemoryProcessor:164 | [MemoryProcessor] Đã lưu 1 ký ức nguyên tử vào CSDL và VectorDB.
2026-05-18 17:33:10 | INFO     | StoryDirector:69 | [StoryDirector] Đang tính toán các lựa chọn tiếp theo...
2026-05-18 17:33:13 | DEBUG    | StoryDirector:80 | [StoryDirector] Đã tạo thành công 4 lựa chọn khả thi.
2026-05-18 17:33:13 | INFO     | Orchestration:205 | === BẮT ĐẦU VÒNG LẶP GAME CHÍNH (GAME LOOP) ===
2026-05-18 17:33:30 | INFO     | Orchestration:211 | Người chơi thoát game an toàn. Đang đóng CSDL...
2026-05-18 17:33:41 | INFO     | Orchestration:19 | Đang khởi tạo hệ thống Eldoria Game Engine...
2026-05-18 17:33:41 | DEBUG    | ImageManager:22 | [ImageManager] Đã khởi tạo các thư mục bộ nhớ đệm ảnh.
2026-05-18 17:33:41 | INFO     | MemoryManager:19 | [VectorDB] Đang khởi tạo Embedding Model từ: bkai-foundation-models/vietnamese-bi-encoder...
2026-05-18 17:33:49 | INFO     | MemoryManager:96 | [VectorDB] Khôi phục thành công 14 ký ức từ ổ cứng.
2026-05-18 17:33:50 | DEBUG    | MemoryProcessor:16 | [MemoryProcessor] Đã khởi tạo hệ thống xử lý Ký ức.
2026-05-18 17:33:51 | DEBUG    | StoryDirector:29 | [StoryDirector] Đã khởi tạo các Cloud Agents (Llama-3 & Qwen).
2026-05-18 17:33:51 | INFO     | Orchestration:48 | Hệ thống đã sẵn sàng!
2026-05-18 17:33:51 | INFO     | Orchestration:129 | Bắt đầu khởi tạo phiên chơi mới - Dọn dẹp dữ liệu...
2026-05-18 17:33:51 | INFO     | DatabaseManager:155 | [Database] Đã mở kết nối bất đồng bộ tới ./data/World.db
2026-05-18 17:33:51 | INFO     | DatabaseManager:188 | [Database] Đã dọn dẹp sạch sẽ toàn bộ dữ liệu SQLite!
2026-05-18 17:33:51 | INFO     | DatabaseManager:173 | [Database] Khởi tạo các bảng SQL thành công!
2026-05-18 17:33:51 | INFO     | ImageManager:112 | [ImageManager] Bắt đầu dọn dẹp thư mục ảnh cũ cho Game mới...
2026-05-18 17:33:51 | INFO     | ImageManager:123 | [ImageManager] Dọn dẹp thư mục ảnh hoàn tất.
2026-05-18 17:33:58 | INFO     | Orchestration:138 | Người chơi chọn ý tưởng: 'thế giới rồng'
2026-05-18 17:33:58 | INFO     | StoryDirector:86 | [StoryDirector] Đang tạo World Bible từ ý tưởng người chơi...
2026-05-18 17:34:02 | DEBUG    | StoryDirector:92 | [StoryDirector] Đã lưu World Bible xuống file: ./data/world_bible.json
2026-05-18 17:34:02 | DEBUG    | Orchestration:153 | World State Loaded: Dragon World | ['Fantasy', 'Epic', 'Adventure']
2026-05-18 17:34:02 | INFO     | Orchestration:157 | Khởi tạo Location đầu tiên...
2026-05-18 17:34:02 | INFO     | StoryDirector:100 | [StoryDirector] Đang khởi tạo địa điểm xuất phát cho thế giới 'Dragon World'...
2026-05-18 17:34:03 | DEBUG    | DatabaseManager:48 | [Locations] Đã lưu thành công 'Thung Lũng Rừng Rượu Cổ'.
2026-05-18 17:34:03 | INFO     | ImageManager:45 | [ImageManager] Đang vẽ bối cảnh mới: 'Thung Lũng Rừng Rượu Cổ'...
2026-05-18 17:34:03 | WARNING  | ImageManager:59 | [ImageManager] Tạo ảnh bối cảnh 'Thung Lũng Rừng Rượu Cổ' thất bại.
2026-05-18 17:34:04 | INFO     | AudioManager:57 | [Audio] Đang phát nhạc: từ bi, bí ẩn (binh_thuong.mp3)
2026-05-18 17:34:04 | INFO     | StoryDirector:125 | [StoryDirector] Bắt đầu sinh phân đoạn truyện mở đầu tại 'Thung Lũng Rừng Rượu Cổ'...
2026-05-18 17:34:06 | INFO     | Orchestration:186 | Lưu ký ức Prologue (Turn 0)...
2026-05-18 17:34:06 | DEBUG    | MemoryManager:193 | [ShortTermMemory] Đã cập nhật Context Window hiện tại (Size: 1).
2026-05-18 17:34:06 | DEBUG    | DatabaseManager:196 | [Database] Đã ghi một ký ức mới vào Turn 0.
2026-05-18 17:34:06 | DEBUG    | MemoryProcessor:164 | [MemoryProcessor] Đã lưu 1 ký ức nguyên tử vào CSDL và VectorDB.
2026-05-18 17:34:06 | INFO     | StoryDirector:69 | [StoryDirector] Đang tính toán các lựa chọn tiếp theo...
2026-05-18 17:34:09 | DEBUG    | StoryDirector:80 | [StoryDirector] Đã tạo thành công 4 lựa chọn khả thi.
2026-05-18 17:34:09 | INFO     | Orchestration:205 | === BẮT ĐẦU VÒNG LẶP GAME CHÍNH (GAME LOOP) ===
2026-05-18 17:34:26 | INFO     | Orchestration:56 | [Turn Start] Player Input: 'Tôi nhanh chóng tìm lối thoát trước khi đền sụp đổ hoàn toàn.'
2026-05-18 17:34:36 | DEBUG    | ActionProcessor:32 | [ActionManager] Đã tải thành công file action_directives.yaml!
2026-05-18 17:34:37 | DEBUG    | MemoryProcessor:100 | [MemoryProcessor] Truy vấn RAG đã mở rộng: 'tìm lối thoát đền thung lũng rừng rượu cổ'
2026-05-18 17:34:37 | DEBUG    | MemoryManager:164 | [VectorDB Search] 'tìm lối thoát đền thung lũng rừng rượu cổ' -> Trả về 10 kết quả.
2026-05-18 17:34:37 | DEBUG    | MemoryManager:85 | [RAG Context] Location IDs: [1]
2026-05-18 17:34:37 | DEBUG    | MemoryProcessor:131 | [Profile] RAG (với Rerank) hoàn tất trong: 0.860s
2026-05-18 17:34:37 | DEBUG    | StoryDirector:45 | [StoryDirector] Bắt đầu sinh luồng truyện (Streaming) cho hành động: 'Tôi nhanh chóng tìm lối thoát trước khi đền sụp đổ...'
2026-05-18 17:34:38 | DEBUG    | Orchestration:75 | [Profile] Time to First Token (TTFT): 0.664s
2026-05-18 17:34:54 | DEBUG    | StateProcessor:231 | [Profile] Background Tasks (State Extraction): 15.474s
2026-05-18 17:34:54 | INFO     | StateProcessor:161 | [Hệ Thống] ---> THAY ĐỔI TÚI ĐỒ <---
2026-05-18 17:34:54 | INFO     | StateProcessor:190 |  [Balo hiện tại]: Trống rỗng
2026-05-18 17:34:53 | INFO     | AudioManager:57 | [Audio] Đang phát nhạc: căng thẳng (hoi_hop.mp3)
2026-05-18 17:34:54 | INFO     | AudioManager:57 | [Audio] Đang phát nhạc: từ bi, bí ẩn (binh_thuong.mp3)
2026-05-18 17:34:54 | DEBUG    | MemoryManager:193 | [ShortTermMemory] Đã cập nhật Context Window hiện tại (Size: 2).
2026-05-18 17:34:54 | DEBUG    | DatabaseManager:196 | [Database] Đã ghi một ký ức mới vào Turn 1.
2026-05-18 17:34:54 | DEBUG    | DatabaseManager:196 | [Database] Đã ghi một ký ức mới vào Turn 1.
2026-05-18 17:34:54 | DEBUG    | DatabaseManager:196 | [Database] Đã ghi một ký ức mới vào Turn 1.
2026-05-18 17:34:54 | DEBUG    | DatabaseManager:196 | [Database] Đã ghi một ký ức mới vào Turn 1.
2026-05-18 17:34:54 | DEBUG    | DatabaseManager:196 | [Database] Đã ghi một ký ức mới vào Turn 1.
2026-05-18 17:34:54 | DEBUG    | MemoryProcessor:164 | [MemoryProcessor] Đã lưu 5 ký ức nguyên tử vào CSDL và VectorDB.
2026-05-18 17:34:54 | INFO     | StoryDirector:69 | [StoryDirector] Đang tính toán các lựa chọn tiếp theo...
2026-05-18 17:35:01 | DEBUG    | StoryDirector:80 | [StoryDirector] Đã tạo thành công 3 lựa chọn khả thi.
2026-05-18 17:35:01 | DEBUG    | Orchestration:110 | [Profile] Tổng thời gian Turn: 26.030s
2026-05-18 17:40:37 | INFO     | Orchestration:19 | Đang khởi tạo hệ thống Eldoria Game Engine...
2026-05-18 17:40:37 | DEBUG    | ImageManager:22 | [ImageManager] Đã khởi tạo các thư mục bộ nhớ đệm ảnh.
2026-05-18 17:40:37 | INFO     | MemoryManager:19 | [VectorDB] Đang khởi tạo Embedding Model từ: bkai-foundation-models/vietnamese-bi-encoder...
2026-05-18 17:40:45 | INFO     | MemoryManager:96 | [VectorDB] Khôi phục thành công 14 ký ức từ ổ cứng.
2026-05-18 17:40:45 | DEBUG    | MemoryProcessor:16 | [MemoryProcessor] Đã khởi tạo hệ thống xử lý Ký ức.
2026-05-18 17:40:47 | DEBUG    | StoryDirector:29 | [StoryDirector] Đã khởi tạo các Cloud Agents (Llama-3 & Qwen).
2026-05-18 17:40:47 | INFO     | Orchestration:48 | Hệ thống đã sẵn sàng!
2026-05-18 17:40:47 | INFO     | Orchestration:126 | Bắt đầu khởi tạo phiên chơi mới - Dọn dẹp dữ liệu...
2026-05-18 17:40:47 | INFO     | DatabaseManager:155 | [Database] Đã mở kết nối bất đồng bộ tới ./data/World.db
2026-05-18 17:40:47 | INFO     | DatabaseManager:188 | [Database] Đã dọn dẹp sạch sẽ toàn bộ dữ liệu SQLite!
2026-05-18 17:40:47 | INFO     | DatabaseManager:173 | [Database] Khởi tạo các bảng SQL thành công!
2026-05-18 17:40:47 | INFO     | ImageManager:112 | [ImageManager] Bắt đầu dọn dẹp thư mục ảnh cũ cho Game mới...
2026-05-18 17:40:47 | INFO     | ImageManager:123 | [ImageManager] Dọn dẹp thư mục ảnh hoàn tất.
2026-05-18 17:41:06 | INFO     | Orchestration:135 | Người chơi chọn ý tưởng: 'thế giới công nghệ'
2026-05-18 17:41:06 | INFO     | StoryDirector:86 | [StoryDirector] Đang tạo World Bible từ ý tưởng người chơi...
2026-05-18 17:41:08 | DEBUG    | StoryDirector:92 | [StoryDirector] Đã lưu World Bible xuống file: ./data/world_bible.json
2026-05-18 17:41:08 | DEBUG    | Orchestration:150 | World State Loaded: Neon Nexus | ['Cyberpunk', 'Futuristic', 'High-Tech']
2026-05-18 17:41:08 | INFO     | Orchestration:154 | Khởi tạo Location đầu tiên...
2026-05-18 17:41:08 | INFO     | StoryDirector:100 | [StoryDirector] Đang khởi tạo địa điểm xuất phát cho thế giới 'Neon Nexus'...
2026-05-18 17:41:11 | DEBUG    | DatabaseManager:48 | [Locations] Đã lưu thành công 'Khu trung tâm Neon Nexus'.
2026-05-18 17:41:11 | INFO     | ImageManager:45 | [ImageManager] Đang vẽ bối cảnh mới: 'Khu trung tâm Neon Nexus'...
2026-05-18 17:41:11 | WARNING  | ImageManager:59 | [ImageManager] Tạo ảnh bối cảnh 'Khu trung tâm Neon Nexus' thất bại.
2026-05-18 17:41:12 | INFO     | AudioManager:57 | [Audio] Đang phát nhạc: công nghệ cao, cải tạo con người (binh_thuong.mp3)
2026-05-18 17:41:12 | INFO     | StoryDirector:125 | [StoryDirector] Bắt đầu sinh phân đoạn truyện mở đầu tại 'Khu trung tâm Neon Nexus'...
2026-05-18 17:41:14 | INFO     | Orchestration:183 | Lưu ký ức Prologue (Turn 0)...
2026-05-18 17:41:14 | DEBUG    | MemoryManager:193 | [ShortTermMemory] Đã cập nhật Context Window hiện tại (Size: 1).
2026-05-18 17:41:14 | DEBUG    | DatabaseManager:196 | [Database] Đã ghi một ký ức mới vào Turn 0.
2026-05-18 17:41:14 | DEBUG    | MemoryProcessor:164 | [MemoryProcessor] Đã lưu 1 ký ức nguyên tử vào CSDL và VectorDB.
2026-05-18 17:41:14 | INFO     | StoryDirector:69 | [StoryDirector] Đang tính toán các lựa chọn tiếp theo...
2026-05-18 17:41:16 | DEBUG    | StoryDirector:80 | [StoryDirector] Đã tạo thành công 3 lựa chọn khả thi.
2026-05-18 17:41:16 | INFO     | Orchestration:202 | === BẮT ĐẦU VÒNG LẶP GAME CHÍNH (GAME LOOP) ===
2026-05-18 17:41:24 | INFO     | Orchestration:56 | [Turn Start] Player Input: 'Tôi tiến vào tòa nhà hiện đại, vượt qua hệ thống laze.'
2026-05-18 17:41:31 | DEBUG    | ActionProcessor:32 | [ActionManager] Đã tải thành công file action_directives.yaml!
2026-05-18 17:41:31 | DEBUG    | MemoryProcessor:100 | [MemoryProcessor] Truy vấn RAG đã mở rộng: 'tiến vào tòa nhà hiện đại vượt qua hệ thống laser'
2026-05-18 17:41:31 | DEBUG    | MemoryManager:164 | [VectorDB Search] 'tiến vào tòa nhà hiện đại vượt qua hệ thống laser' -> Trả về 10 kết quả.
2026-05-18 17:41:31 | DEBUG    | MemoryManager:85 | [RAG Context] Location IDs: [1]
2026-05-18 17:41:31 | DEBUG    | MemoryProcessor:131 | [Profile] RAG (với Rerank) hoàn tất trong: 0.745s
2026-05-18 17:41:31 | DEBUG    | StoryDirector:45 | [StoryDirector] Bắt đầu sinh luồng truyện (Streaming) cho hành động: 'Tôi tiến vào tòa nhà hiện đại, vượt qua hệ thống l...'
2026-05-18 17:41:32 | DEBUG    | Orchestration:75 | [Profile] Time to First Token (TTFT): 0.574s
2026-05-18 17:41:46 | DEBUG    | StateProcessor:231 | [Profile] Background Tasks (State Extraction): 13.274s
2026-05-18 17:41:49 | INFO     | StateProcessor:77 | >> [Hệ Thống] Phát hiện khu vực mới: Tòa nhà Công nghệ Cao Neon Nexus. Đang tải ảnh nền...
2026-05-18 17:41:49 | INFO     | ImageManager:45 | [ImageManager] Đang vẽ bối cảnh mới: 'Tòa nhà Công nghệ Cao Neon Nexus'...
2026-05-18 17:41:49 | WARNING  | ImageManager:59 | [ImageManager] Tạo ảnh bối cảnh 'Tòa nhà Công nghệ Cao Neon Nexus' thất bại.
2026-05-18 17:41:49 | DEBUG    | DatabaseManager:48 | [Locations] Đã lưu thành công 'Tòa nhà Công nghệ Cao Neon Nexus'.
2026-05-18 17:41:49 | INFO     | AudioManager:57 | [Audio] Đang phát nhạc: bình thường (binh_thuong.mp3)
2026-05-18 17:41:49 | DEBUG    | MemoryManager:193 | [ShortTermMemory] Đã cập nhật Context Window hiện tại (Size: 2).
2026-05-18 17:41:49 | DEBUG    | DatabaseManager:196 | [Database] Đã ghi một ký ức mới vào Turn 1.
2026-05-18 17:41:49 | DEBUG    | DatabaseManager:196 | [Database] Đã ghi một ký ức mới vào Turn 1.
2026-05-18 17:41:50 | DEBUG    | DatabaseManager:196 | [Database] Đã ghi một ký ức mới vào Turn 1.
2026-05-18 17:41:50 | DEBUG    | DatabaseManager:196 | [Database] Đã ghi một ký ức mới vào Turn 1.
2026-05-18 17:41:50 | DEBUG    | MemoryProcessor:164 | [MemoryProcessor] Đã lưu 4 ký ức nguyên tử vào CSDL và VectorDB.
2026-05-18 17:41:50 | INFO     | StoryDirector:69 | [StoryDirector] Đang tính toán các lựa chọn tiếp theo...
2026-05-18 17:41:53 | DEBUG    | StoryDirector:80 | [StoryDirector] Đã tạo thành công 3 lựa chọn khả thi.
2026-05-18 17:41:53 | DEBUG    | Orchestration:107 | [Profile] Tổng thời gian Turn: 22.481s
2026-05-18 17:42:16 | INFO     | Orchestration:56 | [Turn Start] Player Input: 'Tôi kiểm tra bảng thông tin điện tử để xác định mục tiêu.'
2026-05-18 17:42:19 | DEBUG    | ActionProcessor:32 | [ActionManager] Đã tải thành công file action_directives.yaml!
2026-05-18 17:42:19 | DEBUG    | MemoryProcessor:100 | [MemoryProcessor] Truy vấn RAG đã mở rộng: 'bảng thông tin điện tử Neon Nexus mục tiêu'
2026-05-18 17:42:19 | DEBUG    | MemoryManager:164 | [VectorDB Search] 'bảng thông tin điện tử Neon Nexus mục tiêu' -> Trả về 10 kết quả.
2026-05-18 17:42:19 | DEBUG    | MemoryManager:85 | [RAG Context] Location IDs: [2]
2026-05-18 17:42:19 | DEBUG    | MemoryProcessor:131 | [Profile] RAG (với Rerank) hoàn tất trong: 0.636s
2026-05-18 17:42:19 | DEBUG    | StoryDirector:45 | [StoryDirector] Bắt đầu sinh luồng truyện (Streaming) cho hành động: 'Tôi kiểm tra bảng thông tin điện tử để xác định mụ...'
2026-05-18 17:42:20 | DEBUG    | Orchestration:75 | [Profile] Time to First Token (TTFT): 0.503s
2026-05-18 17:42:35 | DEBUG    | StateProcessor:231 | [Profile] Background Tasks (State Extraction): 13.653s
2026-05-18 17:42:35 | DEBUG    | MemoryManager:193 | [ShortTermMemory] Đã cập nhật Context Window hiện tại (Size: 3).
2026-05-18 17:42:35 | DEBUG    | DatabaseManager:196 | [Database] Đã ghi một ký ức mới vào Turn 2.
2026-05-18 17:42:35 | DEBUG    | DatabaseManager:196 | [Database] Đã ghi một ký ức mới vào Turn 2.
2026-05-18 17:42:35 | DEBUG    | DatabaseManager:196 | [Database] Đã ghi một ký ức mới vào Turn 2.
2026-05-18 17:42:35 | DEBUG    | MemoryProcessor:164 | [MemoryProcessor] Đã lưu 3 ký ức nguyên tử vào CSDL và VectorDB.
2026-05-18 17:42:35 | INFO     | StoryDirector:69 | [StoryDirector] Đang tính toán các lựa chọn tiếp theo...
2026-05-18 17:42:37 | DEBUG    | StoryDirector:80 | [StoryDirector] Đã tạo thành công 3 lựa chọn khả thi.
2026-05-18 17:42:37 | DEBUG    | Orchestration:107 | [Profile] Tổng thời gian Turn: 18.054s
2026-05-18 17:42:50 | INFO     | Orchestration:56 | [Turn Start] Player Input: 'Tôi tham gia buổi thuyết trình để thu thập thông tin'
2026-05-18 17:42:53 | DEBUG    | ActionProcessor:32 | [ActionManager] Đã tải thành công file action_directives.yaml!
2026-05-18 17:42:54 | DEBUG    | MemoryProcessor:100 | [MemoryProcessor] Truy vấn RAG đã mở rộng: 'buổi thuyết trình công nghệ chuyển đổi cơ thể Neon Nexus'
2026-05-18 17:42:54 | DEBUG    | MemoryManager:164 | [VectorDB Search] 'buổi thuyết trình công nghệ chuyển đổi cơ thể Neon Nexus' -> Trả về 10 kết quả.
2026-05-18 17:42:54 | DEBUG    | MemoryManager:85 | [RAG Context] Location IDs: [2]
2026-05-18 17:42:54 | DEBUG    | MemoryProcessor:131 | [Profile] RAG (với Rerank) hoàn tất trong: 1.038s
2026-05-18 17:42:54 | DEBUG    | StoryDirector:45 | [StoryDirector] Bắt đầu sinh luồng truyện (Streaming) cho hành động: 'Tôi tham gia buổi thuyết trình để thu thập thông t...'
2026-05-18 17:42:55 | DEBUG    | Orchestration:75 | [Profile] Time to First Token (TTFT): 0.609s
2026-05-18 17:43:20 | DEBUG    | StateProcessor:231 | [Profile] Background Tasks (State Extraction): 24.140s
2026-05-18 17:43:20 | INFO     | StateProcessor:129 |  [+] Phát hiện nhân vật xuất hiện: Người đàn ông trên sân khấu
2026-05-18 17:43:20 | ERROR    | Orchestration:225 | [Game Loop] Lỗi nghiêm trọng ở Turn hiện tại: no such column: affectionate
Traceback (most recent call last):
  File "d:\PythonCoding\AI-Adventure-Game\engine\Orchestration.py", line 223, in run
    await self._process_game_turn(resolved_input)
  File "d:\PythonCoding\AI-Adventure-Game\engine\Orchestration.py", line 83, in _process_game_turn
    atomic_memories, scene_emotion = await self.state_sys.process_background_tasks(player_input, story_response)
                                     ^^^^^^^^^^^^^^^^^^^^^^^^^^^^^^^^^^^^^^^^^^^^^^^^^^^^^^^^^^^^^^^^^^^^^^^^^^^
  File "d:\PythonCoding\AI-Adventure-Game\engine\Subengine\StateProcessor.py", line 245, in process_background_tasks
    await asyncio.gather(*update_tasks)
  File "d:\PythonCoding\AI-Adventure-Game\engine\Subengine\StateProcessor.py", line 134, in _update_npcs
    db_npcs = await self.db.get_npc_by_names(new_npc_names, limit=len(new_npc_names))
              ^^^^^^^^^^^^^^^^^^^^^^^^^^^^^^^^^^^^^^^^^^^^^^^^^^^^^^^^^^^^^^^^^^^^^^^
  File "d:\PythonCoding\AI-Adventure-Game\engine\DataManager\DatabaseManager.py", line 203, in get_npc_by_names
    return await self.npc_manager.get_by_names(npc_names, limit)
           ^^^^^^^^^^^^^^^^^^^^^^^^^^^^^^^^^^^^^^^^^^^^^^^^^^^^^
  File "d:\PythonCoding\AI-Adventure-Game\engine\DataManager\DatabaseManager.py", line 65, in get_by_names
    npc_rows = await self._fetch_records_by_names(query_template, npc_names, limit)
               ^^^^^^^^^^^^^^^^^^^^^^^^^^^^^^^^^^^^^^^^^^^^^^^^^^^^^^^^^^^^^^^^^^^^
  File "d:\PythonCoding\AI-Adventure-Game\engine\DataManager\DatabaseManager.py", line 28, in _fetch_records_by_names
    async with self.conn.execute(final_query, params) as cursor:
               ~~~~~~~~~~~~~~~~~^^^^^^^^^^^^^^^^^^^^^
  File "C:\Users\DELL\AppData\Local\Programs\Python\Python314\Lib\site-packages\aiosqlite\context.py", line 41, in __aenter__
    self._obj = await self._coro
                ^^^^^^^^^^^^^^^^
  File "C:\Users\DELL\AppData\Local\Programs\Python\Python314\Lib\site-packages\aiosqlite\core.py", line 223, in execute
    cursor = await self._execute(self._conn.execute, sql, parameters)
             ^^^^^^^^^^^^^^^^^^^^^^^^^^^^^^^^^^^^^^^^^^^^^^^^^^^^^^^^
  File "C:\Users\DELL\AppData\Local\Programs\Python\Python314\Lib\site-packages\aiosqlite\core.py", line 160, in _execute
    return await future
           ^^^^^^^^^^^^
  File "C:\Users\DELL\AppData\Local\Programs\Python\Python314\Lib\site-packages\aiosqlite\core.py", line 63, in _connection_worker_thread
    result = function()
sqlite3.OperationalError: no such column: affectionate
2026-05-18 17:44:13 | INFO     | Orchestration:208 | Người chơi thoát game an toàn. Đang đóng CSDL...
2026-05-18 17:46:52 | INFO     | Orchestration:19 | Đang khởi tạo hệ thống Eldoria Game Engine...
2026-05-18 17:46:52 | DEBUG    | ImageManager:22 | [ImageManager] Đã khởi tạo các thư mục bộ nhớ đệm ảnh.
2026-05-18 17:46:52 | INFO     | MemoryManager:19 | [VectorDB] Đang khởi tạo Embedding Model từ: bkai-foundation-models/vietnamese-bi-encoder...
2026-05-18 17:47:01 | INFO     | MemoryManager:96 | [VectorDB] Khôi phục thành công 14 ký ức từ ổ cứng.
2026-05-18 17:47:01 | DEBUG    | MemoryProcessor:16 | [MemoryProcessor] Đã khởi tạo hệ thống xử lý Ký ức.
2026-05-18 17:47:05 | DEBUG    | StoryDirector:29 | [StoryDirector] Đã khởi tạo các Cloud Agents (Llama-3 & Qwen).
2026-05-18 17:47:05 | INFO     | Orchestration:48 | Hệ thống đã sẵn sàng!
2026-05-18 17:47:05 | INFO     | Orchestration:126 | Bắt đầu khởi tạo phiên chơi mới - Dọn dẹp dữ liệu...
2026-05-18 17:47:05 | INFO     | DatabaseManager:155 | [Database] Đã mở kết nối bất đồng bộ tới ./data/World.db
2026-05-18 17:47:05 | ERROR    | DatabaseManager:190 | [Database Lỗi] Xảy ra sự cố khi dọn dẹp CSDL: no such table: Memory
Traceback (most recent call last):
  File "d:\PythonCoding\AI-Adventure-Game\engine\DataManager\DatabaseManager.py", line 185, in reset_database
    await self.conn.execute(f"DELETE FROM {table}")
  File "C:\Users\DELL\AppData\Local\Programs\Python\Python314\Lib\site-packages\aiosqlite\core.py", line 223, in execute
    cursor = await self._execute(self._conn.execute, sql, parameters)
             ^^^^^^^^^^^^^^^^^^^^^^^^^^^^^^^^^^^^^^^^^^^^^^^^^^^^^^^^
  File "C:\Users\DELL\AppData\Local\Programs\Python\Python314\Lib\site-packages\aiosqlite\core.py", line 160, in _execute
    return await future
           ^^^^^^^^^^^^
  File "C:\Users\DELL\AppData\Local\Programs\Python\Python314\Lib\site-packages\aiosqlite\core.py", line 63, in _connection_worker_thread
    result = function()
sqlite3.OperationalError: no such table: Memory
2026-05-18 17:47:05 | DEBUG    | DatabaseManager:103 | [Memory] Đang cập nhật schema, thêm cột 'id_type'...
2026-05-18 17:47:05 | INFO     | DatabaseManager:173 | [Database] Khởi tạo các bảng SQL thành công!
2026-05-18 17:47:05 | INFO     | ImageManager:112 | [ImageManager] Bắt đầu dọn dẹp thư mục ảnh cũ cho Game mới...
2026-05-18 17:47:05 | INFO     | ImageManager:123 | [ImageManager] Dọn dẹp thư mục ảnh hoàn tất.
2026-05-18 17:47:21 | INFO     | Orchestration:135 | Người chơi chọn ý tưởng: 'chiến tranh'
2026-05-18 17:47:21 | INFO     | StoryDirector:86 | [StoryDirector] Đang tạo World Bible từ ý tưởng người chơi...
2026-05-18 17:47:24 | DEBUG    | StoryDirector:92 | [StoryDirector] Đã lưu World Bible xuống file: ./data/world_bible.json
2026-05-18 17:47:24 | DEBUG    | Orchestration:150 | World State Loaded: The Shattered Realm | ['Fantasy', 'Post-Apocalyptic']
2026-05-18 17:47:24 | INFO     | Orchestration:154 | Khởi tạo Location đầu tiên...
2026-05-18 17:47:24 | INFO     | StoryDirector:100 | [StoryDirector] Đang khởi tạo địa điểm xuất phát cho thế giới 'The Shattered Realm'...
2026-05-18 17:47:26 | DEBUG    | DatabaseManager:48 | [Locations] Đã lưu thành công 'Vùng Đất Tan Vỡ'.
2026-05-18 17:47:26 | INFO     | ImageManager:45 | [ImageManager] Đang vẽ bối cảnh mới: 'Vùng Đất Tan Vỡ'...
2026-05-18 17:47:26 | WARNING  | ImageManager:59 | [ImageManager] Tạo ảnh bối cảnh 'Vùng Đất Tan Vỡ' thất bại.
2026-05-18 17:47:27 | INFO     | AudioManager:57 | [Audio] Đang phát nhạc: mệt mỏi, nguy hiểm (binh_thuong.mp3)
2026-05-18 17:47:27 | INFO     | StoryDirector:125 | [StoryDirector] Bắt đầu sinh phân đoạn truyện mở đầu tại 'Vùng Đất Tan Vỡ'...
2026-05-18 17:47:29 | INFO     | Orchestration:183 | Lưu ký ức Prologue (Turn 0)...
2026-05-18 17:47:29 | DEBUG    | MemoryManager:193 | [ShortTermMemory] Đã cập nhật Context Window hiện tại (Size: 1).
2026-05-18 17:47:29 | DEBUG    | DatabaseManager:196 | [Database] Đã ghi một ký ức mới vào Turn 0.
2026-05-18 17:47:30 | DEBUG    | MemoryProcessor:164 | [MemoryProcessor] Đã lưu 1 ký ức nguyên tử vào CSDL và VectorDB.
2026-05-18 17:47:30 | INFO     | StoryDirector:69 | [StoryDirector] Đang tính toán các lựa chọn tiếp theo...
2026-05-18 17:47:32 | DEBUG    | StoryDirector:80 | [StoryDirector] Đã tạo thành công 3 lựa chọn khả thi.
2026-05-18 17:47:32 | INFO     | Orchestration:202 | === BẮT ĐẦU VÒNG LẶP GAME CHÍNH (GAME LOOP) ===
2026-05-18 17:47:37 | INFO     | Orchestration:56 | [Turn Start] Player Input: 'Tôi lách mình vào bóng tối dưới đống phế liệu.'
2026-05-18 17:47:40 | DEBUG    | ActionProcessor:32 | [ActionManager] Đã tải thành công file action_directives.yaml!
2026-05-18 17:47:41 | DEBUG    | MemoryProcessor:100 | [MemoryProcessor] Truy vấn RAG đã mở rộng: 'lách mình vào bóng tối dưới đống phế liệu Vùng Đất Tan Vỡ'
2026-05-18 17:47:41 | DEBUG    | MemoryManager:164 | [VectorDB Search] 'lách mình vào bóng tối dưới đống phế liệu Vùng Đất Tan Vỡ' -> Trả về 10 kết quả.
2026-05-18 17:47:41 | DEBUG    | MemoryProcessor:131 | [Profile] RAG (với Rerank) hoàn tất trong: 0.759s
2026-05-18 17:47:41 | DEBUG    | StoryDirector:45 | [StoryDirector] Bắt đầu sinh luồng truyện (Streaming) cho hành động: 'Tôi lách mình vào bóng tối dưới đống phế liệu....'
2026-05-18 17:47:42 | DEBUG    | Orchestration:75 | [Profile] Time to First Token (TTFT): 0.702s
2026-05-18 17:47:57 | DEBUG    | StateProcessor:231 | [Profile] Background Tasks (State Extraction): 14.648s
2026-05-18 17:47:57 | INFO     | StateProcessor:115 |  [-] NPC đã rời khỏi phân cảnh: bladebound
2026-05-18 17:47:57 | INFO     | StateProcessor:129 |  [+] Phát hiện nhân vật xuất hiện: Bladebound
2026-05-18 17:47:57 | INFO     | StateProcessor:26 | [Cloud] Đang thiết kế chỉ số và cốt truyện nền cho: Bladebound...
2026-05-18 17:47:59 | INFO     | ImageManager:73 | [ImageManager] Đang vẽ NPC mới: 'Thợ Săn Bóng Đổ'...
2026-05-18 17:47:59 | WARNING  | ImageManager:83 | [ImageManager] Tạo ảnh NPC 'Thợ Săn Bóng Đổ' thất bại.
2026-05-18 17:47:59 | DEBUG    | DatabaseManager:48 | [NPCs] Đã lưu thành công 'Thợ Săn Bóng Đổ'.
2026-05-18 17:48:00 | INFO     | AudioManager:57 | [Audio] Đang phát nhạc: căng thẳng (hoi_hop.mp3)
2026-05-18 17:48:00 | DEBUG    | MemoryManager:193 | [ShortTermMemory] Đã cập nhật Context Window hiện tại (Size: 2).
2026-05-18 17:48:00 | DEBUG    | DatabaseManager:196 | [Database] Đã ghi một ký ức mới vào Turn 1.
2026-05-18 17:48:00 | DEBUG    | DatabaseManager:196 | [Database] Đã ghi một ký ức mới vào Turn 1.
2026-05-18 17:48:00 | DEBUG    | DatabaseManager:196 | [Database] Đã ghi một ký ức mới vào Turn 1.
2026-05-18 17:48:00 | DEBUG    | DatabaseManager:196 | [Database] Đã ghi một ký ức mới vào Turn 1.
2026-05-18 17:48:00 | DEBUG    | MemoryProcessor:164 | [MemoryProcessor] Đã lưu 4 ký ức nguyên tử vào CSDL và VectorDB.
2026-05-18 17:48:00 | INFO     | StoryDirector:69 | [StoryDirector] Đang tính toán các lựa chọn tiếp theo...
2026-05-18 17:48:05 | DEBUG    | StoryDirector:80 | [StoryDirector] Đã tạo thành công 3 lựa chọn khả thi.
2026-05-18 17:48:05 | DEBUG    | Orchestration:107 | [Profile] Tổng thời gian Turn: 24.728s
2026-05-18 17:48:24 | INFO     | Orchestration:56 | [Turn Start] Player Input: 'Tôi rút kiếm ra và chờ đợi cơ hội tấn công chiến binh Bladebound.'
2026-05-18 17:48:26 | DEBUG    | ActionProcessor:32 | [ActionManager] Đã tải thành công file action_directives.yaml!
2026-05-18 17:48:27 | DEBUG    | MemoryProcessor:100 | [MemoryProcessor] Truy vấn RAG đã mở rộng: 'Vùng Đất Tan Vỡ rút kiếm chờ tấn công Bladebound'
2026-05-18 17:48:27 | DEBUG    | MemoryManager:164 | [VectorDB Search] 'Vùng Đất Tan Vỡ rút kiếm chờ tấn công Bladebound' -> Trả về 10 kết quả.
2026-05-18 17:48:27 | DEBUG    | MemoryProcessor:131 | [Profile] RAG (với Rerank) hoàn tất trong: 0.822s
2026-05-18 17:48:27 | DEBUG    | StoryDirector:45 | [StoryDirector] Bắt đầu sinh luồng truyện (Streaming) cho hành động: 'Tôi rút kiếm ra và chờ đợi cơ hội tấn công chiến b...'
2026-05-18 17:48:28 | DEBUG    | Orchestration:75 | [Profile] Time to First Token (TTFT): 0.811s
2026-05-18 17:48:52 | DEBUG    | StateProcessor:231 | [Profile] Background Tasks (State Extraction): 22.392s
2026-05-18 17:48:52 | INFO     | StateProcessor:161 | [Hệ Thống] ---> THAY ĐỔI TÚI ĐỒ <---
2026-05-18 17:48:52 | INFO     | StateProcessor:190 |  [Balo hiện tại]: Trống rỗng
2026-05-18 17:48:52 | INFO     | StateProcessor:115 |  [-] NPC đã rời khỏi phân cảnh: thợ săn bóng đổ
2026-05-18 17:48:52 | INFO     | StateProcessor:129 |  [+] Phát hiện nhân vật xuất hiện: Thợ Săn Bóng Đổ
2026-05-18 17:48:52 | INFO     | StateProcessor:26 | [Cloud] Đang thiết kế chỉ số và cốt truyện nền cho: Thợ Săn Bóng Đổ...
2026-05-18 17:48:54 | INFO     | ImageManager:73 | [ImageManager] Đang vẽ NPC mới: 'Thợ Săn Bóng Đổ'...
2026-05-18 17:48:54 | WARNING  | ImageManager:83 | [ImageManager] Tạo ảnh NPC 'Thợ Săn Bóng Đổ' thất bại.
2026-05-18 17:48:54 | ERROR    | Orchestration:225 | [Game Loop] Lỗi nghiêm trọng ở Turn hiện tại: UNIQUE constraint failed: NPCs.name
Traceback (most recent call last):
  File "d:\PythonCoding\AI-Adventure-Game\engine\Orchestration.py", line 223, in run
    await self._process_game_turn(resolved_input)
  File "d:\PythonCoding\AI-Adventure-Game\engine\Orchestration.py", line 83, in _process_game_turn
    atomic_memories, scene_emotion = await self.state_sys.process_background_tasks(player_input, story_response)
                                     ^^^^^^^^^^^^^^^^^^^^^^^^^^^^^^^^^^^^^^^^^^^^^^^^^^^^^^^^^^^^^^^^^^^^^^^^^^^
  File "d:\PythonCoding\AI-Adventure-Game\engine\Subengine\StateProcessor.py", line 245, in process_background_tasks
    await asyncio.gather(*update_tasks)
  File "d:\PythonCoding\AI-Adventure-Game\engine\Subengine\StateProcessor.py", line 147, in _update_npcs
    generated_npcs = await asyncio.gather(*tasks)  # Kích nổ song song!
                     ^^^^^^^^^^^^^^^^^^^^^^^^^^^^
  File "d:\PythonCoding\AI-Adventure-Game\engine\Subengine\StateProcessor.py", line 50, in _generate_and_save_new_npc
    await self.db.add_npc_to_db(npc_obj)
  File "d:\PythonCoding\AI-Adventure-Game\engine\DataManager\DatabaseManager.py", line 206, in add_npc_to_db
    res = await self.npc_manager.add_to_db(npc_obj)
          ^^^^^^^^^^^^^^^^^^^^^^^^^^^^^^^^^^^^^^^^^
  File "d:\PythonCoding\AI-Adventure-Game\engine\DataManager\DatabaseManager.py", line 47, in add_to_db
    await self.conn.execute(insert_query, tuple(processed_params))
  File "C:\Users\DELL\AppData\Local\Programs\Python\Python314\Lib\site-packages\aiosqlite\core.py", line 223, in execute
    cursor = await self._execute(self._conn.execute, sql, parameters)
             ^^^^^^^^^^^^^^^^^^^^^^^^^^^^^^^^^^^^^^^^^^^^^^^^^^^^^^^^
  File "C:\Users\DELL\AppData\Local\Programs\Python\Python314\Lib\site-packages\aiosqlite\core.py", line 160, in _execute
    return await future
           ^^^^^^^^^^^^
  File "C:\Users\DELL\AppData\Local\Programs\Python\Python314\Lib\site-packages\aiosqlite\core.py", line 63, in _connection_worker_thread
    result = function()
sqlite3.IntegrityError: UNIQUE constraint failed: NPCs.name
2026-05-18 17:50:57 | INFO     | Orchestration:208 | Người chơi thoát game an toàn. Đang đóng CSDL...
2026-05-18 18:40:31 | INFO     | Orchestration:19 | Đang khởi tạo hệ thống Eldoria Game Engine...
2026-05-18 18:40:31 | DEBUG    | ImageManager:22 | [ImageManager] Đã khởi tạo các thư mục bộ nhớ đệm ảnh.
2026-05-18 18:40:31 | INFO     | MemoryManager:19 | [VectorDB] Đang khởi tạo Embedding Model từ: bkai-foundation-models/vietnamese-bi-encoder...
2026-05-18 18:40:39 | INFO     | MemoryManager:96 | [VectorDB] Khôi phục thành công 14 ký ức từ ổ cứng.
2026-05-18 18:40:39 | DEBUG    | MemoryProcessor:16 | [MemoryProcessor] Đã khởi tạo hệ thống xử lý Ký ức.
2026-05-18 18:40:41 | DEBUG    | StoryDirector:29 | [StoryDirector] Đã khởi tạo các Cloud Agents (Llama-3 & Qwen).
2026-05-18 18:40:41 | INFO     | Orchestration:48 | Hệ thống đã sẵn sàng!
2026-05-18 18:40:41 | INFO     | Orchestration:126 | Bắt đầu khởi tạo phiên chơi mới - Dọn dẹp dữ liệu...
2026-05-18 18:40:41 | INFO     | DatabaseManager:159 | [Database] Đã mở kết nối bất đồng bộ tới ./data/World.db
2026-05-18 18:40:41 | INFO     | DatabaseManager:192 | [Database] Đã dọn dẹp sạch sẽ toàn bộ dữ liệu SQLite!
2026-05-18 18:40:41 | INFO     | DatabaseManager:177 | [Database] Khởi tạo các bảng SQL thành công!
2026-05-18 18:40:41 | INFO     | ImageManager:112 | [ImageManager] Bắt đầu dọn dẹp thư mục ảnh cũ cho Game mới...
2026-05-18 18:40:41 | INFO     | ImageManager:123 | [ImageManager] Dọn dẹp thư mục ảnh hoàn tất.
2026-05-18 18:40:46 | INFO     | Orchestration:135 | Người chơi chọn ý tưởng: 'thế giới cổ đại'
2026-05-18 18:40:46 | INFO     | StoryDirector:86 | [StoryDirector] Đang tạo World Bible từ ý tưởng người chơi...
2026-05-18 18:40:49 | DEBUG    | StoryDirector:92 | [StoryDirector] Đã lưu World Bible xuống file: ./data/world_bible.json
2026-05-18 18:40:49 | DEBUG    | Orchestration:150 | World State Loaded: Eldoria | ['High Fantasy', 'Historical Epic']
2026-05-18 18:40:49 | INFO     | Orchestration:154 | Khởi tạo Location đầu tiên...
2026-05-18 18:40:49 | INFO     | StoryDirector:100 | [StoryDirector] Đang khởi tạo địa điểm xuất phát cho thế giới 'Eldoria'...
2026-05-18 18:40:52 | DEBUG    | DatabaseManager:50 | [Locations] Đã lưu thành công 'Lăng Tựa Của Vua Mất Tích'.
2026-05-18 18:40:52 | INFO     | ImageManager:45 | [ImageManager] Đang vẽ bối cảnh mới: 'Lăng Tựa Của Vua Mất Tích'...
2026-05-18 18:40:52 | WARNING  | ImageManager:59 | [ImageManager] Tạo ảnh bối cảnh 'Lăng Tựa Của Vua Mất Tích' thất bại.
2026-05-18 18:40:53 | INFO     | AudioManager:57 | [Audio] Đang phát nhạc: bí ẩn, thiêng liêng (binh_thuong.mp3)
2026-05-18 18:40:53 | INFO     | StoryDirector:125 | [StoryDirector] Bắt đầu sinh phân đoạn truyện mở đầu tại 'Lăng Tựa Của Vua Mất Tích'...
2026-05-18 18:40:55 | INFO     | Orchestration:183 | Lưu ký ức Prologue (Turn 0)...
2026-05-18 18:40:55 | DEBUG    | MemoryManager:193 | [ShortTermMemory] Đã cập nhật Context Window hiện tại (Size: 1).
2026-05-18 18:40:55 | DEBUG    | DatabaseManager:200 | [Database] Đã ghi một ký ức mới vào Turn 0.
2026-05-18 18:40:55 | DEBUG    | MemoryProcessor:164 | [MemoryProcessor] Đã lưu 1 ký ức nguyên tử vào CSDL và VectorDB.
2026-05-18 18:40:55 | INFO     | StoryDirector:69 | [StoryDirector] Đang tính toán các lựa chọn tiếp theo...
2026-05-18 18:40:57 | DEBUG    | StoryDirector:80 | [StoryDirector] Đã tạo thành công 3 lựa chọn khả thi.
2026-05-18 18:40:57 | INFO     | Orchestration:202 | === BẮT ĐẦU VÒNG LẶP GAME CHÍNH (GAME LOOP) ===
2026-05-18 18:41:05 | INFO     | Orchestration:56 | [Turn Start] Player Input: 'Tôi rút kiếm, nện bước tiến về phía bóng tối'
2026-05-18 18:41:12 | DEBUG    | ActionProcessor:32 | [ActionManager] Đã tải thành công file action_directives.yaml!
2026-05-18 18:41:12 | DEBUG    | MemoryProcessor:100 | [MemoryProcessor] Truy vấn RAG đã mở rộng: 'Lăng Tựa Của Vua Mất Tích rút kiếm tiến bóng tối'
2026-05-18 18:41:13 | DEBUG    | MemoryManager:164 | [VectorDB Search] 'Lăng Tựa Của Vua Mất Tích rút kiếm tiến bóng tối' -> Trả về 10 kết quả.
2026-05-18 18:41:13 | DEBUG    | MemoryManager:85 | [RAG Context] Location IDs: [1]
2026-05-18 18:41:13 | DEBUG    | MemoryProcessor:131 | [Profile] RAG (với Rerank) hoàn tất trong: 0.950s
2026-05-18 18:41:13 | DEBUG    | StoryDirector:45 | [StoryDirector] Bắt đầu sinh luồng truyện (Streaming) cho hành động: 'Tôi rút kiếm, nện bước tiến về phía bóng tối...'
2026-05-18 18:41:13 | DEBUG    | Orchestration:75 | [Profile] Time to First Token (TTFT): 0.490s
2026-05-18 18:41:31 | DEBUG    | StateProcessor:237 | [Profile] Background Tasks (State Extraction): 16.785s
2026-05-18 18:41:31 | INFO     | StateProcessor:167 | [Hệ Thống] ---> THAY ĐỔI TÚI ĐỒ <---
2026-05-18 18:41:31 | INFO     | StateProcessor:196 |  [Balo hiện tại]: Trống rỗng
2026-05-18 18:41:31 | INFO     | StateProcessor:115 |  [-] NPC đã rời khỏi phân cảnh: công chúa
2026-05-18 18:41:31 | INFO     | StateProcessor:135 |  [+] Phát hiện nhân vật xuất hiện: Công chúa
2026-05-18 18:41:31 | INFO     | StateProcessor:26 | [Cloud] Đang thiết kế chỉ số và cốt truyện nền cho: Công chúa...
2026-05-18 18:41:32 | INFO     | ImageManager:73 | [ImageManager] Đang vẽ NPC mới: 'Công chúa'...
2026-05-18 18:41:32 | WARNING  | ImageManager:83 | [ImageManager] Tạo ảnh NPC 'Công chúa' thất bại.
2026-05-18 18:41:32 | DEBUG    | DatabaseManager:50 | [NPCs] Đã lưu thành công 'Công chúa'.
2026-05-18 18:41:32 | INFO     | AudioManager:57 | [Audio] Đang phát nhạc: rùng rợn (rung_ron.mp3)
2026-05-18 18:41:32 | DEBUG    | MemoryManager:193 | [ShortTermMemory] Đã cập nhật Context Window hiện tại (Size: 2).
2026-05-18 18:41:32 | DEBUG    | DatabaseManager:200 | [Database] Đã ghi một ký ức mới vào Turn 1.
2026-05-18 18:41:32 | DEBUG    | DatabaseManager:200 | [Database] Đã ghi một ký ức mới vào Turn 1.
2026-05-18 18:41:33 | DEBUG    | DatabaseManager:200 | [Database] Đã ghi một ký ức mới vào Turn 1.
2026-05-18 18:41:33 | DEBUG    | DatabaseManager:200 | [Database] Đã ghi một ký ức mới vào Turn 1.
2026-05-18 18:41:33 | DEBUG    | DatabaseManager:200 | [Database] Đã ghi một ký ức mới vào Turn 1.
2026-05-18 18:41:33 | DEBUG    | MemoryProcessor:164 | [MemoryProcessor] Đã lưu 5 ký ức nguyên tử vào CSDL và VectorDB.
2026-05-18 18:41:33 | INFO     | StoryDirector:69 | [StoryDirector] Đang tính toán các lựa chọn tiếp theo...
2026-05-18 18:41:37 | DEBUG    | StoryDirector:80 | [StoryDirector] Đã tạo thành công 3 lựa chọn khả thi.
2026-05-18 18:41:37 | DEBUG    | Orchestration:107 | [Profile] Tổng thời gian Turn: 25.111s
2026-05-18 19:14:04 | INFO     | Orchestration:20 | Đang khởi tạo hệ thống Eldoria Game Engine...
2026-05-18 19:14:04 | DEBUG    | ImageManager:22 | [ImageManager] Đã khởi tạo các thư mục bộ nhớ đệm ảnh.
2026-05-18 19:14:04 | INFO     | MemoryManager:19 | [VectorDB] Đang khởi tạo Embedding Model từ: bkai-foundation-models/vietnamese-bi-encoder...
2026-05-18 19:14:13 | INFO     | MemoryManager:96 | [VectorDB] Khôi phục thành công 14 ký ức từ ổ cứng.
2026-05-18 19:14:13 | DEBUG    | MemoryProcessor:16 | [MemoryProcessor] Đã khởi tạo hệ thống xử lý Ký ức.
2026-05-18 19:14:16 | DEBUG    | StoryDirector:29 | [StoryDirector] Đã khởi tạo các Cloud Agents (Llama-3 & Qwen).
2026-05-18 19:14:16 | INFO     | Orchestration:50 | Hệ thống đã sẵn sàng!
2026-05-18 19:14:16 | INFO     | Orchestration:128 | Bắt đầu khởi tạo phiên chơi mới - Dọn dẹp dữ liệu...
2026-05-18 19:14:16 | INFO     | DatabaseManager:159 | [Database] Đã mở kết nối bất đồng bộ tới ./data/World.db
2026-05-18 19:14:16 | INFO     | DatabaseManager:192 | [Database] Đã dọn dẹp sạch sẽ toàn bộ dữ liệu SQLite!
2026-05-18 19:14:16 | INFO     | DatabaseManager:177 | [Database] Khởi tạo các bảng SQL thành công!
2026-05-18 19:14:16 | INFO     | ImageManager:112 | [ImageManager] Bắt đầu dọn dẹp thư mục ảnh cũ cho Game mới...
2026-05-18 19:14:16 | INFO     | ImageManager:123 | [ImageManager] Dọn dẹp thư mục ảnh hoàn tất.
2026-05-18 19:14:32 | INFO     | Orchestration:137 | Người chơi chọn ý tưởng: 'chiến tranh thế giới'
2026-05-18 19:14:32 | INFO     | StoryDirector:86 | [StoryDirector] Đang tạo World Bible từ ý tưởng người chơi...
2026-05-18 19:14:34 | DEBUG    | StoryDirector:92 | [StoryDirector] Đã lưu World Bible xuống file: ./data/world_bible.json
2026-05-18 19:14:34 | DEBUG    | Orchestration:152 | World State Loaded: World War Chronicles | ['Post-Apocalyptic', 'Military Sci-Fi']
2026-05-18 19:14:34 | INFO     | Orchestration:156 | Khởi tạo Location đầu tiên...
2026-05-18 19:14:34 | INFO     | StoryDirector:100 | [StoryDirector] Đang khởi tạo địa điểm xuất phát cho thế giới 'World War Chronicles'...
2026-05-18 19:14:37 | DEBUG    | DatabaseManager:50 | [Locations] Đã lưu thành công 'Hầm Bunker Bị Quên'.
2026-05-18 19:14:37 | INFO     | ImageManager:45 | [ImageManager] Đang vẽ bối cảnh mới: 'Hầm Bunker Bị Quên'...
2026-05-18 19:14:37 | WARNING  | ImageManager:59 | [ImageManager] Tạo ảnh bối cảnh 'Hầm Bunker Bị Quên' thất bại.
2026-05-18 19:14:44 | INFO     | AudioManager:57 | [Audio] Đang phát nhạc: căng thẳng (hoi_hop.mp3)
2026-05-18 19:14:44 | INFO     | StoryDirector:125 | [StoryDirector] Bắt đầu sinh phân đoạn truyện mở đầu tại 'Hầm Bunker Bị Quên'...
2026-05-18 19:14:47 | INFO     | Orchestration:189 | Lưu ký ức Prologue (Turn 0)...
2026-05-18 19:14:47 | DEBUG    | MemoryManager:193 | [ShortTermMemory] Đã cập nhật Context Window hiện tại (Size: 1).
2026-05-18 19:14:47 | DEBUG    | DatabaseManager:200 | [Database] Đã ghi một ký ức mới vào Turn 0.
2026-05-18 19:14:47 | DEBUG    | MemoryProcessor:164 | [MemoryProcessor] Đã lưu 1 ký ức nguyên tử vào CSDL và VectorDB.
2026-05-18 19:14:47 | INFO     | StoryDirector:69 | [StoryDirector] Đang tính toán các lựa chọn tiếp theo...
2026-05-18 19:14:49 | DEBUG    | StoryDirector:80 | [StoryDirector] Đã tạo thành công 4 lựa chọn khả thi.
2026-05-18 19:14:49 | INFO     | Orchestration:208 | === BẮT ĐẦU VÒNG LẶP GAME CHÍNH (GAME LOOP) ===
2026-05-18 19:15:16 | INFO     | Orchestration:58 | [Turn Start] Player Input: 'Tôi trốn sau thiết bị quân sự để tránh lộ diện'
2026-05-18 19:15:19 | DEBUG    | ActionProcessor:32 | [ActionManager] Đã tải thành công file action_directives.yaml!
2026-05-18 19:15:20 | DEBUG    | MemoryProcessor:100 | [MemoryProcessor] Truy vấn RAG đã mở rộng: 'trốn sau thiết bị quân sự Hầm Bunker Bị Quên'
2026-05-18 19:15:20 | DEBUG    | MemoryManager:164 | [VectorDB Search] 'trốn sau thiết bị quân sự Hầm Bunker Bị Quên' -> Trả về 10 kết quả.
2026-05-18 19:15:20 | DEBUG    | MemoryManager:85 | [RAG Context] Location IDs: [1]
2026-05-18 19:15:20 | DEBUG    | MemoryProcessor:131 | [Profile] RAG (với Rerank) hoàn tất trong: 0.825s
2026-05-18 19:15:20 | DEBUG    | StoryDirector:45 | [StoryDirector] Bắt đầu sinh luồng truyện (Streaming) cho hành động: 'Tôi trốn sau thiết bị quân sự để tránh lộ diện...'
2026-05-18 19:15:21 | DEBUG    | Orchestration:77 | [Profile] Time to First Token (TTFT): 0.939s
2026-05-18 19:16:14 | DEBUG    | StateProcessor:237 | [Profile] Background Tasks (State Extraction): 50.596s
2026-05-18 19:16:17 | INFO     | StateProcessor:77 | >> [Hệ Thống] Phát hiện khu vực mới: Phòng Lưu Trữ. Đang tải ảnh nền...
2026-05-18 19:16:17 | INFO     | ImageManager:45 | [ImageManager] Đang vẽ bối cảnh mới: 'Phòng Lưu Trữ'...
2026-05-18 19:16:17 | WARNING  | ImageManager:59 | [ImageManager] Tạo ảnh bối cảnh 'Phòng Lưu Trữ' thất bại.
2026-05-18 19:16:17 | DEBUG    | DatabaseManager:50 | [Locations] Đã lưu thành công 'Phòng Lưu Trữ'.
2026-05-18 19:16:17 | INFO     | StateProcessor:115 |  [-] NPC đã rời khỏi phân cảnh: người mặc đồng phục quân sự
2026-05-18 19:16:17 | INFO     | StateProcessor:135 |  [+] Phát hiện nhân vật xuất hiện: Người mặc đồng phục quân sự
2026-05-18 19:16:17 | INFO     | StateProcessor:26 | [Cloud] Đang thiết kế chỉ số và cốt truyện nền cho: Người mặc đồng phục quân sự...
2026-05-18 19:16:19 | INFO     | ImageManager:73 | [ImageManager] Đang vẽ NPC mới: 'Trung Sĩ Minh'...
2026-05-18 19:16:19 | WARNING  | ImageManager:83 | [ImageManager] Tạo ảnh NPC 'Trung Sĩ Minh' thất bại.
2026-05-18 19:16:19 | DEBUG    | DatabaseManager:50 | [NPCs] Đã lưu thành công 'Trung Sĩ Minh'.
2026-05-18 19:16:20 | INFO     | AudioManager:57 | [Audio] Đang phát nhạc: buồn (buon.mp3)
2026-05-18 19:16:20 | DEBUG    | MemoryManager:193 | [ShortTermMemory] Đã cập nhật Context Window hiện tại (Size: 2).
2026-05-18 19:16:20 | DEBUG    | DatabaseManager:200 | [Database] Đã ghi một ký ức mới vào Turn 1.
2026-05-18 19:16:20 | DEBUG    | DatabaseManager:200 | [Database] Đã ghi một ký ức mới vào Turn 1.
2026-05-18 19:16:20 | DEBUG    | DatabaseManager:200 | [Database] Đã ghi một ký ức mới vào Turn 1.
2026-05-18 19:16:20 | DEBUG    | DatabaseManager:200 | [Database] Đã ghi một ký ức mới vào Turn 1.
2026-05-18 19:16:20 | DEBUG    | DatabaseManager:200 | [Database] Đã ghi một ký ức mới vào Turn 1.
2026-05-18 19:16:20 | DEBUG    | DatabaseManager:200 | [Database] Đã ghi một ký ức mới vào Turn 1.
2026-05-18 19:16:20 | DEBUG    | MemoryProcessor:164 | [MemoryProcessor] Đã lưu 6 ký ức nguyên tử vào CSDL và VectorDB.
2026-05-18 19:16:20 | INFO     | StoryDirector:69 | [StoryDirector] Đang tính toán các lựa chọn tiếp theo...
2026-05-18 19:16:23 | DEBUG    | StoryDirector:80 | [StoryDirector] Đã tạo thành công 4 lựa chọn khả thi.
2026-05-18 19:16:23 | DEBUG    | Orchestration:109 | [Profile] Tổng thời gian Turn: 63.636s
2026-05-18 19:19:04 | INFO     | Orchestration:58 | [Turn Start] Player Input: 'Tôi tiến lại gần cánh cửa kim loại phía sau, kiểm tra xem có khóa hay không.'
2026-05-18 19:19:07 | DEBUG    | ActionProcessor:32 | [ActionManager] Đã tải thành công file action_directives.yaml!
2026-05-18 19:19:07 | DEBUG    | MemoryProcessor:100 | [MemoryProcessor] Truy vấn RAG đã mở rộng: 'Trung Sĩ Minh kiểm tra khóa cánh cửa kim loại Phòng Lưu Trữ'
2026-05-18 19:19:07 | DEBUG    | MemoryManager:164 | [VectorDB Search] 'Trung Sĩ Minh kiểm tra khóa cánh cửa kim loại Phòng Lưu Trữ' -> Trả về 10 kết quả.
2026-05-18 19:19:07 | DEBUG    | MemoryManager:83 | [RAG Context] NPC IDs: [1]
2026-05-18 19:19:07 | DEBUG    | MemoryManager:85 | [RAG Context] Location IDs: [2]
2026-05-18 19:19:07 | DEBUG    | MemoryProcessor:131 | [Profile] RAG (với Rerank) hoàn tất trong: 0.892s
2026-05-18 19:19:07 | DEBUG    | StoryDirector:45 | [StoryDirector] Bắt đầu sinh luồng truyện (Streaming) cho hành động: 'Tôi tiến lại gần cánh cửa kim loại phía sau, kiểm ...'
2026-05-18 19:19:08 | DEBUG    | Orchestration:77 | [Profile] Time to First Token (TTFT): 0.567s
2026-05-18 19:19:21 | DEBUG    | StateProcessor:237 | [Profile] Background Tasks (State Extraction): 12.196s
2026-05-18 19:19:21 | INFO     | AudioManager:57 | [Audio] Đang phát nhạc: căng thẳng (hoi_hop.mp3)
2026-05-18 19:19:21 | DEBUG    | MemoryManager:193 | [ShortTermMemory] Đã cập nhật Context Window hiện tại (Size: 3).
2026-05-18 19:19:21 | DEBUG    | DatabaseManager:200 | [Database] Đã ghi một ký ức mới vào Turn 2.
2026-05-18 19:19:22 | DEBUG    | DatabaseManager:200 | [Database] Đã ghi một ký ức mới vào Turn 2.
2026-05-18 19:19:22 | DEBUG    | DatabaseManager:200 | [Database] Đã ghi một ký ức mới vào Turn 2.
2026-05-18 19:19:22 | DEBUG    | DatabaseManager:200 | [Database] Đã ghi một ký ức mới vào Turn 2.
2026-05-18 19:19:22 | DEBUG    | MemoryProcessor:164 | [MemoryProcessor] Đã lưu 4 ký ức nguyên tử vào CSDL và VectorDB.
2026-05-18 19:19:22 | INFO     | StoryDirector:69 | [StoryDirector] Đang tính toán các lựa chọn tiếp theo...
2026-05-18 19:19:26 | DEBUG    | StoryDirector:80 | [StoryDirector] Đã tạo thành công 3 lựa chọn khả thi.
2026-05-18 19:19:26 | DEBUG    | Orchestration:109 | [Profile] Tổng thời gian Turn: 19.498s
2026-05-18 19:19:31 | INFO     | Orchestration:214 | Người chơi thoát game an toàn. Đang đóng CSDL...
2026-05-18 19:30:47 | INFO     | Orchestration:20 | Đang khởi tạo hệ thống Eldoria Game Engine...
2026-05-18 19:30:47 | DEBUG    | ImageManager:22 | [ImageManager] Đã khởi tạo các thư mục bộ nhớ đệm ảnh.
2026-05-18 19:30:47 | INFO     | MemoryManager:19 | [VectorDB] Đang khởi tạo Embedding Model từ: bkai-foundation-models/vietnamese-bi-encoder...
2026-05-18 19:30:56 | INFO     | MemoryManager:96 | [VectorDB] Khôi phục thành công 14 ký ức từ ổ cứng.
2026-05-18 19:30:56 | DEBUG    | MemoryProcessor:16 | [MemoryProcessor] Đã khởi tạo hệ thống xử lý Ký ức.
2026-05-18 19:31:00 | DEBUG    | StoryDirector:29 | [StoryDirector] Đã khởi tạo các Cloud Agents (Llama-3 & Qwen).
2026-05-18 19:31:00 | INFO     | Orchestration:50 | Hệ thống đã sẵn sàng!
2026-05-18 19:31:00 | INFO     | Orchestration:128 | Bắt đầu khởi tạo phiên chơi mới - Dọn dẹp dữ liệu...
2026-05-18 19:31:00 | INFO     | DatabaseManager:159 | [Database] Đã mở kết nối bất đồng bộ tới ./data/World.db
2026-05-18 19:31:00 | INFO     | DatabaseManager:192 | [Database] Đã dọn dẹp sạch sẽ toàn bộ dữ liệu SQLite!
2026-05-18 19:31:00 | INFO     | DatabaseManager:177 | [Database] Khởi tạo các bảng SQL thành công!
2026-05-18 19:31:00 | INFO     | ImageManager:112 | [ImageManager] Bắt đầu dọn dẹp thư mục ảnh cũ cho Game mới...
2026-05-18 19:31:00 | INFO     | ImageManager:123 | [ImageManager] Dọn dẹp thư mục ảnh hoàn tất.
2026-05-18 19:31:39 | INFO     | Orchestration:137 | Người chơi chọn ý tưởng: 'thế giới khủng long'
2026-05-18 19:31:39 | INFO     | StoryDirector:86 | [StoryDirector] Đang tạo World Bible từ ý tưởng người chơi...
2026-05-18 19:31:41 | DEBUG    | StoryDirector:92 | [StoryDirector] Đã lưu World Bible xuống file: ./data/world_bible.json
2026-05-18 19:31:41 | DEBUG    | Orchestration:152 | World State Loaded: Dinosaur World | ['Prehistoric', 'Fantasy']
2026-05-18 19:31:41 | INFO     | Orchestration:156 | Khởi tạo Location đầu tiên...
2026-05-18 19:31:41 | INFO     | StoryDirector:100 | [StoryDirector] Đang khởi tạo địa điểm xuất phát cho thế giới 'Dinosaur World'...
2026-05-18 19:31:42 | DEBUG    | DatabaseManager:50 | [Locations] Đã lưu thành công 'Vực Thẳm Sống Sót'.
2026-05-18 19:31:42 | INFO     | ImageManager:45 | [ImageManager] Đang vẽ bối cảnh mới: 'Vực Thẳm Sống Sót'...
2026-05-18 19:31:42 | WARNING  | ImageManager:59 | [ImageManager] Tạo ảnh bối cảnh 'Vực Thẳm Sống Sót' thất bại.
2026-05-18 19:31:50 | INFO     | AudioManager:72 | [Audio] Đang phát nhạc: căng thẳng (hoi_hop.mp3)
2026-05-18 19:31:50 | INFO     | StoryDirector:125 | [StoryDirector] Bắt đầu sinh phân đoạn truyện mở đầu tại 'Vực Thẳm Sống Sót'...
2026-05-18 19:31:53 | INFO     | Orchestration:189 | Lưu ký ức Prologue (Turn 0)...
2026-05-18 19:31:53 | DEBUG    | MemoryManager:193 | [ShortTermMemory] Đã cập nhật Context Window hiện tại (Size: 1).
2026-05-18 19:31:53 | DEBUG    | DatabaseManager:200 | [Database] Đã ghi một ký ức mới vào Turn 0.
2026-05-18 19:31:53 | DEBUG    | MemoryProcessor:164 | [MemoryProcessor] Đã lưu 1 ký ức nguyên tử vào CSDL và VectorDB.
2026-05-18 19:31:53 | INFO     | StoryDirector:69 | [StoryDirector] Đang tính toán các lựa chọn tiếp theo...
2026-05-18 19:31:56 | DEBUG    | StoryDirector:80 | [StoryDirector] Đã tạo thành công 4 lựa chọn khả thi.
2026-05-18 19:31:56 | INFO     | Orchestration:208 | === BẮT ĐẦU VÒNG LẶP GAME CHÍNH (GAME LOOP) ===
2026-05-18 19:32:05 | INFO     | Orchestration:58 | [Turn Start] Player Input: 'Tôi nhảy xuống sông để trốn sau mỏm đá nhọn.'
2026-05-18 19:32:07 | DEBUG    | ActionProcessor:32 | [ActionManager] Đã tải thành công file action_directives.yaml!
2026-05-18 19:32:08 | DEBUG    | MemoryProcessor:100 | [MemoryProcessor] Truy vấn RAG đã mở rộng: 'nhảy xuống sông trốn sau mỏm đá nhọn Vực Thẳm Sống Sót'
2026-05-18 19:32:08 | DEBUG    | MemoryManager:164 | [VectorDB Search] 'nhảy xuống sông trốn sau mỏm đá nhọn Vực Thẳm Sống Sót' -> Trả về 10 kết quả.
2026-05-18 19:32:08 | DEBUG    | MemoryManager:85 | [RAG Context] Location IDs: [1]
2026-05-18 19:32:08 | DEBUG    | MemoryProcessor:131 | [Profile] RAG (với Rerank) hoàn tất trong: 0.851s
2026-05-18 19:32:08 | DEBUG    | StoryDirector:45 | [StoryDirector] Bắt đầu sinh luồng truyện (Streaming) cho hành động: 'Tôi nhảy xuống sông để trốn sau mỏm đá nhọn....'
2026-05-18 19:32:09 | DEBUG    | Orchestration:77 | [Profile] Time to First Token (TTFT): 1.200s
2026-05-18 19:32:36 | DEBUG    | StateProcessor:237 | [Profile] Background Tasks (State Extraction): 25.166s
2026-05-18 19:32:36 | INFO     | AudioManager:72 | [Audio] Đang phát nhạc: bình thường (binh_thuong.mp3)
2026-05-18 19:32:36 | DEBUG    | MemoryManager:193 | [ShortTermMemory] Đã cập nhật Context Window hiện tại (Size: 2).
2026-05-18 19:32:36 | DEBUG    | DatabaseManager:200 | [Database] Đã ghi một ký ức mới vào Turn 1.
2026-05-18 19:32:36 | DEBUG    | DatabaseManager:200 | [Database] Đã ghi một ký ức mới vào Turn 1.
2026-05-18 19:32:36 | DEBUG    | DatabaseManager:200 | [Database] Đã ghi một ký ức mới vào Turn 1.
2026-05-18 19:32:36 | DEBUG    | DatabaseManager:200 | [Database] Đã ghi một ký ức mới vào Turn 1.
2026-05-18 19:32:36 | DEBUG    | DatabaseManager:200 | [Database] Đã ghi một ký ức mới vào Turn 1.
2026-05-18 19:32:36 | DEBUG    | DatabaseManager:200 | [Database] Đã ghi một ký ức mới vào Turn 1.
2026-05-18 19:32:36 | DEBUG    | MemoryProcessor:164 | [MemoryProcessor] Đã lưu 6 ký ức nguyên tử vào CSDL và VectorDB.
2026-05-18 19:32:36 | INFO     | StoryDirector:69 | [StoryDirector] Đang tính toán các lựa chọn tiếp theo...
2026-05-18 19:32:39 | DEBUG    | StoryDirector:80 | [StoryDirector] Đã tạo thành công 3 lựa chọn khả thi.
2026-05-18 19:32:39 | DEBUG    | Orchestration:109 | [Profile] Tổng thời gian Turn: 31.797s
2026-05-18 19:32:46 | INFO     | AudioManager:36 | [Audio] Đã TẮT nhạc nền.
2026-05-18 19:40:40 | INFO     | Orchestration:214 | Người chơi thoát game an toàn. Đang đóng CSDL...
2026-05-19 10:30:24 | INFO     | Orchestration:20 | Đang khởi tạo hệ thống Eldoria Game Engine...
2026-05-19 10:30:25 | DEBUG    | ImageManager:22 | [ImageManager] Đã khởi tạo các thư mục bộ nhớ đệm ảnh.
2026-05-19 10:30:25 | INFO     | MemoryManager:19 | [VectorDB] Đang khởi tạo Embedding Model từ: bkai-foundation-models/vietnamese-bi-encoder...
2026-05-19 10:31:23 | DEBUG    | MemoryManager:98 | [VectorDB] Không tìm thấy CSDL FAISS cũ. Khởi tạo Ký ức mới hoàn toàn.
2026-05-19 10:31:23 | DEBUG    | MemoryProcessor:16 | [MemoryProcessor] Đã khởi tạo hệ thống xử lý Ký ức.
2026-05-19 10:31:27 | DEBUG    | StoryDirector:29 | [StoryDirector] Đã khởi tạo các Cloud Agents (Llama-3 & Qwen).
2026-05-19 10:31:27 | INFO     | Orchestration:50 | Hệ thống đã sẵn sàng!
2026-05-19 10:31:27 | INFO     | Orchestration:128 | Bắt đầu khởi tạo phiên chơi mới - Dọn dẹp dữ liệu...
2026-05-19 10:31:27 | INFO     | DatabaseManager:159 | [Database] Đã mở kết nối bất đồng bộ tới ./data/World.db
2026-05-19 10:31:27 | ERROR    | DatabaseManager:194 | [Database Lỗi] Xảy ra sự cố khi dọn dẹp CSDL: no such table: Memory
Traceback (most recent call last):
  File "c:\Users\12345\OneDrive\Documents\AI-Adventure-Game\engine\DataManager\DatabaseManager.py", line 189, in reset_database
    await self.conn.execute(f"DELETE FROM {table}")
  File "C:\Users\12345\AppData\Local\Programs\Python\Python312\Lib\site-packages\aiosqlite\core.py", line 223, in execute
    cursor = await self._execute(self._conn.execute, sql, parameters)
             ^^^^^^^^^^^^^^^^^^^^^^^^^^^^^^^^^^^^^^^^^^^^^^^^^^^^^^^^
  File "C:\Users\12345\AppData\Local\Programs\Python\Python312\Lib\site-packages\aiosqlite\core.py", line 160, in _execute
    return await future
           ^^^^^^^^^^^^
  File "C:\Users\12345\AppData\Local\Programs\Python\Python312\Lib\site-packages\aiosqlite\core.py", line 63, in _connection_worker_thread
    result = function()
             ^^^^^^^^^^
sqlite3.OperationalError: no such table: Memory
2026-05-19 10:31:27 | DEBUG    | DatabaseManager:107 | [Memory] Đang cập nhật schema, thêm cột 'id_type'...
2026-05-19 10:31:27 | INFO     | DatabaseManager:177 | [Database] Khởi tạo các bảng SQL thành công!
2026-05-19 10:31:27 | INFO     | ImageManager:112 | [ImageManager] Bắt đầu dọn dẹp thư mục ảnh cũ cho Game mới...
2026-05-19 10:31:27 | INFO     | ImageManager:123 | [ImageManager] Dọn dẹp thư mục ảnh hoàn tất.
2026-05-19 10:34:44 | INFO     | Orchestration:137 | Người chơi chọn ý tưởng: 'Thế giới Cyberpunk bị rồng thống trị'
2026-05-19 10:34:44 | INFO     | StoryDirector:86 | [StoryDirector] Đang tạo World Bible từ ý tưởng người chơi...
2026-05-19 10:34:49 | DEBUG    | StoryDirector:92 | [StoryDirector] Đã lưu World Bible xuống file: ./data/world_bible.json
2026-05-19 10:34:49 | DEBUG    | Orchestration:152 | World State Loaded: CyberDragon Nexus | ['Cyberpunk', 'Fantasy Sci-Fi Fusion', 'High-Tech Low-Life']
2026-05-19 10:34:49 | INFO     | Orchestration:156 | Khởi tạo Location đầu tiên...
2026-05-19 10:34:49 | INFO     | StoryDirector:100 | [StoryDirector] Đang khởi tạo địa điểm xuất phát cho thế giới 'CyberDragon Nexus'...
2026-05-19 10:34:51 | DEBUG    | DatabaseManager:50 | [Locations] Đã lưu thành công 'Tháp Sáng Dragon Neon'.
2026-05-19 10:34:51 | INFO     | ImageManager:45 | [ImageManager] Đang vẽ bối cảnh mới: 'Tháp Sáng Dragon Neon'...
2026-05-19 10:34:51 | WARNING  | ImageManager:59 | [ImageManager] Tạo ảnh bối cảnh 'Tháp Sáng Dragon Neon' thất bại.
2026-05-19 10:34:58 | INFO     | AudioManager:72 | [Audio] Đang phát nhạc: căng thẳng (hoi_hop.mp3)
2026-05-19 10:34:58 | INFO     | StoryDirector:125 | [StoryDirector] Bắt đầu sinh phân đoạn truyện mở đầu tại 'Tháp Sáng Dragon Neon'...
2026-05-19 10:35:01 | INFO     | Orchestration:189 | Lưu ký ức Prologue (Turn 0)...
2026-05-19 10:35:01 | DEBUG    | MemoryManager:193 | [ShortTermMemory] Đã cập nhật Context Window hiện tại (Size: 1).
2026-05-19 10:35:01 | DEBUG    | DatabaseManager:200 | [Database] Đã ghi một ký ức mới vào Turn 0.
2026-05-19 10:35:02 | DEBUG    | MemoryProcessor:164 | [MemoryProcessor] Đã lưu 1 ký ức nguyên tử vào CSDL và VectorDB.
2026-05-19 10:35:02 | INFO     | StoryDirector:69 | [StoryDirector] Đang tính toán các lựa chọn tiếp theo...
2026-05-19 10:35:04 | DEBUG    | StoryDirector:80 | [StoryDirector] Đã tạo thành công 4 lựa chọn khả thi.
2026-05-19 10:35:04 | INFO     | Orchestration:208 | === BẮT ĐẦU VÒNG LẶP GAME CHÍNH (GAME LOOP) ===
2026-05-19 10:36:19 | INFO     | AudioManager:38 | [Audio] Đã BẬT nhạc nền.
2026-05-19 10:36:19 | INFO     | AudioManager:72 | [Audio] Đang phát nhạc: căng thẳng (hoi_hop.mp3)
2026-05-19 10:36:51 | INFO     | Orchestration:58 | [Turn Start] Player Input: 'Trốn vào một hẻm nhỏ gần đó để tránh sự chú ý (Stealth)'
2026-05-19 10:36:54 | DEBUG    | ActionProcessor:32 | [ActionManager] Đã tải thành công file action_directives.yaml!
2026-05-19 10:36:55 | DEBUG    | MemoryProcessor:100 | [MemoryProcessor] Truy vấn RAG đã mở rộng: 'trốn hẻm nhỏ Tháp Sáng Dragon Neon'
2026-05-19 10:36:55 | DEBUG    | MemoryManager:164 | [VectorDB Search] 'trốn hẻm nhỏ Tháp Sáng Dragon Neon' -> Trả về 1 kết quả.
2026-05-19 10:36:55 | DEBUG    | MemoryManager:85 | [RAG Context] Location IDs: [1]
2026-05-19 10:36:55 | DEBUG    | MemoryProcessor:131 | [Profile] RAG (với Rerank) hoàn tất trong: 1.023s
2026-05-19 10:36:55 | DEBUG    | StoryDirector:45 | [StoryDirector] Bắt đầu sinh luồng truyện (Streaming) cho hành động: 'Trốn vào một hẻm nhỏ gần đó để tránh sự chú ý (Ste...'
2026-05-19 10:36:56 | DEBUG    | Orchestration:77 | [Profile] Time to First Token (TTFT): 0.464s
2026-05-19 10:37:13 | DEBUG    | StateProcessor:237 | [Profile] Background Tasks (State Extraction): 16.377s
2026-05-19 10:37:13 | INFO     | StateProcessor:167 | [Hệ Thống] ---> THAY ĐỔI TÚI ĐỒ <---
2026-05-19 10:37:13 | INFO     | StateProcessor:196 |  [Balo hiện tại]: Trống rỗng
2026-05-19 10:37:13 | INFO     | StateProcessor:115 |  [-] NPC đã rời khỏi phân cảnh: không có npc nào rời đi
2026-05-19 10:37:13 | INFO     | StateProcessor:135 |  [+] Phát hiện nhân vật xuất hiện: Cô gái cảnh sát
2026-05-19 10:37:13 | INFO     | StateProcessor:26 | [Cloud] Đang thiết kế chỉ số và cốt truyện nền cho: Cô gái cảnh sát...
2026-05-19 10:37:17 | INFO     | ImageManager:73 | [ImageManager] Đang vẽ NPC mới: 'Lê Anh Thư'...
2026-05-19 10:37:17 | WARNING  | ImageManager:83 | [ImageManager] Tạo ảnh NPC 'Lê Anh Thư' thất bại.
2026-05-19 10:37:17 | DEBUG    | DatabaseManager:50 | [NPCs] Đã lưu thành công 'Lê Anh Thư'.
2026-05-19 10:37:17 | INFO     | AudioManager:72 | [Audio] Đang phát nhạc: rùng rợn (rung_ron.mp3)
2026-05-19 10:37:17 | DEBUG    | MemoryManager:193 | [ShortTermMemory] Đã cập nhật Context Window hiện tại (Size: 2).
2026-05-19 10:37:17 | DEBUG    | DatabaseManager:200 | [Database] Đã ghi một ký ức mới vào Turn 1.
2026-05-19 10:37:17 | DEBUG    | DatabaseManager:200 | [Database] Đã ghi một ký ức mới vào Turn 1.
2026-05-19 10:37:17 | DEBUG    | DatabaseManager:200 | [Database] Đã ghi một ký ức mới vào Turn 1.
2026-05-19 10:37:17 | DEBUG    | DatabaseManager:200 | [Database] Đã ghi một ký ức mới vào Turn 1.
2026-05-19 10:37:17 | DEBUG    | DatabaseManager:200 | [Database] Đã ghi một ký ức mới vào Turn 1.
2026-05-19 10:37:17 | DEBUG    | MemoryProcessor:164 | [MemoryProcessor] Đã lưu 5 ký ức nguyên tử vào CSDL và VectorDB.
2026-05-19 10:37:17 | INFO     | StoryDirector:69 | [StoryDirector] Đang tính toán các lựa chọn tiếp theo...
2026-05-19 10:37:20 | DEBUG    | StoryDirector:80 | [StoryDirector] Đã tạo thành công 3 lựa chọn khả thi.
2026-05-19 10:37:20 | DEBUG    | Orchestration:109 | [Profile] Tổng thời gian Turn: 26.030s
2026-05-19 10:40:23 | INFO     | AudioManager:36 | [Audio] Đã TẮT nhạc nền.
2026-05-19 10:41:36 | INFO     | Orchestration:58 | [Turn Start] Player Input: 'Tôi lẻn sau đống thùng và giữ im lặng (Stealth)'
2026-05-19 10:41:39 | DEBUG    | ActionProcessor:32 | [ActionManager] Đã tải thành công file action_directives.yaml!
2026-05-19 10:41:40 | DEBUG    | MemoryProcessor:100 | [MemoryProcessor] Truy vấn RAG đã mở rộng: 'Tháp Sáng Dragon Neon Lê Anh Thư lẻn sau thùng ẩn nấp'
2026-05-19 10:41:40 | DEBUG    | MemoryManager:164 | [VectorDB Search] 'Tháp Sáng Dragon Neon Lê Anh Thư lẻn sau thùng ẩn nấp' -> Trả về 6 kết quả.
2026-05-19 10:41:40 | DEBUG    | MemoryManager:83 | [RAG Context] NPC IDs: [1]
2026-05-19 10:41:40 | DEBUG    | MemoryManager:85 | [RAG Context] Location IDs: [1]
2026-05-19 10:41:40 | DEBUG    | MemoryProcessor:131 | [Profile] RAG (với Rerank) hoàn tất trong: 0.767s
2026-05-19 10:41:40 | DEBUG    | StoryDirector:45 | [StoryDirector] Bắt đầu sinh luồng truyện (Streaming) cho hành động: 'Tôi lẻn sau đống thùng và giữ im lặng (Stealth)...'
2026-05-19 10:41:40 | DEBUG    | Orchestration:77 | [Profile] Time to First Token (TTFT): 0.373s
2026-05-19 10:41:53 | DEBUG    | StateProcessor:237 | [Profile] Background Tasks (State Extraction): 12.267s
2026-05-19 10:41:53 | INFO     | StateProcessor:115 |  [-] NPC đã rời khỏi phân cảnh: lê anh thư
2026-05-19 10:41:53 | INFO     | StateProcessor:135 |  [+] Phát hiện nhân vật xuất hiện: Lê Anh Thư
2026-05-19 10:41:53 | DEBUG    | MemoryManager:193 | [ShortTermMemory] Đã cập nhật Context Window hiện tại (Size: 3).
2026-05-19 10:41:53 | DEBUG    | DatabaseManager:200 | [Database] Đã ghi một ký ức mới vào Turn 2.
2026-05-19 10:41:53 | DEBUG    | DatabaseManager:200 | [Database] Đã ghi một ký ức mới vào Turn 2.
2026-05-19 10:41:53 | DEBUG    | DatabaseManager:200 | [Database] Đã ghi một ký ức mới vào Turn 2.
2026-05-19 10:41:54 | DEBUG    | DatabaseManager:200 | [Database] Đã ghi một ký ức mới vào Turn 2.
2026-05-19 10:41:54 | DEBUG    | DatabaseManager:200 | [Database] Đã ghi một ký ức mới vào Turn 2.
2026-05-19 10:41:54 | DEBUG    | MemoryProcessor:164 | [MemoryProcessor] Đã lưu 5 ký ức nguyên tử vào CSDL và VectorDB.
2026-05-19 10:41:54 | INFO     | StoryDirector:69 | [StoryDirector] Đang tính toán các lựa chọn tiếp theo...
2026-05-19 10:41:56 | DEBUG    | StoryDirector:80 | [StoryDirector] Đã tạo thành công 3 lựa chọn khả thi.
2026-05-19 10:41:56 | DEBUG    | Orchestration:109 | [Profile] Tổng thời gian Turn: 16.736s
2026-05-19 10:43:14 | INFO     | Orchestration:58 | [Turn Start] Player Input: 'tôi nhặt được một cây gậy gần đó và cẩn thận tiếp cận Lê Anh Thư'
2026-05-19 10:43:16 | DEBUG    | ActionProcessor:32 | [ActionManager] Đã tải thành công file action_directives.yaml!
2026-05-19 10:43:17 | DEBUG    | MemoryProcessor:100 | [MemoryProcessor] Truy vấn RAG đã mở rộng: 'nhặt gậy tiếp cận Lê Anh Thư Tháp Sáng Dragon Neon'
2026-05-19 10:43:17 | DEBUG    | MemoryManager:164 | [VectorDB Search] 'nhặt gậy tiếp cận Lê Anh Thư Tháp Sáng Dragon Neon' -> Trả về 10 kết quả.
2026-05-19 10:43:17 | DEBUG    | MemoryManager:83 | [RAG Context] NPC IDs: [1]
2026-05-19 10:43:17 | DEBUG    | MemoryManager:85 | [RAG Context] Location IDs: [1]
2026-05-19 10:43:17 | DEBUG    | MemoryProcessor:131 | [Profile] RAG (với Rerank) hoàn tất trong: 0.664s
2026-05-19 10:43:17 | DEBUG    | StoryDirector:45 | [StoryDirector] Bắt đầu sinh luồng truyện (Streaming) cho hành động: 'tôi nhặt được một cây gậy gần đó và cẩn thận tiếp ...'
2026-05-19 10:43:17 | DEBUG    | Orchestration:77 | [Profile] Time to First Token (TTFT): 0.426s
2026-05-19 10:43:29 | DEBUG    | StateProcessor:237 | [Profile] Background Tasks (State Extraction): 10.959s
2026-05-19 10:43:29 | INFO     | StateProcessor:167 | [Hệ Thống] ---> THAY ĐỔI TÚI ĐỒ <---
2026-05-19 10:43:29 | INFO     | ImageManager:95 | [ImageManager] Đang vẽ vật phẩm mới: 'cây gậy'...
2026-05-19 10:43:29 | WARNING  | ImageManager:107 | [ImageManager] Tạo ảnh vật phẩm 'cây gậy' thất bại.
2026-05-19 10:43:29 | INFO     | StateProcessor:179 |  [+] Nhận được: cây gậy
2026-05-19 10:43:29 | INFO     | StateProcessor:196 |  [Balo hiện tại]: cây gậy
2026-05-19 10:43:29 | DEBUG    | MemoryManager:193 | [ShortTermMemory] Đã cập nhật Context Window hiện tại (Size: 4).
2026-05-19 10:43:29 | DEBUG    | DatabaseManager:200 | [Database] Đã ghi một ký ức mới vào Turn 3.
2026-05-19 10:43:29 | DEBUG    | DatabaseManager:200 | [Database] Đã ghi một ký ức mới vào Turn 3.
2026-05-19 10:43:29 | DEBUG    | DatabaseManager:200 | [Database] Đã ghi một ký ức mới vào Turn 3.
2026-05-19 10:43:29 | DEBUG    | DatabaseManager:200 | [Database] Đã ghi một ký ức mới vào Turn 3.
2026-05-19 10:43:30 | DEBUG    | MemoryProcessor:164 | [MemoryProcessor] Đã lưu 4 ký ức nguyên tử vào CSDL và VectorDB.
2026-05-19 10:43:30 | INFO     | StoryDirector:69 | [StoryDirector] Đang tính toán các lựa chọn tiếp theo...
2026-05-19 10:43:32 | DEBUG    | StoryDirector:80 | [StoryDirector] Đã tạo thành công 4 lựa chọn khả thi.
2026-05-19 10:43:32 | DEBUG    | Orchestration:109 | [Profile] Tổng thời gian Turn: 16.182s
2026-05-19 10:49:17 | INFO     | Orchestration:214 | Người chơi thoát game an toàn. Đang đóng CSDL...
2026-05-19 10:49:45 | INFO     | Orchestration:20 | Đang khởi tạo hệ thống Eldoria Game Engine...
2026-05-19 10:49:45 | DEBUG    | ImageManager:22 | [ImageManager] Đã khởi tạo các thư mục bộ nhớ đệm ảnh.
2026-05-19 10:49:45 | INFO     | MemoryManager:19 | [VectorDB] Đang khởi tạo Embedding Model từ: bkai-foundation-models/vietnamese-bi-encoder...
2026-05-19 10:49:52 | INFO     | MemoryManager:96 | [VectorDB] Khôi phục thành công 15 ký ức từ ổ cứng.
2026-05-19 10:49:52 | DEBUG    | MemoryProcessor:16 | [MemoryProcessor] Đã khởi tạo hệ thống xử lý Ký ức.
2026-05-19 10:49:56 | DEBUG    | StoryDirector:29 | [StoryDirector] Đã khởi tạo các Cloud Agents (Llama-3 & Qwen).
2026-05-19 10:49:56 | INFO     | Orchestration:50 | Hệ thống đã sẵn sàng!
2026-05-19 10:49:56 | INFO     | Orchestration:128 | Bắt đầu khởi tạo phiên chơi mới - Dọn dẹp dữ liệu...
2026-05-19 10:49:56 | INFO     | DatabaseManager:159 | [Database] Đã mở kết nối bất đồng bộ tới ./data/World.db
2026-05-19 10:49:56 | INFO     | DatabaseManager:192 | [Database] Đã dọn dẹp sạch sẽ toàn bộ dữ liệu SQLite!
2026-05-19 10:49:56 | INFO     | DatabaseManager:177 | [Database] Khởi tạo các bảng SQL thành công!
2026-05-19 10:49:56 | INFO     | ImageManager:112 | [ImageManager] Bắt đầu dọn dẹp thư mục ảnh cũ cho Game mới...
2026-05-19 10:49:56 | INFO     | ImageManager:123 | [ImageManager] Dọn dẹp thư mục ảnh hoàn tất.
2026-05-19 10:56:24 | INFO     | Orchestration:20 | Đang khởi tạo hệ thống Eldoria Game Engine...
2026-05-19 10:56:24 | DEBUG    | ImageManager:22 | [ImageManager] Đã khởi tạo các thư mục bộ nhớ đệm ảnh.
2026-05-19 10:56:25 | INFO     | MemoryManager:19 | [VectorDB] Đang khởi tạo Embedding Model từ: bkai-foundation-models/vietnamese-bi-encoder...
2026-05-19 10:56:31 | INFO     | MemoryManager:96 | [VectorDB] Khôi phục thành công 15 ký ức từ ổ cứng.
2026-05-19 10:56:31 | DEBUG    | MemoryProcessor:16 | [MemoryProcessor] Đã khởi tạo hệ thống xử lý Ký ức.
2026-05-19 10:56:35 | DEBUG    | StoryDirector:29 | [StoryDirector] Đã khởi tạo các Cloud Agents (Llama-3 & Qwen).
2026-05-19 10:56:35 | INFO     | Orchestration:50 | Hệ thống đã sẵn sàng!
2026-05-19 10:56:35 | INFO     | Orchestration:128 | Bắt đầu khởi tạo phiên chơi mới - Dọn dẹp dữ liệu...
2026-05-19 10:56:35 | INFO     | DatabaseManager:159 | [Database] Đã mở kết nối bất đồng bộ tới ./data/World.db
2026-05-19 10:56:35 | INFO     | DatabaseManager:192 | [Database] Đã dọn dẹp sạch sẽ toàn bộ dữ liệu SQLite!
2026-05-19 10:56:35 | INFO     | DatabaseManager:177 | [Database] Khởi tạo các bảng SQL thành công!
2026-05-19 10:56:35 | INFO     | ImageManager:112 | [ImageManager] Bắt đầu dọn dẹp thư mục ảnh cũ cho Game mới...
2026-05-19 10:56:35 | INFO     | ImageManager:123 | [ImageManager] Dọn dẹp thư mục ảnh hoàn tất.
2026-05-19 10:57:10 | INFO     | Orchestration:137 | Người chơi chọn ý tưởng: 'Thế giới Cyberpunk bị rồng thống trị'
2026-05-19 10:57:10 | INFO     | StoryDirector:86 | [StoryDirector] Đang tạo World Bible từ ý tưởng người chơi...
2026-05-19 10:57:13 | DEBUG    | StoryDirector:92 | [StoryDirector] Đã lưu World Bible xuống file: ./data/world_bible.json
2026-05-19 10:57:13 | DEBUG    | Orchestration:152 | World State Loaded: Thế Giới Cyberpunk Bị Rồng Thống Trị | ['Cyberpunk', 'Fantasy', 'Sci-Fi Fantasy']
2026-05-19 10:57:13 | INFO     | Orchestration:156 | Khởi tạo Location đầu tiên...
2026-05-19 10:57:13 | INFO     | StoryDirector:100 | [StoryDirector] Đang khởi tạo địa điểm xuất phát cho thế giới 'Thế Giới Cyberpunk Bị Rồng Thống Trị'...
2026-05-19 10:57:14 | DEBUG    | DatabaseManager:50 | [Locations] Đã lưu thành công 'Khu ổ dịch Rồng Neon'.
2026-05-19 10:57:14 | INFO     | ImageManager:45 | [ImageManager] Đang vẽ bối cảnh mới: 'Khu ổ dịch Rồng Neon'...
2026-05-19 10:57:18 | DEBUG    | ImageManager:56 | [ImageManager] Đã lưu thành công bối cảnh: ./data\location_images\7475f75b7b2a.png
2026-05-19 10:57:25 | INFO     | AudioManager:72 | [Audio] Đang phát nhạc: sợ hãi (binh_thuong.mp3)
2026-05-19 10:57:25 | INFO     | StoryDirector:125 | [StoryDirector] Bắt đầu sinh phân đoạn truyện mở đầu tại 'Khu ổ dịch Rồng Neon'...
2026-05-19 10:57:27 | INFO     | Orchestration:189 | Lưu ký ức Prologue (Turn 0)...
2026-05-19 10:57:27 | DEBUG    | MemoryManager:193 | [ShortTermMemory] Đã cập nhật Context Window hiện tại (Size: 1).
2026-05-19 10:57:27 | DEBUG    | DatabaseManager:200 | [Database] Đã ghi một ký ức mới vào Turn 0.
2026-05-19 10:57:28 | DEBUG    | MemoryProcessor:164 | [MemoryProcessor] Đã lưu 1 ký ức nguyên tử vào CSDL và VectorDB.
2026-05-19 10:57:28 | INFO     | StoryDirector:69 | [StoryDirector] Đang tính toán các lựa chọn tiếp theo...
2026-05-19 10:57:30 | DEBUG    | StoryDirector:80 | [StoryDirector] Đã tạo thành công 4 lựa chọn khả thi.
2026-05-19 10:57:30 | INFO     | Orchestration:208 | === BẮT ĐẦU VÒNG LẶP GAME CHÍNH (GAME LOOP) ===
2026-05-19 10:57:41 | INFO     | Orchestration:58 | [Turn Start] Player Input: 'Giao tiếp với nhóm shadow_net để tìm hỗ trợ.'
2026-05-19 10:57:44 | DEBUG    | ActionProcessor:32 | [ActionManager] Đã tải thành công file action_directives.yaml!
2026-05-19 10:57:45 | DEBUG    | MemoryProcessor:100 | [MemoryProcessor] Truy vấn RAG đã mở rộng: 'shadow_net hỗ trợ Khu ổ dịch Rồng Neon'
2026-05-19 10:57:45 | DEBUG    | MemoryManager:164 | [VectorDB Search] 'shadow_net hỗ trợ Khu ổ dịch Rồng Neon' -> Trả về 10 kết quả.
2026-05-19 10:57:45 | DEBUG    | MemoryManager:85 | [RAG Context] Location IDs: [1]
2026-05-19 10:57:45 | DEBUG    | MemoryProcessor:131 | [Profile] RAG (với Rerank) hoàn tất trong: 0.615s
2026-05-19 10:57:45 | DEBUG    | StoryDirector:45 | [StoryDirector] Bắt đầu sinh luồng truyện (Streaming) cho hành động: 'Giao tiếp với nhóm shadow_net để tìm hỗ trợ....'
2026-05-19 10:57:45 | DEBUG    | Orchestration:77 | [Profile] Time to First Token (TTFT): 0.694s
2026-05-19 10:58:01 | DEBUG    | StateProcessor:237 | [Profile] Background Tasks (State Extraction): 14.840s
2026-05-19 10:58:01 | INFO     | StateProcessor:115 |  [-] NPC đã rời khỏi phân cảnh: shadow_net
2026-05-19 10:58:01 | INFO     | StateProcessor:135 |  [+] Phát hiện nhân vật xuất hiện: shadow_net
2026-05-19 10:58:01 | INFO     | StateProcessor:26 | [Cloud] Đang thiết kế chỉ số và cốt truyện nền cho: shadow_net...
2026-05-19 10:58:02 | INFO     | ImageManager:73 | [ImageManager] Đang vẽ NPC mới: 'Minh Nhật'...
2026-05-19 10:58:06 | DEBUG    | ImageManager:80 | [ImageManager] Đã lưu thành công NPC (đã tách nền): ./data\npc_images\3f047188953a.png
2026-05-19 10:58:06 | DEBUG    | DatabaseManager:50 | [NPCs] Đã lưu thành công 'Minh Nhật'.
2026-05-19 10:58:06 | INFO     | AudioManager:72 | [Audio] Đang phát nhạc: căng thẳng (hoi_hop.mp3)
2026-05-19 10:58:06 | DEBUG    | MemoryManager:193 | [ShortTermMemory] Đã cập nhật Context Window hiện tại (Size: 2).
2026-05-19 10:58:06 | DEBUG    | DatabaseManager:200 | [Database] Đã ghi một ký ức mới vào Turn 1.
2026-05-19 10:58:06 | DEBUG    | DatabaseManager:200 | [Database] Đã ghi một ký ức mới vào Turn 1.
2026-05-19 10:58:06 | DEBUG    | DatabaseManager:200 | [Database] Đã ghi một ký ức mới vào Turn 1.
2026-05-19 10:58:06 | DEBUG    | DatabaseManager:200 | [Database] Đã ghi một ký ức mới vào Turn 1.
2026-05-19 10:58:06 | DEBUG    | DatabaseManager:200 | [Database] Đã ghi một ký ức mới vào Turn 1.
2026-05-19 10:58:06 | DEBUG    | DatabaseManager:200 | [Database] Đã ghi một ký ức mới vào Turn 1.
2026-05-19 10:58:06 | DEBUG    | MemoryProcessor:164 | [MemoryProcessor] Đã lưu 6 ký ức nguyên tử vào CSDL và VectorDB.
2026-05-19 10:58:06 | INFO     | StoryDirector:69 | [StoryDirector] Đang tính toán các lựa chọn tiếp theo...
2026-05-19 10:58:10 | DEBUG    | StoryDirector:80 | [StoryDirector] Đã tạo thành công 3 lựa chọn khả thi.
2026-05-19 10:58:10 | DEBUG    | Orchestration:109 | [Profile] Tổng thời gian Turn: 25.849s
2026-05-19 10:59:02 | INFO     | Orchestration:58 | [Turn Start] Player Input: 'Tôi kiểm tra máy quét retine xem có thể dùng để mở lối đi nào không.'
2026-05-19 10:59:05 | DEBUG    | ActionProcessor:32 | [ActionManager] Đã tải thành công file action_directives.yaml!
2026-05-19 10:59:06 | DEBUG    | MemoryProcessor:100 | [MemoryProcessor] Truy vấn RAG đã mở rộng: 'máy quét retina mở lối đi Khu ổ dịch Rồng Neon Minh Nhật'
2026-05-19 10:59:06 | DEBUG    | MemoryManager:164 | [VectorDB Search] 'máy quét retina mở lối đi Khu ổ dịch Rồng Neon Minh Nhật' -> Trả về 10 kết quả.
2026-05-19 10:59:06 | DEBUG    | MemoryManager:83 | [RAG Context] NPC IDs: [1]
2026-05-19 10:59:06 | DEBUG    | MemoryManager:85 | [RAG Context] Location IDs: [1]
2026-05-19 10:59:06 | DEBUG    | MemoryProcessor:131 | [Profile] RAG (với Rerank) hoàn tất trong: 0.792s
2026-05-19 10:59:06 | DEBUG    | StoryDirector:45 | [StoryDirector] Bắt đầu sinh luồng truyện (Streaming) cho hành động: 'Tôi kiểm tra máy quét retine xem có thể dùng để mở...'
2026-05-19 10:59:07 | DEBUG    | Orchestration:77 | [Profile] Time to First Token (TTFT): 0.520s
2026-05-19 10:59:27 | DEBUG    | StateProcessor:237 | [Profile] Background Tasks (State Extraction): 19.159s
2026-05-19 10:59:27 | INFO     | StateProcessor:115 |  [-] NPC đã rời khỏi phân cảnh: minh nhật
2026-05-19 10:59:27 | INFO     | StateProcessor:135 |  [+] Phát hiện nhân vật xuất hiện: Minh Nhật
2026-05-19 10:59:27 | DEBUG    | MemoryManager:193 | [ShortTermMemory] Đã cập nhật Context Window hiện tại (Size: 3).
2026-05-19 10:59:27 | DEBUG    | DatabaseManager:200 | [Database] Đã ghi một ký ức mới vào Turn 2.
2026-05-19 10:59:27 | DEBUG    | DatabaseManager:200 | [Database] Đã ghi một ký ức mới vào Turn 2.
2026-05-19 10:59:27 | DEBUG    | DatabaseManager:200 | [Database] Đã ghi một ký ức mới vào Turn 2.
2026-05-19 10:59:27 | DEBUG    | DatabaseManager:200 | [Database] Đã ghi một ký ức mới vào Turn 2.
2026-05-19 10:59:27 | DEBUG    | DatabaseManager:200 | [Database] Đã ghi một ký ức mới vào Turn 2.
2026-05-19 10:59:27 | DEBUG    | MemoryProcessor:164 | [MemoryProcessor] Đã lưu 5 ký ức nguyên tử vào CSDL và VectorDB.
2026-05-19 10:59:27 | INFO     | StoryDirector:69 | [StoryDirector] Đang tính toán các lựa chọn tiếp theo...
2026-05-19 10:59:29 | DEBUG    | StoryDirector:80 | [StoryDirector] Đã tạo thành công 4 lựa chọn khả thi.
2026-05-19 10:59:29 | DEBUG    | Orchestration:109 | [Profile] Tổng thời gian Turn: 23.394s
2026-05-19 11:00:02 | INFO     | Orchestration:58 | [Turn Start] Player Input: 'Tôi tìm cách đánh cắp dữ liệu từ hệ thống an ninh để vô hiệu hóa Minh Nhật.'
2026-05-19 11:00:05 | DEBUG    | ActionProcessor:32 | [ActionManager] Đã tải thành công file action_directives.yaml!
2026-05-19 11:00:05 | DEBUG    | MemoryProcessor:100 | [MemoryProcessor] Truy vấn RAG đã mở rộng: 'đánh cắp dữ liệu hệ thống an ninh vô hiệu hóa Minh Nhật'
2026-05-19 11:00:05 | DEBUG    | MemoryManager:164 | [VectorDB Search] 'đánh cắp dữ liệu hệ thống an ninh vô hiệu hóa Minh Nhật' -> Trả về 10 kết quả.
2026-05-19 11:00:05 | DEBUG    | MemoryManager:83 | [RAG Context] NPC IDs: [1]
2026-05-19 11:00:05 | DEBUG    | MemoryManager:85 | [RAG Context] Location IDs: [1]
2026-05-19 11:00:05 | DEBUG    | MemoryProcessor:131 | [Profile] RAG (với Rerank) hoàn tất trong: 0.687s
2026-05-19 11:00:05 | DEBUG    | StoryDirector:45 | [StoryDirector] Bắt đầu sinh luồng truyện (Streaming) cho hành động: 'Tôi tìm cách đánh cắp dữ liệu từ hệ thống an ninh ...'
2026-05-19 11:00:06 | DEBUG    | Orchestration:77 | [Profile] Time to First Token (TTFT): 1.091s
2026-05-19 11:00:28 | DEBUG    | StateProcessor:237 | [Profile] Background Tasks (State Extraction): 19.870s
2026-05-19 11:00:28 | INFO     | StateProcessor:167 | [Hệ Thống] ---> THAY ĐỔI TÚI ĐỒ <---
2026-05-19 11:00:28 | INFO     | ImageManager:95 | [ImageManager] Đang vẽ vật phẩm mới: 'Mã code'...
2026-05-19 11:00:30 | DEBUG    | ImageManager:104 | [ImageManager] Đã lưu thành công icon vật phẩm: ./data\item_images\4ff8222ed346.png
2026-05-19 11:00:30 | INFO     | StateProcessor:179 |  [+] Nhận được: Mã code
2026-05-19 11:00:30 | INFO     | StateProcessor:196 |  [Balo hiện tại]: Mã code
2026-05-19 11:00:30 | INFO     | AudioManager:72 | [Audio] Đang phát nhạc: chiến thắng (chien_thang.mp3)
2026-05-19 11:00:30 | DEBUG    | MemoryManager:193 | [ShortTermMemory] Đã cập nhật Context Window hiện tại (Size: 4).
2026-05-19 11:00:30 | DEBUG    | DatabaseManager:200 | [Database] Đã ghi một ký ức mới vào Turn 3.
2026-05-19 11:00:31 | DEBUG    | DatabaseManager:200 | [Database] Đã ghi một ký ức mới vào Turn 3.
2026-05-19 11:00:31 | DEBUG    | DatabaseManager:200 | [Database] Đã ghi một ký ức mới vào Turn 3.
2026-05-19 11:00:31 | DEBUG    | DatabaseManager:200 | [Database] Đã ghi một ký ức mới vào Turn 3.
2026-05-19 11:00:31 | DEBUG    | DatabaseManager:200 | [Database] Đã ghi một ký ức mới vào Turn 3.
2026-05-19 11:00:31 | DEBUG    | DatabaseManager:200 | [Database] Đã ghi một ký ức mới vào Turn 3.
2026-05-19 11:00:31 | DEBUG    | DatabaseManager:200 | [Database] Đã ghi một ký ức mới vào Turn 3.
2026-05-19 11:00:31 | DEBUG    | MemoryProcessor:164 | [MemoryProcessor] Đã lưu 7 ký ức nguyên tử vào CSDL và VectorDB.
2026-05-19 11:00:31 | INFO     | StoryDirector:69 | [StoryDirector] Đang tính toán các lựa chọn tiếp theo...
2026-05-19 11:00:33 | DEBUG    | StoryDirector:80 | [StoryDirector] Đã tạo thành công 3 lựa chọn khả thi.
2026-05-19 11:00:33 | DEBUG    | Orchestration:109 | [Profile] Tổng thời gian Turn: 28.167s
2026-05-19 11:01:21 | INFO     | Orchestration:214 | Người chơi thoát game an toàn. Đang đóng CSDL...
2026-05-19 12:02:21 | INFO     | Orchestration:20 | Đang khởi tạo hệ thống Eldoria Game Engine...
2026-05-19 12:02:21 | DEBUG    | ImageManager:22 | [ImageManager] Đã khởi tạo các thư mục bộ nhớ đệm ảnh.
2026-05-19 12:02:23 | INFO     | MemoryManager:19 | [VectorDB] Đang khởi tạo Embedding Model từ: bkai-foundation-models/vietnamese-bi-encoder...
2026-05-19 12:02:29 | INFO     | MemoryManager:96 | [VectorDB] Khôi phục thành công 19 ký ức từ ổ cứng.
2026-05-19 12:02:30 | DEBUG    | MemoryProcessor:16 | [MemoryProcessor] Đã khởi tạo hệ thống xử lý Ký ức.
2026-05-19 12:02:35 | DEBUG    | StoryDirector:29 | [StoryDirector] Đã khởi tạo các Cloud Agents (Llama-3 & Qwen).
2026-05-19 12:02:35 | INFO     | Orchestration:52 | Hệ thống đã sẵn sàng!
2026-05-19 12:02:35 | INFO     | Orchestration:130 | Bắt đầu khởi tạo phiên chơi mới - Dọn dẹp dữ liệu...
2026-05-19 12:02:35 | INFO     | DatabaseManager:159 | [Database] Đã mở kết nối bất đồng bộ tới ./data/World.db
2026-05-19 12:02:35 | INFO     | DatabaseManager:192 | [Database] Đã dọn dẹp sạch sẽ toàn bộ dữ liệu SQLite!
2026-05-19 12:02:35 | INFO     | DatabaseManager:177 | [Database] Khởi tạo các bảng SQL thành công!
2026-05-19 12:02:35 | INFO     | ImageManager:112 | [ImageManager] Bắt đầu dọn dẹp thư mục ảnh cũ cho Game mới...
2026-05-19 12:02:35 | INFO     | ImageManager:123 | [ImageManager] Dọn dẹp thư mục ảnh hoàn tất.
2026-05-19 12:02:42 | INFO     | Orchestration:139 | Người chơi chọn ý tưởng: 'Thế giới Cyberpunk bị rồng thống trị'
2026-05-19 12:02:42 | INFO     | StoryDirector:86 | [StoryDirector] Đang tạo World Bible từ ý tưởng người chơi...
2026-05-19 12:02:53 | DEBUG    | StoryDirector:92 | [StoryDirector] Đã lưu World Bible xuống file: ./data/world_bible.json
2026-05-19 12:02:53 | DEBUG    | Orchestration:154 | World State Loaded: Vùng đất vô danh | Fantasy
2026-05-19 12:02:53 | INFO     | Orchestration:158 | Khởi tạo Location đầu tiên...
2026-05-19 12:02:54 | INFO     | StoryDirector:100 | [StoryDirector] Đang khởi tạo địa điểm xuất phát cho thế giới 'Vùng đất vô danh'...
2026-05-19 12:02:55 | DEBUG    | DatabaseManager:50 | [Locations] Đã lưu thành công 'Vùng Rừng Tử Thần'.
2026-05-19 12:02:55 | INFO     | ImageManager:45 | [ImageManager] Đang vẽ bối cảnh mới: 'Vùng Rừng Tử Thần'...
2026-05-19 12:02:55 | WARNING  | ImageManager:59 | [ImageManager] Tạo ảnh bối cảnh 'Vùng Rừng Tử Thần' thất bại.
2026-05-19 12:03:17 | INFO     | AudioManager:72 | [Audio] Đang phát nhạc: sợ hãi (binh_thuong.mp3)
2026-05-19 12:03:17 | INFO     | StoryDirector:125 | [StoryDirector] Bắt đầu sinh phân đoạn truyện mở đầu tại 'Vùng Rừng Tử Thần'...
2026-05-19 12:03:19 | INFO     | Orchestration:191 | Lưu ký ức Prologue (Turn 0)...
2026-05-19 12:03:19 | DEBUG    | MemoryManager:193 | [ShortTermMemory] Đã cập nhật Context Window hiện tại (Size: 1).
2026-05-19 12:03:19 | DEBUG    | DatabaseManager:200 | [Database] Đã ghi một ký ức mới vào Turn 0.
2026-05-19 12:03:19 | DEBUG    | MemoryProcessor:164 | [MemoryProcessor] Đã lưu 1 ký ức nguyên tử vào CSDL và VectorDB.
2026-05-19 12:03:19 | INFO     | StoryDirector:69 | [StoryDirector] Đang tính toán các lựa chọn tiếp theo...
2026-05-19 12:03:22 | DEBUG    | StoryDirector:80 | [StoryDirector] Đã tạo thành công 3 lựa chọn khả thi.
2026-05-19 12:03:22 | INFO     | Orchestration:210 | === BẮT ĐẦU VÒNG LẶP GAME CHÍNH (GAME LOOP) ===
2026-05-19 12:03:39 | INFO     | Orchestration:60 | [Turn Start] Player Input: 'Tôi né sang trái phải tránh thân cây đổ.'
2026-05-19 12:03:41 | DEBUG    | ActionProcessor:32 | [ActionManager] Đã tải thành công file action_directives.yaml!
2026-05-19 12:03:42 | DEBUG    | MemoryProcessor:100 | [MemoryProcessor] Truy vấn RAG đã mở rộng: 'tránh thân cây đổ Vùng Rừng Tử Thần'
2026-05-19 12:03:42 | DEBUG    | MemoryManager:164 | [VectorDB Search] 'tránh thân cây đổ Vùng Rừng Tử Thần' -> Trả về 10 kết quả.
2026-05-19 12:03:42 | DEBUG    | MemoryManager:85 | [RAG Context] Location IDs: [1]
2026-05-19 12:03:42 | DEBUG    | MemoryProcessor:131 | [Profile] RAG (với Rerank) hoàn tất trong: 0.735s
2026-05-19 12:03:42 | DEBUG    | StoryDirector:45 | [StoryDirector] Bắt đầu sinh luồng truyện (Streaming) cho hành động: 'Tôi né sang trái phải tránh thân cây đổ....'
2026-05-19 12:03:42 | DEBUG    | Orchestration:79 | [Profile] Time to First Token (TTFT): 0.620s
2026-05-19 12:03:45 | ERROR    | StateProcessor:223 | [MemoryExtractor Lỗi] 'PromptManager' object has no attribute 'yaml_data'
2026-05-19 12:03:45 | DEBUG    | StateProcessor:237 | [Profile] Background Tasks (State Extraction): 2.237s
2026-05-19 12:03:46 | INFO     | AudioManager:72 | [Audio] Đang phát nhạc: bình thường (binh_thuong.mp3)
2026-05-19 12:03:46 | DEBUG    | MemoryManager:193 | [ShortTermMemory] Đã cập nhật Context Window hiện tại (Size: 2).
2026-05-19 12:03:46 | DEBUG    | MemoryProcessor:164 | [MemoryProcessor] Đã lưu 0 ký ức nguyên tử vào CSDL và VectorDB.
2026-05-19 12:03:46 | INFO     | StoryDirector:69 | [StoryDirector] Đang tính toán các lựa chọn tiếp theo...
2026-05-19 12:03:48 | DEBUG    | StoryDirector:80 | [StoryDirector] Đã tạo thành công 4 lựa chọn khả thi.
2026-05-19 12:03:48 | DEBUG    | Orchestration:111 | [Profile] Tổng thời gian Turn: 7.380s
2026-05-19 12:04:07 | INFO     | Orchestration:60 | [Turn Start] Player Input: 'Trườn qua bụi rậm để không bị phát hiện.'
2026-05-19 12:04:12 | DEBUG    | ActionProcessor:32 | [ActionManager] Đã tải thành công file action_directives.yaml!
2026-05-19 12:04:13 | DEBUG    | MemoryProcessor:100 | [MemoryProcessor] Truy vấn RAG đã mở rộng: 'trườn qua bụi rậm không bị phát hiện Vùng Rừng Tử Thần'
2026-05-19 12:04:13 | DEBUG    | MemoryManager:164 | [VectorDB Search] 'trườn qua bụi rậm không bị phát hiện Vùng Rừng Tử Thần' -> Trả về 10 kết quả.
2026-05-19 12:04:13 | DEBUG    | MemoryManager:85 | [RAG Context] Location IDs: [1]
2026-05-19 12:04:13 | DEBUG    | MemoryProcessor:131 | [Profile] RAG (với Rerank) hoàn tất trong: 0.720s
2026-05-19 12:04:13 | DEBUG    | StoryDirector:45 | [StoryDirector] Bắt đầu sinh luồng truyện (Streaming) cho hành động: 'Trườn qua bụi rậm để không bị phát hiện....'
2026-05-19 12:04:14 | DEBUG    | Orchestration:79 | [Profile] Time to First Token (TTFT): 0.688s
2026-05-19 12:04:19 | ERROR    | StateProcessor:223 | [MemoryExtractor Lỗi] 'PromptManager' object has no attribute 'yaml_data'
2026-05-19 12:04:19 | DEBUG    | StateProcessor:237 | [Profile] Background Tasks (State Extraction): 4.008s
2026-05-19 12:04:19 | DEBUG    | MemoryManager:193 | [ShortTermMemory] Đã cập nhật Context Window hiện tại (Size: 3).
2026-05-19 12:04:19 | DEBUG    | MemoryProcessor:164 | [MemoryProcessor] Đã lưu 0 ký ức nguyên tử vào CSDL và VectorDB.
2026-05-19 12:04:19 | INFO     | StoryDirector:69 | [StoryDirector] Đang tính toán các lựa chọn tiếp theo...
2026-05-19 12:04:21 | DEBUG    | StoryDirector:80 | [StoryDirector] Đã tạo thành công 3 lựa chọn khả thi.
2026-05-19 12:04:21 | DEBUG    | Orchestration:111 | [Profile] Tổng thời gian Turn: 8.931s
2026-05-19 12:04:31 | INFO     | Orchestration:60 | [Turn Start] Player Input: 'Tôi tiếp tục trườn về phía trước, tận dụng sương mù để ẩn nấp.'
2026-05-19 12:04:37 | DEBUG    | ActionProcessor:32 | [ActionManager] Đã tải thành công file action_directives.yaml!
2026-05-19 12:04:38 | DEBUG    | MemoryProcessor:100 | [MemoryProcessor] Truy vấn RAG đã mở rộng: 'trườn qua bụi rậm ẩn nấp sương mù Vùng Rừng Tử Thần'
2026-05-19 12:04:38 | DEBUG    | MemoryManager:164 | [VectorDB Search] 'trườn qua bụi rậm ẩn nấp sương mù Vùng Rừng Tử Thần' -> Trả về 10 kết quả.
2026-05-19 12:04:38 | DEBUG    | MemoryManager:85 | [RAG Context] Location IDs: [1]
2026-05-19 12:04:38 | DEBUG    | MemoryProcessor:131 | [Profile] RAG (với Rerank) hoàn tất trong: 0.785s
2026-05-19 12:04:38 | DEBUG    | StoryDirector:45 | [StoryDirector] Bắt đầu sinh luồng truyện (Streaming) cho hành động: 'Tôi tiếp tục trườn về phía trước, tận dụng sương m...'
2026-05-19 12:04:39 | DEBUG    | Orchestration:79 | [Profile] Time to First Token (TTFT): 0.672s
2026-05-19 12:04:42 | ERROR    | StateProcessor:223 | [MemoryExtractor Lỗi] 'PromptManager' object has no attribute 'yaml_data'
2026-05-19 12:04:42 | DEBUG    | StateProcessor:237 | [Profile] Background Tasks (State Extraction): 2.067s
2026-05-19 12:04:42 | DEBUG    | MemoryManager:193 | [ShortTermMemory] Đã cập nhật Context Window hiện tại (Size: 4).
2026-05-19 12:04:42 | DEBUG    | MemoryProcessor:164 | [MemoryProcessor] Đã lưu 0 ký ức nguyên tử vào CSDL và VectorDB.
2026-05-19 12:04:42 | INFO     | StoryDirector:69 | [StoryDirector] Đang tính toán các lựa chọn tiếp theo...
2026-05-19 12:04:47 | DEBUG    | StoryDirector:80 | [StoryDirector] Đã tạo thành công 1 lựa chọn khả thi.
2026-05-19 12:04:47 | DEBUG    | Orchestration:111 | [Profile] Tổng thời gian Turn: 9.657s
2026-05-19 12:05:12 | INFO     | Orchestration:60 | [Turn Start] Player Input: 'Tiếp tục quan sát xung quanh'
2026-05-19 12:05:20 | DEBUG    | ActionProcessor:32 | [ActionManager] Đã tải thành công file action_directives.yaml!
2026-05-19 12:05:20 | INFO     | ActionProcessor:91 | [ActionManager] 🎲 Sự kiện NPC xuất hiện (Xí ngầu: 28/32)
2026-05-19 12:05:21 | DEBUG    | MemoryProcessor:100 | [MemoryProcessor] Truy vấn RAG đã mở rộng: 'quan sát xung quanh Vùng Rừng Tử Thần'
2026-05-19 12:05:21 | DEBUG    | MemoryManager:164 | [VectorDB Search] 'quan sát xung quanh Vùng Rừng Tử Thần' -> Trả về 10 kết quả.
2026-05-19 12:05:21 | DEBUG    | MemoryManager:85 | [RAG Context] Location IDs: [1]
2026-05-19 12:05:21 | DEBUG    | MemoryProcessor:131 | [Profile] RAG (với Rerank) hoàn tất trong: 0.753s
2026-05-19 12:05:21 | DEBUG    | StoryDirector:45 | [StoryDirector] Bắt đầu sinh luồng truyện (Streaming) cho hành động: 'Tiếp tục quan sát xung quanh...'
2026-05-19 12:05:22 | DEBUG    | Orchestration:79 | [Profile] Time to First Token (TTFT): 0.560s
2026-05-19 12:05:26 | ERROR    | StateProcessor:223 | [MemoryExtractor Lỗi] 'PromptManager' object has no attribute 'yaml_data'
2026-05-19 12:05:26 | DEBUG    | StateProcessor:237 | [Profile] Background Tasks (State Extraction): 3.925s
2026-05-19 12:05:27 | INFO     | AudioManager:72 | [Audio] Đang phát nhạc: căng thẳng (hoi_hop.mp3)
2026-05-19 12:05:27 | DEBUG    | MemoryManager:193 | [ShortTermMemory] Đã cập nhật Context Window hiện tại (Size: 4).
2026-05-19 12:05:27 | DEBUG    | MemoryProcessor:164 | [MemoryProcessor] Đã lưu 0 ký ức nguyên tử vào CSDL và VectorDB.
2026-05-19 12:05:27 | INFO     | StoryDirector:69 | [StoryDirector] Đang tính toán các lựa chọn tiếp theo...
2026-05-19 12:05:29 | DEBUG    | StoryDirector:80 | [StoryDirector] Đã tạo thành công 3 lựa chọn khả thi.
2026-05-19 12:05:29 | DEBUG    | Orchestration:111 | [Profile] Tổng thời gian Turn: 8.322s
2026-05-19 12:08:14 | INFO     | Orchestration:60 | [Turn Start] Player Input: 'Tôi cố tìm điểm tựa để kéo mình lên khỏi hố.'
2026-05-19 12:08:16 | DEBUG    | ActionProcessor:32 | [ActionManager] Đã tải thành công file action_directives.yaml!
2026-05-19 12:08:17 | DEBUG    | MemoryProcessor:100 | [MemoryProcessor] Truy vấn RAG đã mở rộng: 'tìm điểm tựa kéo lên hố Vùng Rừng Tử Thần'
2026-05-19 12:08:17 | DEBUG    | MemoryManager:164 | [VectorDB Search] 'tìm điểm tựa kéo lên hố Vùng Rừng Tử Thần' -> Trả về 10 kết quả.
2026-05-19 12:08:17 | DEBUG    | MemoryManager:85 | [RAG Context] Location IDs: [1]
2026-05-19 12:08:17 | DEBUG    | MemoryProcessor:131 | [Profile] RAG (với Rerank) hoàn tất trong: 0.685s
2026-05-19 12:08:17 | DEBUG    | StoryDirector:45 | [StoryDirector] Bắt đầu sinh luồng truyện (Streaming) cho hành động: 'Tôi cố tìm điểm tựa để kéo mình lên khỏi hố....'
2026-05-19 12:08:17 | DEBUG    | Orchestration:79 | [Profile] Time to First Token (TTFT): 0.387s
2026-05-19 12:08:19 | ERROR    | StateProcessor:223 | [MemoryExtractor Lỗi] 'PromptManager' object has no attribute 'yaml_data'
2026-05-19 12:08:19 | DEBUG    | StateProcessor:237 | [Profile] Background Tasks (State Extraction): 1.207s
2026-05-19 12:08:20 | INFO     | AudioManager:72 | [Audio] Đang phát nhạc: bình thường (binh_thuong.mp3)
2026-05-19 12:08:20 | DEBUG    | MemoryManager:193 | [ShortTermMemory] Đã cập nhật Context Window hiện tại (Size: 4).
2026-05-19 12:08:20 | DEBUG    | MemoryProcessor:164 | [MemoryProcessor] Đã lưu 0 ký ức nguyên tử vào CSDL và VectorDB.
2026-05-19 12:08:20 | INFO     | StoryDirector:69 | [StoryDirector] Đang tính toán các lựa chọn tiếp theo...
2026-05-19 12:08:24 | DEBUG    | StoryDirector:80 | [StoryDirector] Đã tạo thành công 4 lựa chọn khả thi.
2026-05-19 12:08:24 | DEBUG    | Orchestration:111 | [Profile] Tổng thời gian Turn: 7.964s
2026-05-19 12:09:25 | INFO     | Orchestration:216 | Người chơi thoát game an toàn. Đang đóng CSDL...
2026-05-23 22:46:20 | INFO     | Orchestration:21 | Đang khởi tạo hệ thống Eldoria Game Engine...
2026-05-23 22:46:20 | DEBUG    | ImageManager:22 | [ImageManager] Đã khởi tạo các thư mục bộ nhớ đệm ảnh.
2026-05-23 22:46:22 | INFO     | MemoryManager:20 | [VectorDB] Đang khởi tạo Embedding Model từ: bkai-foundation-models/vietnamese-bi-encoder...
2026-05-23 22:46:28 | INFO     | MemoryManager:104 | [VectorDB] Khôi phục thành công 19 ký ức từ ổ cứng.
2026-05-23 22:46:29 | DEBUG    | MemoryProcessor:18 | [MemoryProcessor] Đã khởi tạo hệ thống xử lý Ký ức.
2026-05-23 22:46:38 | DEBUG    | StoryDirector:28 | [StoryDirector] Đã khởi tạo các Cloud Agents (Llama-3 & Qwen).
2026-05-23 22:46:38 | INFO     | Orchestration:53 | Hệ thống đã sẵn sàng!
2026-05-23 22:46:38 | INFO     | Orchestration:135 | Bắt đầu khởi tạo phiên chơi mới - Dọn dẹp dữ liệu...
2026-05-23 22:46:38 | INFO     | DatabaseManager:35 | [Database] Đã mở kết nối bất đồng bộ tới ./data/World.db
2026-05-23 22:46:38 | DEBUG    | DatabaseManager:75 | [Database] Bảng 'MEMORY_NPC' chưa tồn tại, bỏ qua bước dọn dẹp.
2026-05-23 22:46:38 | INFO     | DatabaseManager:83 | [Database] Đã dọn dẹp sạch sẽ toàn bộ dữ liệu SQLite!
2026-05-23 22:46:38 | INFO     | DatabaseManager:55 | [Database] Khởi tạo các bảng SQL thành công!
2026-05-23 22:46:38 | INFO     | ImageManager:112 | [ImageManager] Bắt đầu dọn dẹp thư mục ảnh cũ cho Game mới...
2026-05-23 22:46:38 | INFO     | ImageManager:123 | [ImageManager] Dọn dẹp thư mục ảnh hoàn tất.
2026-05-23 22:46:46 | INFO     | Orchestration:144 | Người chơi chọn ý tưởng: 'Thế giới Cyberpunk bị rồng thống trị'
2026-05-23 22:46:46 | INFO     | StoryDirector:91 | [StoryDirector] Đang tạo World Bible từ ý tưởng người chơi...
2026-05-23 22:46:48 | DEBUG    | StoryDirector:97 | [StoryDirector] Đã lưu World Bible xuống file: ./data/world_bible.json
2026-05-23 22:46:48 | DEBUG    | Orchestration:159 | World State Loaded: CyberDragons: Neon Scales Empire | ['Cyberpunk', 'Fantasy', 'Dystopian']
2026-05-23 22:46:48 | INFO     | Orchestration:163 | Khởi tạo Location đầu tiên...
2026-05-23 22:46:48 | INFO     | StoryDirector:105 | [StoryDirector] Đang khởi tạo địa điểm xuất phát cho thế giới 'CyberDragons: Neon Scales Empire'...
2026-05-23 22:46:50 | DEBUG    | BaseManager:75 | [Locations] Đã lưu thành công 'Khu Vực Sương Mù Neon'.
2026-05-23 22:46:50 | INFO     | ImageManager:45 | [ImageManager] Đang vẽ bối cảnh mới: 'Khu Vực Sương Mù Neon'...
2026-05-23 22:46:50 | WARNING  | ImageManager:59 | [ImageManager] Tạo ảnh bối cảnh 'Khu Vực Sương Mù Neon' thất bại.
2026-05-23 22:46:52 | INFO     | AudioManager:72 | [Audio] Đang phát nhạc: căng thẳng (hoi_hop.mp3)
2026-05-23 22:46:52 | INFO     | StoryDirector:130 | [StoryDirector] Bắt đầu sinh phân đoạn truyện mở đầu tại 'Khu Vực Sương Mù Neon'...
2026-05-23 22:46:54 | INFO     | Orchestration:196 | Lưu ký ức Prologue (Turn 0)...
2026-05-23 22:46:54 | DEBUG    | MemoryManager:209 | [ShortTermMemory] Đã cập nhật Context Window hiện tại (Size: 1).
2026-05-23 22:46:54 | DEBUG    | DatabaseManager:92 | [Database] Đã ghi một ký ức mới vào Turn 0.
2026-05-23 22:46:55 | DEBUG    | MemoryProcessor:231 | [MemoryProcessor] Đã lưu 1 Episode Ký ức vào CSDL và VectorDB.
2026-05-23 22:46:55 | INFO     | StoryDirector:74 | [StoryDirector] Đang tính toán các lựa chọn tiếp theo...
2026-05-23 22:46:56 | DEBUG    | StoryDirector:85 | [StoryDirector] Đã tạo thành công 3 lựa chọn khả thi.
2026-05-23 22:46:56 | INFO     | Orchestration:215 | === BẮT ĐẦU VÒNG LẶP GAME CHÍNH (GAME LOOP) ===
2026-05-23 22:47:30 | INFO     | Orchestration:61 | [Turn Start] Player Input: 'tôi cố gắng nói chuyện với drone cảnh sát'
2026-05-23 22:47:31 | DEBUG    | ActionProcessor:32 | [ActionManager] Đã tải thành công file action_directives.yaml!
2026-05-23 22:47:31 | DEBUG    | MemoryProcessor:130 | [MemoryProcessor] Truy vấn FAISS: 'trao đổi thông tin với drone cảnh sát'
2026-05-23 22:47:31 | DEBUG    | MemoryManager:172 | [VectorDB Search] 'trao đổi thông tin với drone cảnh sát' -> Trả về 10 kết quả.
2026-05-23 22:47:31 | ERROR    | MemoryProcessor:187 | [MemoryProcessor] Lỗi hệ thống RAG Lai: no such column: memory_id
Traceback (most recent call last):
  File "c:\Users\12345\OneDrive\Documents\AI-Adventure-Game\engine\Subengine\MemoryProcessor.py", line 147, in get_hybrid_context
    memories_raw = await self.db.get_memories_by_ids(unique_memory_ids) if unique_memory_ids else []
                   ^^^^^^^^^^^^^^^^^^^^^^^^^^^^^^^^^^^^^^^^^^^^^^^^^^^^
  File "c:\Users\12345\OneDrive\Documents\AI-Adventure-Game\engine\DataManager\DatabaseManager.py", line 101, in get_memories_by_ids
    return await self.memory_manager.get_memories_by_ids(memory_ids)
           ^^^^^^^^^^^^^^^^^^^^^^^^^^^^^^^^^^^^^^^^^^^^^^^^^^^^^^^^^
  File "c:\Users\12345\OneDrive\Documents\AI-Adventure-Game\engine\DataManager\EntityManager\MemoryManager.py", line 39, in get_memories_by_ids
    async with self.conn.execute(query, tuple(memory_ids)) as cursor:
               ^^^^^^^^^^^^^^^^^^^^^^^^^^^^^^^^^^^^^^^^^^^
  File "C:\Users\12345\AppData\Local\Programs\Python\Python312\Lib\site-packages\aiosqlite\context.py", line 41, in __aenter__
    self._obj = await self._coro
                ^^^^^^^^^^^^^^^^
  File "C:\Users\12345\AppData\Local\Programs\Python\Python312\Lib\site-packages\aiosqlite\core.py", line 223, in execute
    cursor = await self._execute(self._conn.execute, sql, parameters)
             ^^^^^^^^^^^^^^^^^^^^^^^^^^^^^^^^^^^^^^^^^^^^^^^^^^^^^^^^
  File "C:\Users\12345\AppData\Local\Programs\Python\Python312\Lib\site-packages\aiosqlite\core.py", line 160, in _execute
    return await future
           ^^^^^^^^^^^^
  File "C:\Users\12345\AppData\Local\Programs\Python\Python312\Lib\site-packages\aiosqlite\core.py", line 63, in _connection_worker_thread
    result = function()
             ^^^^^^^^^^
sqlite3.OperationalError: no such column: memory_id
2026-05-23 22:47:31 | DEBUG    | StoryDirector:50 | [StoryDirector] Bắt đầu sinh luồng truyện (Streaming) cho hành động: 'tôi cố gắng nói chuyện với drone cảnh sát...'
2026-05-23 22:47:32 | DEBUG    | Orchestration:80 | [Profile] Time to First Token (TTFT): 0.285s
2026-05-23 22:47:34 | ERROR    | StateProcessor:237 | [MemoryExtractor Lỗi] unhashable type: 'dict'
2026-05-23 22:47:34 | DEBUG    | StateProcessor:251 | [Profile] Background Tasks (State Extraction): 1.177s
2026-05-23 22:47:34 | INFO     | StateProcessor:128 |  [+] Phát hiện nhân vật xuất hiện: Drone cảnh sát 4721
2026-05-23 22:47:34 | INFO     | StateProcessor:29 | [Cloud] Đang thiết kế chỉ số và cốt truyện nền cho: Drone cảnh sát 4721...
2026-05-23 22:47:35 | INFO     | ImageManager:73 | [ImageManager] Đang vẽ NPC mới: 'Drone cảnh sát 4721'...
2026-05-23 22:47:35 | WARNING  | ImageManager:83 | [ImageManager] Tạo ảnh NPC 'Drone cảnh sát 4721' thất bại.
2026-05-23 22:47:35 | DEBUG    | BaseManager:75 | [NPCs] Đã lưu thành công 'Drone cảnh sát 4721'.
2026-05-23 22:47:35 | INFO     | AudioManager:72 | [Audio] Đang phát nhạc: bình thường (binh_thuong.mp3)
2026-05-23 22:47:35 | DEBUG    | MemoryManager:209 | [ShortTermMemory] Đã cập nhật Context Window hiện tại (Size: 2).
2026-05-23 22:47:35 | DEBUG    | DatabaseManager:92 | [Database] Đã ghi một ký ức mới vào Turn 1.
2026-05-23 22:47:35 | ERROR    | Orchestration:251 | [Game Loop] Lỗi nghiêm trọng ở Turn hiện tại: foreign key mismatch - "MEMORY_NPC" referencing "Memory"
Traceback (most recent call last):
  File "c:\Users\12345\OneDrive\Documents\AI-Adventure-Game\engine\Orchestration.py", line 249, in run
    await self._process_game_turn(resolved_input)
  File "c:\Users\12345\OneDrive\Documents\AI-Adventure-Game\engine\Orchestration.py", line 96, in _process_game_turn
    await self.memory_sys.save_turn(player_input=player_input,
  File "c:\Users\12345\OneDrive\Documents\AI-Adventure-Game\engine\Subengine\MemoryProcessor.py", line 223, in save_turn
    await self.db.link_memory_to_npc(npc_name, memory_id)
  File "c:\Users\12345\OneDrive\Documents\AI-Adventure-Game\engine\DataManager\DatabaseManager.py", line 136, in link_memory_to_npc
    await self.conn.execute(query, (npc_id, memory_id))
  File "C:\Users\12345\AppData\Local\Programs\Python\Python312\Lib\site-packages\aiosqlite\core.py", line 223, in execute
    cursor = await self._execute(self._conn.execute, sql, parameters)
             ^^^^^^^^^^^^^^^^^^^^^^^^^^^^^^^^^^^^^^^^^^^^^^^^^^^^^^^^
  File "C:\Users\12345\AppData\Local\Programs\Python\Python312\Lib\site-packages\aiosqlite\core.py", line 160, in _execute
    return await future
           ^^^^^^^^^^^^
  File "C:\Users\12345\AppData\Local\Programs\Python\Python312\Lib\site-packages\aiosqlite\core.py", line 63, in _connection_worker_thread
    result = function()
             ^^^^^^^^^^
sqlite3.OperationalError: foreign key mismatch - "MEMORY_NPC" referencing "Memory"
2026-05-23 22:48:37 | INFO     | Orchestration:221 | Người chơi thoát game an toàn. Đang đóng CSDL...
2026-05-23 22:49:19 | INFO     | Orchestration:21 | Đang khởi tạo hệ thống Eldoria Game Engine...
2026-05-23 22:49:19 | DEBUG    | ImageManager:22 | [ImageManager] Đã khởi tạo các thư mục bộ nhớ đệm ảnh.
2026-05-23 22:49:20 | INFO     | MemoryManager:20 | [VectorDB] Đang khởi tạo Embedding Model từ: bkai-foundation-models/vietnamese-bi-encoder...
2026-05-23 22:49:27 | DEBUG    | MemoryManager:106 | [VectorDB] Không tìm thấy CSDL FAISS cũ. Khởi tạo Ký ức mới hoàn toàn.
2026-05-23 22:49:28 | DEBUG    | MemoryProcessor:18 | [MemoryProcessor] Đã khởi tạo hệ thống xử lý Ký ức.
2026-05-23 22:49:35 | DEBUG    | StoryDirector:28 | [StoryDirector] Đã khởi tạo các Cloud Agents (Llama-3 & Qwen).
2026-05-23 22:49:35 | INFO     | Orchestration:53 | Hệ thống đã sẵn sàng!
2026-05-23 22:49:35 | INFO     | Orchestration:135 | Bắt đầu khởi tạo phiên chơi mới - Dọn dẹp dữ liệu...
2026-05-23 22:49:35 | INFO     | DatabaseManager:35 | [Database] Đã mở kết nối bất đồng bộ tới ./data/World.db
2026-05-23 22:49:35 | DEBUG    | DatabaseManager:75 | [Database] Bảng 'MEMORY_NPC' chưa tồn tại, bỏ qua bước dọn dẹp.
2026-05-23 22:49:35 | DEBUG    | DatabaseManager:75 | [Database] Bảng 'Memory' chưa tồn tại, bỏ qua bước dọn dẹp.
2026-05-23 22:49:35 | DEBUG    | DatabaseManager:75 | [Database] Bảng 'NPCs' chưa tồn tại, bỏ qua bước dọn dẹp.
2026-05-23 22:49:35 | DEBUG    | DatabaseManager:75 | [Database] Bảng 'Locations' chưa tồn tại, bỏ qua bước dọn dẹp.
2026-05-23 22:49:35 | INFO     | DatabaseManager:83 | [Database] Đã dọn dẹp sạch sẽ toàn bộ dữ liệu SQLite!
2026-05-23 22:49:35 | INFO     | DatabaseManager:55 | [Database] Khởi tạo các bảng SQL thành công!
2026-05-23 22:49:35 | INFO     | ImageManager:112 | [ImageManager] Bắt đầu dọn dẹp thư mục ảnh cũ cho Game mới...
2026-05-23 22:49:35 | INFO     | ImageManager:123 | [ImageManager] Dọn dẹp thư mục ảnh hoàn tất.
2026-05-23 22:49:44 | INFO     | Orchestration:144 | Người chơi chọn ý tưởng: 'Thế giới Cyberpunk bị rồng thống trị'
2026-05-23 22:49:44 | INFO     | StoryDirector:91 | [StoryDirector] Đang tạo World Bible từ ý tưởng người chơi...
2026-05-23 22:49:47 | DEBUG    | StoryDirector:97 | [StoryDirector] Đã lưu World Bible xuống file: ./data/world_bible.json
2026-05-23 22:49:47 | DEBUG    | Orchestration:159 | World State Loaded: Cyber Dragon Nexus | ['Cyberpunk', 'Fantasy']
2026-05-23 22:49:47 | INFO     | Orchestration:163 | Khởi tạo Location đầu tiên...
2026-05-23 22:49:47 | INFO     | StoryDirector:105 | [StoryDirector] Đang khởi tạo địa điểm xuất phát cho thế giới 'Cyber Dragon Nexus'...
2026-05-23 22:49:50 | DEBUG    | BaseManager:75 | [Locations] Đã lưu thành công 'Dragon Neon Nexus'.
2026-05-23 22:49:50 | INFO     | ImageManager:45 | [ImageManager] Đang vẽ bối cảnh mới: 'Dragon Neon Nexus'...
2026-05-23 22:49:50 | WARNING  | ImageManager:59 | [ImageManager] Tạo ảnh bối cảnh 'Dragon Neon Nexus' thất bại.
2026-05-23 22:49:54 | INFO     | AudioManager:72 | [Audio] Đang phát nhạc: căng thẳng (hoi_hop.mp3)
2026-05-23 22:49:54 | INFO     | StoryDirector:130 | [StoryDirector] Bắt đầu sinh phân đoạn truyện mở đầu tại 'Dragon Neon Nexus'...
2026-05-23 22:49:55 | INFO     | Orchestration:196 | Lưu ký ức Prologue (Turn 0)...
2026-05-23 22:49:55 | DEBUG    | MemoryManager:209 | [ShortTermMemory] Đã cập nhật Context Window hiện tại (Size: 1).
2026-05-23 22:49:55 | DEBUG    | DatabaseManager:92 | [Database] Đã ghi một ký ức mới vào Turn 0.
2026-05-23 22:49:56 | DEBUG    | MemoryProcessor:231 | [MemoryProcessor] Đã lưu 1 Episode Ký ức vào CSDL và VectorDB.
2026-05-23 22:49:56 | INFO     | StoryDirector:74 | [StoryDirector] Đang tính toán các lựa chọn tiếp theo...
2026-05-23 22:49:58 | DEBUG    | StoryDirector:85 | [StoryDirector] Đã tạo thành công 3 lựa chọn khả thi.
2026-05-23 22:49:58 | INFO     | Orchestration:215 | === BẮT ĐẦU VÒNG LẶP GAME CHÍNH (GAME LOOP) ===
2026-05-23 22:50:30 | INFO     | Orchestration:61 | [Turn Start] Player Input: 'Tôi hỏi nhóm người xem có chuyện gì xảy ra'
2026-05-23 22:50:31 | DEBUG    | ActionProcessor:32 | [ActionManager] Đã tải thành công file action_directives.yaml!
2026-05-23 22:50:31 | DEBUG    | MemoryProcessor:130 | [MemoryProcessor] Truy vấn FAISS: 'Nhóm người gần lõi năng lượng rồng'
2026-05-23 22:50:31 | DEBUG    | MemoryManager:172 | [VectorDB Search] 'Nhóm người gần lõi năng lượng rồng' -> Trả về 1 kết quả.
2026-05-23 22:50:31 | DEBUG    | MemoryProcessor:184 | [Profile] RAG (Hybrid DB+FAISS) hoàn tất trong: 0.393s
2026-05-23 22:50:31 | DEBUG    | StoryDirector:50 | [StoryDirector] Bắt đầu sinh luồng truyện (Streaming) cho hành động: 'Tôi hỏi nhóm người xem có chuyện gì xảy ra...'
2026-05-23 22:50:32 | DEBUG    | Orchestration:80 | [Profile] Time to First Token (TTFT): 0.350s
2026-05-23 22:50:34 | ERROR    | StateProcessor:237 | [MemoryExtractor Lỗi] unhashable type: 'dict'
2026-05-23 22:50:34 | DEBUG    | StateProcessor:251 | [Profile] Background Tasks (State Extraction): 1.432s
2026-05-23 22:50:34 | INFO     | StateProcessor:128 |  [+] Phát hiện nhân vật xuất hiện: Người đàn ông bảo hộ
2026-05-23 22:50:34 | INFO     | StateProcessor:29 | [Cloud] Đang thiết kế chỉ số và cốt truyện nền cho: Người đàn ông bảo hộ...
2026-05-23 22:50:35 | INFO     | ImageManager:73 | [ImageManager] Đang vẽ NPC mới: 'Người đàn ông bảo hộ'...
2026-05-23 22:50:36 | WARNING  | ImageManager:83 | [ImageManager] Tạo ảnh NPC 'Người đàn ông bảo hộ' thất bại.
2026-05-23 22:50:36 | DEBUG    | BaseManager:75 | [NPCs] Đã lưu thành công 'Người đàn ông bảo hộ'.
2026-05-23 22:50:36 | DEBUG    | MemoryManager:209 | [ShortTermMemory] Đã cập nhật Context Window hiện tại (Size: 2).
2026-05-23 22:50:36 | DEBUG    | DatabaseManager:92 | [Database] Đã ghi một ký ức mới vào Turn 1.
2026-05-23 22:50:36 | DEBUG    | MemoryProcessor:231 | [MemoryProcessor] Đã lưu 1 Episode Ký ức vào CSDL và VectorDB.
2026-05-23 22:50:36 | INFO     | StoryDirector:74 | [StoryDirector] Đang tính toán các lựa chọn tiếp theo...
2026-05-23 22:50:38 | DEBUG    | StoryDirector:85 | [StoryDirector] Đã tạo thành công 3 lựa chọn khả thi.
2026-05-23 22:50:38 | INFO     | Orchestration:114 | [Groq Tokens] TỔNG CỘNG: 8386 (QueryAgent: 576 | LocationAgent: 854 | NPCAgent: 780 | StoryAgent: 2771 | ChoiceAgent: 2005 | WorldGenerateAgent: 1400)
2026-05-23 22:50:38 | DEBUG    | Orchestration:116 | [Profile] Tổng thời gian Turn: 6.625s
2026-05-23 22:59:25 | INFO     | Orchestration:61 | [Turn Start] Player Input: 'tôi nhặt một thiết bị lên xem thử'
2026-05-23 22:59:26 | DEBUG    | ActionProcessor:32 | [ActionManager] Đã tải thành công file action_directives.yaml!
2026-05-23 22:59:26 | DEBUG    | MemoryProcessor:130 | [MemoryProcessor] Truy vấn FAISS: 'Nhặt thiết bị gần lõi năng lượng rồng'
2026-05-23 22:59:27 | DEBUG    | MemoryManager:172 | [VectorDB Search] 'Nhặt thiết bị gần lõi năng lượng rồng' -> Trả về 2 kết quả.
2026-05-23 22:59:27 | DEBUG    | MemoryProcessor:144 | [Deduplication] Bỏ qua ký ức #2 từ FAISS vì đã có trong Lịch sử NPC.
2026-05-23 22:59:27 | DEBUG    | MemoryProcessor:184 | [Profile] RAG (Hybrid DB+FAISS) hoàn tất trong: 0.678s
2026-05-23 22:59:27 | DEBUG    | StoryDirector:50 | [StoryDirector] Bắt đầu sinh luồng truyện (Streaming) cho hành động: 'tôi nhặt một thiết bị lên xem thử...'
2026-05-23 22:59:27 | DEBUG    | Orchestration:80 | [Profile] Time to First Token (TTFT): 0.430s
2026-05-23 22:59:30 | ERROR    | StateProcessor:237 | [MemoryExtractor Lỗi] unhashable type: 'dict'
2026-05-23 22:59:30 | DEBUG    | StateProcessor:251 | [Profile] Background Tasks (State Extraction): 1.856s
2026-05-23 22:59:30 | INFO     | NPCManager:68 | [NPCManager] 💖 Cập nhật Người đàn ông bảo hộ: Thiện cảm (+5)
2026-05-23 22:59:30 | ERROR    | Orchestration:251 | [Game Loop] Lỗi nghiêm trọng ở Turn hiện tại: can only concatenate str (not "int") to str
Traceback (most recent call last):
  File "c:\Users\12345\OneDrive\Documents\AI-Adventure-Game\engine\Orchestration.py", line 249, in run
    await self._process_game_turn(resolved_input)
  File "c:\Users\12345\OneDrive\Documents\AI-Adventure-Game\engine\Orchestration.py", line 88, in _process_game_turn
    episode_data, scene_emotion = await self.state_sys.process_background_tasks(player_input, story_response)
                                  ^^^^^^^^^^^^^^^^^^^^^^^^^^^^^^^^^^^^^^^^^^^^^^^^^^^^^^^^^^^^^^^^^^^^^^^^^^^
  File "c:\Users\12345\OneDrive\Documents\AI-Adventure-Game\engine\Subengine\StateProcessor.py", line 266, in process_background_tasks
    await asyncio.gather(*update_tasks)
  File "c:\Users\12345\OneDrive\Documents\AI-Adventure-Game\engine\Subengine\StateProcessor.py", line 173, in _update_affection_and_status
    npc.affectionate = max(-100, min(100, npc.affectionate + delta))
                                          ~~~~~~~~~~~~~~~~~^~~~~~~
TypeError: can only concatenate str (not "int") to str
2026-05-23 23:03:32 | INFO     | Orchestration:221 | Người chơi thoát game an toàn. Đang đóng CSDL...
2026-05-23 23:31:55 | INFO     | Orchestration:21 | Đang khởi tạo hệ thống Eldoria Game Engine...
2026-05-23 23:31:55 | DEBUG    | ImageManager:22 | [ImageManager] Đã khởi tạo các thư mục bộ nhớ đệm ảnh.
2026-05-23 23:31:55 | WARNING  | LocalAgents:30 | [Gemini] Lỗi khởi tạo Client (Kiểm tra lại GEMINI_API_KEY trong .env): No API key was provided. Please pass a valid API key. Learn how to create an API key at https://ai.google.dev/gemini-api/docs/api-key.
2026-05-23 23:31:55 | INFO     | MemoryManager:20 | [VectorDB] Đang khởi tạo Embedding Model từ: all-MiniLM-L6-v2...
2026-05-23 23:32:01 | INFO     | MemoryManager:104 | [VectorDB] Khôi phục thành công 2 ký ức từ ổ cứng.
2026-05-23 23:34:59 | INFO     | Orchestration:21 | Đang khởi tạo hệ thống Eldoria Game Engine...
2026-05-23 23:34:59 | DEBUG    | ImageManager:22 | [ImageManager] Đã khởi tạo các thư mục bộ nhớ đệm ảnh.
2026-05-23 23:34:59 | WARNING  | LocalAgents:30 | [Gemini] Lỗi khởi tạo Client (Kiểm tra lại GEMINI_API_KEY trong .env): No API key was provided. Please pass a valid API key. Learn how to create an API key at https://ai.google.dev/gemini-api/docs/api-key.
2026-05-23 23:34:59 | INFO     | MemoryManager:20 | [VectorDB] Đang khởi tạo Embedding Model từ: all-MiniLM-L6-v2...
2026-05-23 23:35:05 | INFO     | MemoryManager:104 | [VectorDB] Khôi phục thành công 2 ký ức từ ổ cứng.
2026-05-23 23:36:20 | INFO     | Orchestration:21 | Đang khởi tạo hệ thống Eldoria Game Engine...
2026-05-23 23:36:20 | DEBUG    | ImageManager:22 | [ImageManager] Đã khởi tạo các thư mục bộ nhớ đệm ảnh.
2026-05-23 23:36:20 | WARNING  | LocalAgents:30 | [Gemini] Lỗi khởi tạo Client (Kiểm tra lại GEMINI_API_KEY trong .env): No API key was provided. Please pass a valid API key. Learn how to create an API key at https://ai.google.dev/gemini-api/docs/api-key.
2026-05-23 23:36:20 | INFO     | MemoryManager:20 | [VectorDB] Đang khởi tạo Embedding Model từ: all-MiniLM-L6-v2...
2026-05-23 23:36:26 | INFO     | MemoryManager:104 | [VectorDB] Khôi phục thành công 2 ký ức từ ổ cứng.
2026-05-23 23:38:53 | INFO     | Orchestration:21 | Đang khởi tạo hệ thống Eldoria Game Engine...
2026-05-23 23:38:53 | DEBUG    | ImageManager:22 | [ImageManager] Đã khởi tạo các thư mục bộ nhớ đệm ảnh.
2026-05-23 23:38:54 | INFO     | MemoryManager:20 | [VectorDB] Đang khởi tạo Embedding Model từ: all-MiniLM-L6-v2...
2026-05-23 23:39:01 | INFO     | MemoryManager:104 | [VectorDB] Khôi phục thành công 2 ký ức từ ổ cứng.
2026-05-23 23:39:01 | DEBUG    | MemoryProcessor:18 | [MemoryProcessor] Đã khởi tạo hệ thống xử lý Ký ức.
2026-05-23 23:39:07 | DEBUG    | StoryDirector:28 | [StoryDirector] Đã khởi tạo các Cloud Agents (Llama-3 & Qwen).
2026-05-23 23:39:07 | INFO     | Orchestration:53 | Hệ thống đã sẵn sàng!
2026-05-23 23:39:17 | INFO     | Orchestration:21 | Đang khởi tạo hệ thống Eldoria Game Engine...
2026-05-23 23:39:17 | DEBUG    | ImageManager:22 | [ImageManager] Đã khởi tạo các thư mục bộ nhớ đệm ảnh.
2026-05-23 23:39:19 | INFO     | MemoryManager:20 | [VectorDB] Đang khởi tạo Embedding Model từ: all-MiniLM-L6-v2...
2026-05-23 23:39:25 | INFO     | MemoryManager:104 | [VectorDB] Khôi phục thành công 2 ký ức từ ổ cứng.
2026-05-23 23:39:25 | DEBUG    | MemoryProcessor:18 | [MemoryProcessor] Đã khởi tạo hệ thống xử lý Ký ức.
2026-05-23 23:39:31 | DEBUG    | StoryDirector:28 | [StoryDirector] Đã khởi tạo các Cloud Agents (Llama-3 & Qwen).
2026-05-23 23:39:31 | INFO     | Orchestration:53 | Hệ thống đã sẵn sàng!
2026-05-23 23:39:32 | INFO     | Orchestration:21 | Đang khởi tạo hệ thống Eldoria Game Engine...
2026-05-23 23:39:32 | DEBUG    | ImageManager:22 | [ImageManager] Đã khởi tạo các thư mục bộ nhớ đệm ảnh.
2026-05-23 23:39:33 | INFO     | MemoryManager:20 | [VectorDB] Đang khởi tạo Embedding Model từ: all-MiniLM-L6-v2...
2026-05-23 23:39:39 | INFO     | MemoryManager:104 | [VectorDB] Khôi phục thành công 2 ký ức từ ổ cứng.
2026-05-23 23:39:39 | DEBUG    | MemoryProcessor:18 | [MemoryProcessor] Đã khởi tạo hệ thống xử lý Ký ức.
2026-05-23 23:39:45 | DEBUG    | StoryDirector:28 | [StoryDirector] Đã khởi tạo các Cloud Agents (Llama-3 & Qwen).
2026-05-23 23:39:45 | INFO     | Orchestration:53 | Hệ thống đã sẵn sàng!
2026-05-23 23:40:37 | INFO     | DatabaseManager:35 | [Database] Đã mở kết nối bất đồng bộ tới data/eldoria.db
2026-05-23 23:40:37 | DEBUG    | DatabaseManager:75 | [Database] Bảng 'MEMORY_NPC' chưa tồn tại, bỏ qua bước dọn dẹp.
2026-05-23 23:40:37 | DEBUG    | DatabaseManager:75 | [Database] Bảng 'Memory' chưa tồn tại, bỏ qua bước dọn dẹp.
2026-05-23 23:40:37 | DEBUG    | DatabaseManager:75 | [Database] Bảng 'NPCs' chưa tồn tại, bỏ qua bước dọn dẹp.
2026-05-23 23:40:37 | DEBUG    | DatabaseManager:75 | [Database] Bảng 'Locations' chưa tồn tại, bỏ qua bước dọn dẹp.
2026-05-23 23:40:37 | INFO     | DatabaseManager:83 | [Database] Đã dọn dẹp sạch sẽ toàn bộ dữ liệu SQLite!
2026-05-23 23:40:37 | INFO     | DatabaseManager:55 | [Database] Khởi tạo các bảng SQL thành công!
2026-05-23 23:40:37 | INFO     | ImageManager:112 | [ImageManager] Bắt đầu dọn dẹp thư mục ảnh cũ cho Game mới...
2026-05-23 23:40:37 | INFO     | ImageManager:123 | [ImageManager] Dọn dẹp thư mục ảnh hoàn tất.
2026-05-23 23:40:37 | INFO     | StoryDirector:91 | [StoryDirector] Đang tạo World Bible từ ý tưởng người chơi...
2026-05-23 23:40:39 | DEBUG    | StoryDirector:97 | [StoryDirector] Đã lưu World Bible xuống file: ./data/world_bible.json
2026-05-23 23:40:39 | INFO     | StoryDirector:105 | [StoryDirector] Đang khởi tạo địa điểm xuất phát cho thế giới 'The Realm of Unfettered Chance'...
2026-05-23 23:40:41 | DEBUG    | BaseManager:75 | [Locations] Đã lưu thành công 'Vùng Đất Ngẫu Nhiên'.
2026-05-23 23:40:41 | INFO     | StoryDirector:130 | [StoryDirector] Bắt đầu sinh phân đoạn truyện mở đầu tại 'Vùng Đất Ngẫu Nhiên'...
2026-05-23 23:40:42 | INFO     | StoryDirector:74 | [StoryDirector] Đang tính toán các lựa chọn tiếp theo...
2026-05-23 23:40:43 | DEBUG    | StoryDirector:85 | [StoryDirector] Đã tạo thành công 3 lựa chọn khả thi.
2026-05-23 23:40:44 | ERROR    | StateProcessor:237 | [MemoryExtractor Lỗi] unhashable type: 'dict'
2026-05-23 23:40:44 | DEBUG    | StateProcessor:251 | [Profile] Background Tasks (State Extraction): 1.159s
2026-05-23 23:40:44 | INFO     | StateProcessor:181 | [Hệ Thống] ---> THAY ĐỔI TÚI ĐỒ <---
2026-05-23 23:40:44 | INFO     | ImageManager:95 | [ImageManager] Đang vẽ vật phẩm mới: 'Túi da chứa xúc xắc của số phận'...
2026-05-23 23:40:45 | WARNING  | ImageManager:107 | [ImageManager] Tạo ảnh vật phẩm 'Túi da chứa xúc xắc của số phận' thất bại.
2026-05-23 23:40:45 | INFO     | StateProcessor:193 |  [+] Nhận được: Túi da chứa xúc xắc của số phận
2026-05-23 23:40:45 | INFO     | ImageManager:95 | [ImageManager] Đang vẽ vật phẩm mới: 'Vòng đeo tay luck_pools'...
2026-05-23 23:40:45 | WARNING  | ImageManager:107 | [ImageManager] Tạo ảnh vật phẩm 'Vòng đeo tay luck_pools' thất bại.
2026-05-23 23:40:45 | INFO     | StateProcessor:193 |  [+] Nhận được: Vòng đeo tay luck_pools
2026-05-23 23:40:45 | INFO     | StateProcessor:210 |  [Balo hiện tại]: Túi da chứa xúc xắc của số phận, Vòng đeo tay luck_pools
2026-05-23 23:40:45 | DEBUG    | MemoryManager:209 | [ShortTermMemory] Đã cập nhật Context Window hiện tại (Size: 1).
2026-05-23 23:40:45 | DEBUG    | DatabaseManager:92 | [Database] Đã ghi một ký ức mới vào Turn 0.
2026-05-23 23:40:45 | ERROR    | MemoryManager:145 | [VectorDB Lỗi] Sự cố khi nhúng/lưu vector (Memory ID: 1): 
Traceback (most recent call last):
  File "c:\Users\12345\OneDrive\Documents\AI-Adventure-Game\engine\DataManager\MemoryManager.py", line 137, in add_memory_to_vector
    self.index.add_with_ids(vector, np.array([vector_id]).astype('int64'))  # Type: ignore
    ^^^^^^^^^^^^^^^^^^^^^^^^^^^^^^^^^^^^^^^^^^^^^^^^^^^^^^^^^^^^^^^^^^^^^^
  File "C:\Users\12345\AppData\Local\Programs\Python\Python312\Lib\site-packages\faiss\class_wrappers.py", line 293, in replacement_add_with_ids
    assert d == self.d
           ^^^^^^^^^^^
AssertionError
2026-05-23 23:40:45 | DEBUG    | MemoryProcessor:231 | [MemoryProcessor] Đã lưu 1 Episode Ký ức vào CSDL và VectorDB.
2026-05-23 23:40:45 | INFO     | server:100 | Hoàn tất xử lý ngầm (State & Memory)!
2026-05-23 23:41:57 | DEBUG    | ActionProcessor:32 | [ActionManager] Đã tải thành công file action_directives.yaml!
2026-05-23 23:41:57 | DEBUG    | MemoryProcessor:130 | [MemoryProcessor] Truy vấn FAISS: 'Tiếng động lạ trong rừng Vùng Đất Ngẫu Nhiên'
2026-05-23 23:41:57 | ERROR    | MemoryManager:175 | [VectorDB Lỗi] Không thể thực thi truy vấn tìm kiếm FAISS: 
Traceback (most recent call last):
  File "c:\Users\12345\OneDrive\Documents\AI-Adventure-Game\engine\DataManager\MemoryManager.py", line 159, in search
    distances, indices = self.index.search(query_vector, top_k)  # type: ignore
                         ^^^^^^^^^^^^^^^^^^^^^^^^^^^^^^^^^^^^^^
  File "C:\Users\12345\AppData\Local\Programs\Python\Python312\Lib\site-packages\faiss\class_wrappers.py", line 383, in replacement_search
    assert d == self.d
           ^^^^^^^^^^^
AssertionError
2026-05-23 23:41:57 | DEBUG    | MemoryProcessor:184 | [Profile] RAG (Hybrid DB+FAISS) hoàn tất trong: 0.553s
2026-05-23 23:41:57 | DEBUG    | StoryDirector:50 | [StoryDirector] Bắt đầu sinh luồng truyện (Streaming) cho hành động: 'Tôi bước theo tiếng động lạ từ trong rừng....'
2026-05-23 23:41:59 | INFO     | StoryDirector:74 | [StoryDirector] Đang tính toán các lựa chọn tiếp theo...
2026-05-23 23:42:01 | DEBUG    | StoryDirector:85 | [StoryDirector] Đã tạo thành công 3 lựa chọn khả thi.
2026-05-23 23:42:02 | ERROR    | StateProcessor:237 | [MemoryExtractor Lỗi] unhashable type: 'dict'
2026-05-23 23:42:02 | DEBUG    | StateProcessor:251 | [Profile] Background Tasks (State Extraction): 1.174s
2026-05-23 23:42:03 | INFO     | StateProcessor:70 | >> [Hệ Thống] Phát hiện khu vực mới: Thung Lũng Gai Sống Động. Đang tải ảnh nền...
2026-05-23 23:42:03 | INFO     | ImageManager:45 | [ImageManager] Đang vẽ bối cảnh mới: 'Thung Lũng Gai Sống Động'...
2026-05-23 23:42:04 | WARNING  | ImageManager:59 | [ImageManager] Tạo ảnh bối cảnh 'Thung Lũng Gai Sống Động' thất bại.
2026-05-23 23:42:04 | DEBUG    | BaseManager:75 | [Locations] Đã lưu thành công 'Thung Lũng Gai Sống Động'.
2026-05-23 23:42:04 | DEBUG    | MemoryManager:209 | [ShortTermMemory] Đã cập nhật Context Window hiện tại (Size: 2).
2026-05-23 23:42:04 | DEBUG    | DatabaseManager:92 | [Database] Đã ghi một ký ức mới vào Turn 1.
2026-05-23 23:42:04 | ERROR    | MemoryManager:145 | [VectorDB Lỗi] Sự cố khi nhúng/lưu vector (Memory ID: 2): 
Traceback (most recent call last):
  File "c:\Users\12345\OneDrive\Documents\AI-Adventure-Game\engine\DataManager\MemoryManager.py", line 137, in add_memory_to_vector
    self.index.add_with_ids(vector, np.array([vector_id]).astype('int64'))  # Type: ignore
    ^^^^^^^^^^^^^^^^^^^^^^^^^^^^^^^^^^^^^^^^^^^^^^^^^^^^^^^^^^^^^^^^^^^^^^
  File "C:\Users\12345\AppData\Local\Programs\Python\Python312\Lib\site-packages\faiss\class_wrappers.py", line 293, in replacement_add_with_ids
    assert d == self.d
           ^^^^^^^^^^^
AssertionError
2026-05-23 23:42:04 | DEBUG    | MemoryProcessor:231 | [MemoryProcessor] Đã lưu 1 Episode Ký ức vào CSDL và VectorDB.
2026-05-23 23:42:04 | INFO     | server:100 | Hoàn tất xử lý ngầm (State & Memory)!
2026-05-24 00:18:39 | INFO     | Orchestration:21 | Đang khởi tạo hệ thống Eldoria Game Engine...
2026-05-24 00:18:39 | DEBUG    | ImageManager:22 | [ImageManager] Đã khởi tạo các thư mục bộ nhớ đệm ảnh.
2026-05-24 00:18:41 | INFO     | MemoryManager:20 | [VectorDB] Đang khởi tạo Embedding Model từ: all-MiniLM-L6-v2...
2026-05-24 00:18:47 | INFO     | MemoryManager:104 | [VectorDB] Khôi phục thành công 2 ký ức từ ổ cứng.
2026-05-24 00:18:47 | DEBUG    | MemoryProcessor:18 | [MemoryProcessor] Đã khởi tạo hệ thống xử lý Ký ức.
2026-05-24 00:18:53 | DEBUG    | StoryDirector:28 | [StoryDirector] Đã khởi tạo các Cloud Agents (Llama-3 & Qwen).
2026-05-24 00:18:53 | INFO     | Orchestration:53 | Hệ thống đã sẵn sàng!
2026-05-24 00:19:04 | INFO     | Orchestration:21 | Đang khởi tạo hệ thống Eldoria Game Engine...
2026-05-24 00:19:04 | DEBUG    | ImageManager:22 | [ImageManager] Đã khởi tạo các thư mục bộ nhớ đệm ảnh.
2026-05-24 00:19:05 | INFO     | MemoryManager:20 | [VectorDB] Đang khởi tạo Embedding Model từ: all-MiniLM-L6-v2...
2026-05-24 00:19:11 | INFO     | MemoryManager:104 | [VectorDB] Khôi phục thành công 2 ký ức từ ổ cứng.
2026-05-24 00:19:11 | DEBUG    | MemoryProcessor:18 | [MemoryProcessor] Đã khởi tạo hệ thống xử lý Ký ức.
2026-05-24 00:19:17 | DEBUG    | StoryDirector:28 | [StoryDirector] Đã khởi tạo các Cloud Agents (Llama-3 & Qwen).
2026-05-24 00:19:17 | INFO     | Orchestration:53 | Hệ thống đã sẵn sàng!
2026-05-24 00:19:17 | INFO     | Orchestration:21 | Đang khởi tạo hệ thống Eldoria Game Engine...
2026-05-24 00:19:17 | DEBUG    | ImageManager:22 | [ImageManager] Đã khởi tạo các thư mục bộ nhớ đệm ảnh.
2026-05-24 00:19:19 | INFO     | MemoryManager:20 | [VectorDB] Đang khởi tạo Embedding Model từ: all-MiniLM-L6-v2...
2026-05-24 00:19:24 | INFO     | MemoryManager:104 | [VectorDB] Khôi phục thành công 2 ký ức từ ổ cứng.
2026-05-24 00:19:25 | DEBUG    | MemoryProcessor:18 | [MemoryProcessor] Đã khởi tạo hệ thống xử lý Ký ức.
2026-05-24 00:19:31 | DEBUG    | StoryDirector:28 | [StoryDirector] Đã khởi tạo các Cloud Agents (Llama-3 & Qwen).
2026-05-24 00:19:31 | INFO     | Orchestration:53 | Hệ thống đã sẵn sàng!
2026-05-24 00:20:14 | INFO     | DatabaseManager:35 | [Database] Đã mở kết nối bất đồng bộ tới data/eldoria.db
2026-05-24 00:20:14 | INFO     | DatabaseManager:83 | [Database] Đã dọn dẹp sạch sẽ toàn bộ dữ liệu SQLite!
2026-05-24 00:20:14 | INFO     | DatabaseManager:55 | [Database] Khởi tạo các bảng SQL thành công!
2026-05-24 00:20:14 | INFO     | ImageManager:112 | [ImageManager] Bắt đầu dọn dẹp thư mục ảnh cũ cho Game mới...
2026-05-24 00:20:14 | INFO     | ImageManager:123 | [ImageManager] Dọn dẹp thư mục ảnh hoàn tất.
2026-05-24 00:20:14 | INFO     | StoryDirector:91 | [StoryDirector] Đang tạo World Bible từ ý tưởng người chơi...
2026-05-24 00:20:17 | DEBUG    | StoryDirector:97 | [StoryDirector] Đã lưu World Bible xuống file: ./data/world_bible.json
2026-05-24 00:20:17 | INFO     | StoryDirector:105 | [StoryDirector] Đang khởi tạo địa điểm xuất phát cho thế giới 'Chromara'...
2026-05-24 00:20:19 | DEBUG    | BaseManager:75 | [Locations] Đã lưu thành công 'Hang động Tàn tích Rêu xanh'.
2026-05-24 00:20:19 | INFO     | StoryDirector:130 | [StoryDirector] Bắt đầu sinh phân đoạn truyện mở đầu tại 'Hang động Tàn tích Rêu xanh'...
2026-05-24 00:20:21 | INFO     | StoryDirector:74 | [StoryDirector] Đang tính toán các lựa chọn tiếp theo...
2026-05-24 00:20:22 | DEBUG    | StoryDirector:85 | [StoryDirector] Đã tạo thành công 3 lựa chọn khả thi.
2026-05-24 00:20:28 | ERROR    | StateProcessor:237 | [MemoryExtractor Lỗi] unhashable type: 'dict'
2026-05-24 00:20:28 | DEBUG    | StateProcessor:251 | [Profile] Background Tasks (State Extraction): 6.294s
2026-05-24 00:20:28 | INFO     | StateProcessor:128 |  [+] Phát hiện nhân vật xuất hiện: prismatic_guardians
2026-05-24 00:20:28 | INFO     | StateProcessor:128 |  [+] Phát hiện nhân vật xuất hiện: người thực hiện hue_weaving
2026-05-24 00:20:28 | INFO     | StateProcessor:29 | [Cloud] Đang thiết kế chỉ số và cốt truyện nền cho: prismatic_guardians...
2026-05-24 00:20:28 | INFO     | StateProcessor:29 | [Cloud] Đang thiết kế chỉ số và cốt truyện nền cho: người thực hiện hue_weaving...
2026-05-24 00:20:30 | INFO     | ImageManager:73 | [ImageManager] Đang vẽ NPC mới: 'Hồng Lăng'...
2026-05-24 00:20:30 | INFO     | ImageManager:73 | [ImageManager] Đang vẽ NPC mới: 'Bảo Hộ Viên Ánh Sáng Pha Lê'...
2026-05-24 00:20:30 | WARNING  | ImageManager:83 | [ImageManager] Tạo ảnh NPC 'Hồng Lăng' thất bại.
2026-05-24 00:20:30 | DEBUG    | BaseManager:75 | [NPCs] Đã lưu thành công 'Hồng Lăng'.
2026-05-24 00:20:30 | WARNING  | ImageManager:83 | [ImageManager] Tạo ảnh NPC 'Bảo Hộ Viên Ánh Sáng Pha Lê' thất bại.
2026-05-24 00:20:30 | DEBUG    | BaseManager:75 | [NPCs] Đã lưu thành công 'Bảo Hộ Viên Ánh Sáng Pha Lê'.
2026-05-24 00:20:30 | DEBUG    | MemoryManager:209 | [ShortTermMemory] Đã cập nhật Context Window hiện tại (Size: 1).
2026-05-24 00:20:30 | DEBUG    | DatabaseManager:92 | [Database] Đã ghi một ký ức mới vào Turn 0.
2026-05-24 00:20:31 | ERROR    | MemoryManager:145 | [VectorDB Lỗi] Sự cố khi nhúng/lưu vector (Memory ID: 1): 
Traceback (most recent call last):
  File "c:\Users\12345\OneDrive\Documents\AI-Adventure-Game\engine\DataManager\MemoryManager.py", line 137, in add_memory_to_vector
    self.index.add_with_ids(vector, np.array([vector_id]).astype('int64'))  # Type: ignore
    ^^^^^^^^^^^^^^^^^^^^^^^^^^^^^^^^^^^^^^^^^^^^^^^^^^^^^^^^^^^^^^^^^^^^^^
  File "C:\Users\12345\AppData\Local\Programs\Python\Python312\Lib\site-packages\faiss\class_wrappers.py", line 293, in replacement_add_with_ids
    assert d == self.d
           ^^^^^^^^^^^
AssertionError
2026-05-24 00:20:31 | DEBUG    | MemoryProcessor:231 | [MemoryProcessor] Đã lưu 1 Episode Ký ức vào CSDL và VectorDB.
2026-05-24 00:20:31 | INFO     | server:104 | Hoàn tất xử lý ngầm (State & Memory)!
2026-05-24 00:20:43 | DEBUG    | ActionProcessor:32 | [ActionManager] Đã tải thành công file action_directives.yaml!
2026-05-24 00:20:43 | DEBUG    | MemoryProcessor:130 | [MemoryProcessor] Truy vấn FAISS: 'Sử dụng chroma_flora phản ứng ánh sáng để che giấu bản thân trước bóng tối trong Hang động Tàn tích Rêu xanh.'
2026-05-24 00:20:43 | ERROR    | MemoryManager:175 | [VectorDB Lỗi] Không thể thực thi truy vấn tìm kiếm FAISS: 
Traceback (most recent call last):
  File "c:\Users\12345\OneDrive\Documents\AI-Adventure-Game\engine\DataManager\MemoryManager.py", line 159, in search
    distances, indices = self.index.search(query_vector, top_k)  # type: ignore
                         ^^^^^^^^^^^^^^^^^^^^^^^^^^^^^^^^^^^^^^
  File "C:\Users\12345\AppData\Local\Programs\Python\Python312\Lib\site-packages\faiss\class_wrappers.py", line 383, in replacement_search
    assert d == self.d
           ^^^^^^^^^^^
AssertionError
2026-05-24 00:20:43 | DEBUG    | MemoryProcessor:184 | [Profile] RAG (Hybrid DB+FAISS) hoàn tất trong: 0.458s
2026-05-24 00:20:43 | DEBUG    | StoryDirector:50 | [StoryDirector] Bắt đầu sinh luồng truyện (Streaming) cho hành động: 'Tôi dùng thực vật chroma_flora phản ứng ánh sáng đ...'
2026-05-24 00:20:45 | INFO     | StoryDirector:74 | [StoryDirector] Đang tính toán các lựa chọn tiếp theo...
2026-05-24 00:20:46 | DEBUG    | StoryDirector:85 | [StoryDirector] Đã tạo thành công 3 lựa chọn khả thi.
2026-05-24 00:20:49 | ERROR    | StateProcessor:237 | [MemoryExtractor Lỗi] unhashable type: 'dict'
2026-05-24 00:20:49 | DEBUG    | StateProcessor:251 | [Profile] Background Tasks (State Extraction): 2.313s
2026-05-24 00:20:49 | INFO     | StateProcessor:181 | [Hệ Thống] ---> THAY ĐỔI TÚI ĐỒ <---
2026-05-24 00:20:49 | INFO     | ImageManager:95 | [ImageManager] Đang vẽ vật phẩm mới: 'thực vật chroma_flora'...
2026-05-24 00:20:49 | INFO     | StateProcessor:128 |  [+] Phát hiện nhân vật xuất hiện: Người lạ
2026-05-24 00:20:49 | INFO     | StateProcessor:29 | [Cloud] Đang thiết kế chỉ số và cốt truyện nền cho: Người lạ...
2026-05-24 00:20:49 | WARNING  | ImageManager:107 | [ImageManager] Tạo ảnh vật phẩm 'thực vật chroma_flora' thất bại.
2026-05-24 00:20:49 | INFO     | StateProcessor:193 |  [+] Nhận được: thực vật chroma_flora
2026-05-24 00:20:49 | INFO     | StateProcessor:210 |  [Balo hiện tại]: thực vật chroma_flora
2026-05-24 00:20:50 | INFO     | ImageManager:73 | [ImageManager] Đang vẽ NPC mới: 'Người lạ'...
2026-05-24 00:20:50 | WARNING  | ImageManager:83 | [ImageManager] Tạo ảnh NPC 'Người lạ' thất bại.
2026-05-24 00:20:50 | DEBUG    | BaseManager:75 | [NPCs] Đã lưu thành công 'Người lạ'.
2026-05-24 00:20:50 | DEBUG    | MemoryManager:209 | [ShortTermMemory] Đã cập nhật Context Window hiện tại (Size: 2).
2026-05-24 00:20:50 | DEBUG    | DatabaseManager:92 | [Database] Đã ghi một ký ức mới vào Turn 1.
2026-05-24 00:20:50 | ERROR    | MemoryManager:145 | [VectorDB Lỗi] Sự cố khi nhúng/lưu vector (Memory ID: 2): 
Traceback (most recent call last):
  File "c:\Users\12345\OneDrive\Documents\AI-Adventure-Game\engine\DataManager\MemoryManager.py", line 137, in add_memory_to_vector
    self.index.add_with_ids(vector, np.array([vector_id]).astype('int64'))  # Type: ignore
    ^^^^^^^^^^^^^^^^^^^^^^^^^^^^^^^^^^^^^^^^^^^^^^^^^^^^^^^^^^^^^^^^^^^^^^
  File "C:\Users\12345\AppData\Local\Programs\Python\Python312\Lib\site-packages\faiss\class_wrappers.py", line 293, in replacement_add_with_ids
    assert d == self.d
           ^^^^^^^^^^^
AssertionError
2026-05-24 00:20:50 | DEBUG    | MemoryProcessor:231 | [MemoryProcessor] Đã lưu 1 Episode Ký ức vào CSDL và VectorDB.
2026-05-24 00:20:50 | INFO     | server:104 | Hoàn tất xử lý ngầm (State & Memory)!
2026-05-24 00:22:12 | DEBUG    | ActionProcessor:32 | [ActionManager] Đã tải thành công file action_directives.yaml!
2026-05-24 00:22:13 | DEBUG    | MemoryProcessor:130 | [MemoryProcessor] Truy vấn FAISS: 'Tấn công bóng tối bằng chroma_flora tại Hang động Tàn tích Rêu xanh'
2026-05-24 00:22:13 | DEBUG    | MemoryProcessor:184 | [Profile] RAG (Hybrid DB+FAISS) hoàn tất trong: 0.475s
2026-05-24 00:22:13 | DEBUG    | StoryDirector:50 | [StoryDirector] Bắt đầu sinh luồng truyện (Streaming) cho hành động: 'Tôi tấn công bóng tối bằng chroma_flora để trì hoã...'
2026-05-24 00:22:14 | INFO     | StoryDirector:74 | [StoryDirector] Đang tính toán các lựa chọn tiếp theo...
2026-05-24 00:22:16 | DEBUG    | StoryDirector:85 | [StoryDirector] Đã tạo thành công 3 lựa chọn khả thi.
2026-05-24 00:22:23 | ERROR    | StateProcessor:237 | [MemoryExtractor Lỗi] unhashable type: 'dict'
2026-05-24 00:22:23 | DEBUG    | StateProcessor:251 | [Profile] Background Tasks (State Extraction): 7.103s
2026-05-24 00:22:23 | INFO     | StateProcessor:181 | [Hệ Thống] ---> THAY ĐỔI TÚI ĐỒ <---
2026-05-24 00:22:23 | INFO     | StateProcessor:205 |  [-] Bị mất: thực vật chroma_flora
2026-05-24 00:22:23 | INFO     | StateProcessor:210 |  [Balo hiện tại]: Trống rỗng
2026-05-24 00:22:23 | INFO     | NPCManager:68 | [NPCManager] 💖 Cập nhật Hồng Lăng: Thiện cảm (+5)
2026-05-24 00:22:23 | INFO     | NPCManager:68 | [NPCManager] 💖 Cập nhật Người lạ: Thiện cảm (+5)
2026-05-24 00:22:23 | DEBUG    | MemoryManager:209 | [ShortTermMemory] Đã cập nhật Context Window hiện tại (Size: 3).
2026-05-24 00:22:23 | DEBUG    | DatabaseManager:92 | [Database] Đã ghi một ký ức mới vào Turn 2.
2026-05-24 00:22:23 | ERROR    | MemoryManager:145 | [VectorDB Lỗi] Sự cố khi nhúng/lưu vector (Memory ID: 3): 
Traceback (most recent call last):
  File "c:\Users\12345\OneDrive\Documents\AI-Adventure-Game\engine\DataManager\MemoryManager.py", line 137, in add_memory_to_vector
    self.index.add_with_ids(vector, np.array([vector_id]).astype('int64'))  # Type: ignore
    ^^^^^^^^^^^^^^^^^^^^^^^^^^^^^^^^^^^^^^^^^^^^^^^^^^^^^^^^^^^^^^^^^^^^^^
  File "C:\Users\12345\AppData\Local\Programs\Python\Python312\Lib\site-packages\faiss\class_wrappers.py", line 293, in replacement_add_with_ids
    assert d == self.d
           ^^^^^^^^^^^
AssertionError
2026-05-24 00:22:23 | DEBUG    | MemoryProcessor:231 | [MemoryProcessor] Đã lưu 1 Episode Ký ức vào CSDL và VectorDB.
2026-05-24 00:22:23 | INFO     | server:104 | Hoàn tất xử lý ngầm (State & Memory)!
2026-05-24 00:31:49 | INFO     | Orchestration:21 | Đang khởi tạo hệ thống Eldoria Game Engine...
2026-05-24 00:31:49 | DEBUG    | ImageManager:22 | [ImageManager] Đã khởi tạo các thư mục bộ nhớ đệm ảnh.
2026-05-24 00:31:50 | INFO     | MemoryManager:20 | [VectorDB] Đang khởi tạo Embedding Model từ: all-MiniLM-L6-v2...
2026-05-24 00:31:57 | DEBUG    | MemoryManager:106 | [VectorDB] Không tìm thấy CSDL FAISS cũ. Khởi tạo Ký ức mới hoàn toàn.
2026-05-24 00:31:57 | DEBUG    | MemoryProcessor:18 | [MemoryProcessor] Đã khởi tạo hệ thống xử lý Ký ức.
2026-05-24 00:32:03 | DEBUG    | StoryDirector:28 | [StoryDirector] Đã khởi tạo các Cloud Agents (Llama-3 & Qwen).
2026-05-24 00:32:03 | INFO     | Orchestration:53 | Hệ thống đã sẵn sàng!
2026-05-24 00:32:13 | INFO     | Orchestration:21 | Đang khởi tạo hệ thống Eldoria Game Engine...
2026-05-24 00:32:13 | DEBUG    | ImageManager:22 | [ImageManager] Đã khởi tạo các thư mục bộ nhớ đệm ảnh.
2026-05-24 00:32:14 | INFO     | MemoryManager:20 | [VectorDB] Đang khởi tạo Embedding Model từ: all-MiniLM-L6-v2...
2026-05-24 00:32:20 | DEBUG    | MemoryManager:106 | [VectorDB] Không tìm thấy CSDL FAISS cũ. Khởi tạo Ký ức mới hoàn toàn.
2026-05-24 00:32:21 | DEBUG    | MemoryProcessor:18 | [MemoryProcessor] Đã khởi tạo hệ thống xử lý Ký ức.
2026-05-24 00:32:26 | DEBUG    | StoryDirector:28 | [StoryDirector] Đã khởi tạo các Cloud Agents (Llama-3 & Qwen).
2026-05-24 00:32:26 | INFO     | Orchestration:53 | Hệ thống đã sẵn sàng!
2026-05-24 00:32:26 | INFO     | Orchestration:21 | Đang khởi tạo hệ thống Eldoria Game Engine...
2026-05-24 00:32:26 | DEBUG    | ImageManager:22 | [ImageManager] Đã khởi tạo các thư mục bộ nhớ đệm ảnh.
2026-05-24 00:32:28 | INFO     | MemoryManager:20 | [VectorDB] Đang khởi tạo Embedding Model từ: all-MiniLM-L6-v2...
2026-05-24 00:32:33 | DEBUG    | MemoryManager:106 | [VectorDB] Không tìm thấy CSDL FAISS cũ. Khởi tạo Ký ức mới hoàn toàn.
2026-05-24 00:32:34 | DEBUG    | MemoryProcessor:18 | [MemoryProcessor] Đã khởi tạo hệ thống xử lý Ký ức.
2026-05-24 00:32:39 | DEBUG    | StoryDirector:28 | [StoryDirector] Đã khởi tạo các Cloud Agents (Llama-3 & Qwen).
2026-05-24 00:32:39 | INFO     | Orchestration:53 | Hệ thống đã sẵn sàng!
2026-05-24 00:33:44 | INFO     | DatabaseManager:35 | [Database] Đã mở kết nối bất đồng bộ tới data/eldoria.db
2026-05-24 00:33:44 | DEBUG    | DatabaseManager:75 | [Database] Bảng 'MEMORY_NPC' chưa tồn tại, bỏ qua bước dọn dẹp.
2026-05-24 00:33:44 | DEBUG    | DatabaseManager:75 | [Database] Bảng 'Memory' chưa tồn tại, bỏ qua bước dọn dẹp.
2026-05-24 00:33:44 | DEBUG    | DatabaseManager:75 | [Database] Bảng 'NPCs' chưa tồn tại, bỏ qua bước dọn dẹp.
2026-05-24 00:33:44 | DEBUG    | DatabaseManager:75 | [Database] Bảng 'Locations' chưa tồn tại, bỏ qua bước dọn dẹp.
2026-05-24 00:33:44 | INFO     | DatabaseManager:83 | [Database] Đã dọn dẹp sạch sẽ toàn bộ dữ liệu SQLite!
2026-05-24 00:33:44 | INFO     | DatabaseManager:55 | [Database] Khởi tạo các bảng SQL thành công!
2026-05-24 00:33:44 | INFO     | ImageManager:112 | [ImageManager] Bắt đầu dọn dẹp thư mục ảnh cũ cho Game mới...
2026-05-24 00:33:44 | INFO     | ImageManager:123 | [ImageManager] Dọn dẹp thư mục ảnh hoàn tất.
2026-05-24 00:33:44 | INFO     | StoryDirector:91 | [StoryDirector] Đang tạo World Bible từ ý tưởng người chơi...
2026-05-24 00:33:47 | DEBUG    | StoryDirector:97 | [StoryDirector] Đã lưu World Bible xuống file: ./data/world_bible.json
2026-05-24 00:33:47 | INFO     | StoryDirector:105 | [StoryDirector] Đang khởi tạo địa điểm xuất phát cho thế giới 'Bright World'...
2026-05-24 00:33:49 | DEBUG    | BaseManager:75 | [Locations] Đã lưu thành công 'Vùng Sương Lạnh Ánh Sao'.
2026-05-24 00:33:49 | INFO     | StoryDirector:130 | [StoryDirector] Bắt đầu sinh phân đoạn truyện mở đầu tại 'Vùng Sương Lạnh Ánh Sao'...
2026-05-24 00:33:51 | INFO     | StoryDirector:74 | [StoryDirector] Đang tính toán các lựa chọn tiếp theo...
2026-05-24 00:33:52 | DEBUG    | StoryDirector:85 | [StoryDirector] Đã tạo thành công 3 lựa chọn khả thi.
2026-05-24 00:33:53 | WARNING  | LocalAgents:185 | [MemoryExtractor] Trả về cấu trúc trống hoặc thiếu key 'atomic_memories'.
2026-05-24 00:33:54 | DEBUG    | StateProcessor:251 | [Profile] Background Tasks (State Extraction): 1.805s
2026-05-24 00:33:54 | INFO     | StateProcessor:128 |  [+] Phát hiện nhân vật xuất hiện: Hình bóng mờ ảo
2026-05-24 00:33:54 | INFO     | StateProcessor:29 | [Cloud] Đang thiết kế chỉ số và cốt truyện nền cho: Hình bóng mờ ảo...
2026-05-24 00:33:56 | INFO     | ImageManager:73 | [ImageManager] Đang vẽ NPC mới: 'Hình bóng mờ ảo'...
2026-05-24 00:33:56 | WARNING  | ImageManager:83 | [ImageManager] Tạo ảnh NPC 'Hình bóng mờ ảo' thất bại.
2026-05-24 00:33:56 | DEBUG    | BaseManager:75 | [NPCs] Đã lưu thành công 'Hình bóng mờ ảo'.
2026-05-24 00:33:56 | DEBUG    | MemoryManager:209 | [ShortTermMemory] Đã cập nhật Context Window hiện tại (Size: 1).
2026-05-24 00:33:56 | DEBUG    | DatabaseManager:92 | [Database] Đã ghi một ký ức mới vào Turn 0.
2026-05-24 00:33:56 | DEBUG    | MemoryProcessor:231 | [MemoryProcessor] Đã lưu 1 Episode Ký ức vào CSDL và VectorDB.
2026-05-24 00:33:56 | INFO     | server:105 | Hoàn tất xử lý ngầm (State & Memory)!
2026-05-24 00:35:06 | DEBUG    | ActionProcessor:32 | [ActionManager] Đã tải thành công file action_directives.yaml!
2026-05-24 00:35:06 | DEBUG    | MemoryProcessor:130 | [MemoryProcessor] Truy vấn FAISS: 'Khám phá cấu trúc đá tinh thể Vùng Sương Lạnh Ánh Sao'
2026-05-24 00:35:07 | DEBUG    | MemoryManager:172 | [VectorDB Search] 'Khám phá cấu trúc đá tinh thể Vùng Sương Lạnh Ánh Sao' -> Trả về 1 kết quả.
2026-05-24 00:35:07 | DEBUG    | MemoryProcessor:144 | [Deduplication] Bỏ qua ký ức #1 từ FAISS vì đã có trong Lịch sử NPC.
2026-05-24 00:35:07 | DEBUG    | MemoryProcessor:184 | [Profile] RAG (Hybrid DB+FAISS) hoàn tất trong: 0.399s
2026-05-24 00:35:07 | DEBUG    | StoryDirector:50 | [StoryDirector] Bắt đầu sinh luồng truyện (Streaming) cho hành động: 'Tôi tiến lại gần cấu trúc đá tinh thể để khám phá ...'
2026-05-24 00:35:08 | INFO     | StoryDirector:74 | [StoryDirector] Đang tính toán các lựa chọn tiếp theo...
2026-05-24 00:35:10 | DEBUG    | StoryDirector:85 | [StoryDirector] Đã tạo thành công 3 lựa chọn khả thi.
2026-05-24 00:35:11 | WARNING  | LocalAgents:185 | [MemoryExtractor] Trả về cấu trúc trống hoặc thiếu key 'atomic_memories'.
2026-05-24 00:35:12 | DEBUG    | StateProcessor:251 | [Profile] Background Tasks (State Extraction): 2.166s
2026-05-24 00:35:12 | INFO     | StateProcessor:128 |  [+] Phát hiện nhân vật xuất hiện: Sinh vật khổng lồ
2026-05-24 00:35:12 | INFO     | NPCManager:68 | [NPCManager] 💖 Cập nhật Hình bóng mờ ảo: Thiện cảm (-5)
2026-05-24 00:35:12 | INFO     | StateProcessor:29 | [Cloud] Đang thiết kế chỉ số và cốt truyện nền cho: Sinh vật khổng lồ...
2026-05-24 00:35:15 | INFO     | ImageManager:73 | [ImageManager] Đang vẽ NPC mới: 'Hình Bóng Mờ Ảo'...
2026-05-24 00:35:15 | WARNING  | ImageManager:83 | [ImageManager] Tạo ảnh NPC 'Hình Bóng Mờ Ảo' thất bại.
2026-05-24 00:35:15 | DEBUG    | BaseManager:64 | [NPCs] Đối tượng 'Hình Bóng Mờ Ảo' đã tồn tại, bỏ qua lưu mới.
2026-05-24 00:35:15 | DEBUG    | MemoryManager:209 | [ShortTermMemory] Đã cập nhật Context Window hiện tại (Size: 2).
2026-05-24 00:35:15 | DEBUG    | DatabaseManager:92 | [Database] Đã ghi một ký ức mới vào Turn 1.
2026-05-24 00:35:15 | WARNING  | DatabaseManager:132 | [Database] Không tìm thấy NPC 'Hình Bóng Mờ Ảo' để link với memory #2
2026-05-24 00:35:15 | DEBUG    | MemoryProcessor:231 | [MemoryProcessor] Đã lưu 1 Episode Ký ức vào CSDL và VectorDB.
2026-05-24 00:35:15 | INFO     | server:105 | Hoàn tất xử lý ngầm (State & Memory)!
2026-05-24 00:37:38 | DEBUG    | ActionProcessor:32 | [ActionManager] Đã tải thành công file action_directives.yaml!
2026-05-24 00:37:38 | DEBUG    | MemoryProcessor:130 | [MemoryProcessor] Truy vấn FAISS: 'Tìm lối thoát trong Vùng Sương Lạnh Ánh Sao'
2026-05-24 00:37:38 | DEBUG    | MemoryManager:172 | [VectorDB Search] 'Tìm lối thoát trong Vùng Sương Lạnh Ánh Sao' -> Trả về 2 kết quả.
2026-05-24 00:37:38 | DEBUG    | MemoryProcessor:144 | [Deduplication] Bỏ qua ký ức #1 từ FAISS vì đã có trong Lịch sử NPC.
2026-05-24 00:37:38 | DEBUG    | MemoryProcessor:144 | [Deduplication] Bỏ qua ký ức #2 từ FAISS vì đã có trong Lịch sử NPC.
2026-05-24 00:37:38 | DEBUG    | MemoryProcessor:184 | [Profile] RAG (Hybrid DB+FAISS) hoàn tất trong: 0.410s
2026-05-24 00:37:38 | DEBUG    | StoryDirector:50 | [StoryDirector] Bắt đầu sinh luồng truyện (Streaming) cho hành động: 'Tôi tìm một lối thoát khác trong sương mù....'
2026-05-24 00:37:40 | INFO     | StoryDirector:74 | [StoryDirector] Đang tính toán các lựa chọn tiếp theo...
2026-05-24 00:37:43 | DEBUG    | StoryDirector:85 | [StoryDirector] Đã tạo thành công 3 lựa chọn khả thi.
2026-05-24 00:37:45 | WARNING  | LocalAgents:185 | [MemoryExtractor] Trả về cấu trúc trống hoặc thiếu key 'atomic_memories'.
2026-05-24 00:37:58 | DEBUG    | StateProcessor:251 | [Profile] Background Tasks (State Extraction): 15.052s
2026-05-24 00:37:58 | DEBUG    | MemoryManager:209 | [ShortTermMemory] Đã cập nhật Context Window hiện tại (Size: 3).
2026-05-24 00:37:58 | DEBUG    | DatabaseManager:92 | [Database] Đã ghi một ký ức mới vào Turn 2.
2026-05-24 00:37:58 | WARNING  | DatabaseManager:132 | [Database] Không tìm thấy NPC 'Hình Bóng Mờ Ảo' để link với memory #3
2026-05-24 00:37:58 | DEBUG    | MemoryProcessor:231 | [MemoryProcessor] Đã lưu 1 Episode Ký ức vào CSDL và VectorDB.
2026-05-24 00:37:58 | INFO     | server:105 | Hoàn tất xử lý ngầm (State & Memory)!
2026-05-24 00:39:24 | DEBUG    | ActionProcessor:32 | [ActionManager] Đã tải thành công file action_directives.yaml!
2026-05-24 00:39:25 | DEBUG    | MemoryProcessor:130 | [MemoryProcessor] Truy vấn FAISS: 'Hình bóng mờ ảo Vùng Sương Lạnh Ánh Sao'
2026-05-24 00:39:25 | DEBUG    | MemoryManager:172 | [VectorDB Search] 'Hình bóng mờ ảo Vùng Sương Lạnh Ánh Sao' -> Trả về 3 kết quả.
2026-05-24 00:39:25 | DEBUG    | MemoryProcessor:144 | [Deduplication] Bỏ qua ký ức #1 từ FAISS vì đã có trong Lịch sử NPC.
2026-05-24 00:39:25 | DEBUG    | MemoryProcessor:144 | [Deduplication] Bỏ qua ký ức #2 từ FAISS vì đã có trong Lịch sử NPC.
2026-05-24 00:39:25 | DEBUG    | MemoryProcessor:144 | [Deduplication] Bỏ qua ký ức #3 từ FAISS vì đã có trong Lịch sử NPC.
2026-05-24 00:39:25 | DEBUG    | MemoryProcessor:184 | [Profile] RAG (Hybrid DB+FAISS) hoàn tất trong: 0.547s
2026-05-24 00:39:25 | DEBUG    | StoryDirector:50 | [StoryDirector] Bắt đầu sinh luồng truyện (Streaming) cho hành động: 'Tôi cố gắng leo ra khỏi hố, nhưng đất trơn trượt k...'
2026-05-24 00:39:26 | INFO     | StoryDirector:74 | [StoryDirector] Đang tính toán các lựa chọn tiếp theo...
2026-05-24 00:39:30 | DEBUG    | StoryDirector:85 | [StoryDirector] Đã tạo thành công 3 lựa chọn khả thi.
2026-05-24 00:39:31 | WARNING  | LocalAgents:185 | [MemoryExtractor] Trả về cấu trúc trống hoặc thiếu key 'atomic_memories'.
2026-05-24 00:39:37 | DEBUG    | StateProcessor:251 | [Profile] Background Tasks (State Extraction): 7.436s
2026-05-24 00:39:37 | DEBUG    | MemoryManager:209 | [ShortTermMemory] Đã cập nhật Context Window hiện tại (Size: 4).
2026-05-24 00:39:37 | DEBUG    | DatabaseManager:92 | [Database] Đã ghi một ký ức mới vào Turn 3.
2026-05-24 00:39:37 | WARNING  | DatabaseManager:132 | [Database] Không tìm thấy NPC 'Hình Bóng Mờ Ảo' để link với memory #4
2026-05-24 00:39:37 | DEBUG    | MemoryProcessor:231 | [MemoryProcessor] Đã lưu 1 Episode Ký ức vào CSDL và VectorDB.
2026-05-24 00:39:37 | INFO     | server:105 | Hoàn tất xử lý ngầm (State & Memory)!
2026-05-24 00:40:08 | DEBUG    | ActionProcessor:32 | [ActionManager] Đã tải thành công file action_directives.yaml!
2026-05-24 00:40:09 | DEBUG    | MemoryProcessor:130 | [MemoryProcessor] Truy vấn FAISS: 'Hình bóng mờ ảo Vùng Sương Lạnh Ánh Sao'
2026-05-24 00:40:09 | DEBUG    | MemoryManager:172 | [VectorDB Search] 'Hình bóng mờ ảo Vùng Sương Lạnh Ánh Sao' -> Trả về 4 kết quả.
2026-05-24 00:40:09 | DEBUG    | MemoryProcessor:144 | [Deduplication] Bỏ qua ký ức #2 từ FAISS vì đã có trong Lịch sử NPC.
2026-05-24 00:40:09 | DEBUG    | MemoryProcessor:144 | [Deduplication] Bỏ qua ký ức #3 từ FAISS vì đã có trong Lịch sử NPC.
2026-05-24 00:40:09 | DEBUG    | MemoryProcessor:144 | [Deduplication] Bỏ qua ký ức #4 từ FAISS vì đã có trong Lịch sử NPC.
2026-05-24 00:40:09 | DEBUG    | MemoryProcessor:184 | [Profile] RAG (Hybrid DB+FAISS) hoàn tất trong: 0.509s
2026-05-24 00:40:09 | DEBUG    | StoryDirector:50 | [StoryDirector] Bắt đầu sinh luồng truyện (Streaming) cho hành động: 'Tôi dùng tay đào đất mềm để tạo chỗ đứng vững....'
2026-05-24 00:40:10 | INFO     | StoryDirector:74 | [StoryDirector] Đang tính toán các lựa chọn tiếp theo...
2026-05-24 00:40:12 | DEBUG    | StoryDirector:85 | [StoryDirector] Đã tạo thành công 3 lựa chọn khả thi.
2026-05-24 00:40:22 | WARNING  | LocalAgents:185 | [MemoryExtractor] Trả về cấu trúc trống hoặc thiếu key 'atomic_memories'.
2026-05-24 00:40:22 | DEBUG    | StateProcessor:251 | [Profile] Background Tasks (State Extraction): 9.916s
2026-05-24 00:40:22 | DEBUG    | MemoryManager:209 | [ShortTermMemory] Đã cập nhật Context Window hiện tại (Size: 4).
2026-05-24 00:40:22 | DEBUG    | DatabaseManager:92 | [Database] Đã ghi một ký ức mới vào Turn 4.
2026-05-24 00:40:22 | WARNING  | DatabaseManager:132 | [Database] Không tìm thấy NPC 'Hình Bóng Mờ Ảo' để link với memory #5
2026-05-24 00:40:22 | DEBUG    | MemoryProcessor:231 | [MemoryProcessor] Đã lưu 1 Episode Ký ức vào CSDL và VectorDB.
2026-05-24 00:40:22 | INFO     | server:105 | Hoàn tất xử lý ngầm (State & Memory)!
2026-05-24 00:42:18 | INFO     | DatabaseManager:35 | [Database] Đã mở kết nối bất đồng bộ tới data/eldoria.db
2026-05-24 00:42:18 | INFO     | DatabaseManager:83 | [Database] Đã dọn dẹp sạch sẽ toàn bộ dữ liệu SQLite!
2026-05-24 00:42:18 | INFO     | DatabaseManager:55 | [Database] Khởi tạo các bảng SQL thành công!
2026-05-24 00:42:18 | INFO     | ImageManager:112 | [ImageManager] Bắt đầu dọn dẹp thư mục ảnh cũ cho Game mới...
2026-05-24 00:42:18 | INFO     | ImageManager:123 | [ImageManager] Dọn dẹp thư mục ảnh hoàn tất.
2026-05-24 00:42:18 | INFO     | StoryDirector:91 | [StoryDirector] Đang tạo World Bible từ ý tưởng người chơi...
2026-05-24 00:42:21 | DEBUG    | StoryDirector:97 | [StoryDirector] Đã lưu World Bible xuống file: ./data/world_bible.json
2026-05-24 00:42:21 | INFO     | StoryDirector:105 | [StoryDirector] Đang khởi tạo địa điểm xuất phát cho thế giới 'The Looted Expanse'...
2026-05-24 00:42:22 | DEBUG    | BaseManager:75 | [Locations] Đã lưu thành công 'Rừng Nứt Đổn'.
2026-05-24 00:42:22 | INFO     | StoryDirector:130 | [StoryDirector] Bắt đầu sinh phân đoạn truyện mở đầu tại 'Rừng Nứt Đổn'...
2026-05-24 00:42:24 | INFO     | StoryDirector:74 | [StoryDirector] Đang tính toán các lựa chọn tiếp theo...
2026-05-24 00:42:25 | DEBUG    | StoryDirector:85 | [StoryDirector] Đã tạo thành công 3 lựa chọn khả thi.
2026-05-24 00:42:38 | WARNING  | LocalAgents:185 | [MemoryExtractor] Trả về cấu trúc trống hoặc thiếu key 'atomic_memories'.
2026-05-24 00:42:38 | DEBUG    | StateProcessor:251 | [Profile] Background Tasks (State Extraction): 12.892s
2026-05-24 00:42:38 | INFO     | StateProcessor:128 |  [+] Phát hiện nhân vật xuất hiện: Hổ bằng đồng
2026-05-24 00:42:38 | INFO     | StateProcessor:29 | [Cloud] Đang thiết kế chỉ số và cốt truyện nền cho: Hổ bằng đồng...
2026-05-24 00:42:40 | INFO     | ImageManager:73 | [ImageManager] Đang vẽ NPC mới: 'Hổ bằng đồng'...
2026-05-24 00:42:40 | WARNING  | ImageManager:83 | [ImageManager] Tạo ảnh NPC 'Hổ bằng đồng' thất bại.
2026-05-24 00:42:40 | DEBUG    | BaseManager:75 | [NPCs] Đã lưu thành công 'Hổ bằng đồng'.
2026-05-24 00:42:40 | DEBUG    | MemoryManager:209 | [ShortTermMemory] Đã cập nhật Context Window hiện tại (Size: 4).
2026-05-24 00:42:40 | DEBUG    | DatabaseManager:92 | [Database] Đã ghi một ký ức mới vào Turn 5.
2026-05-24 00:42:40 | WARNING  | DatabaseManager:132 | [Database] Không tìm thấy NPC 'Hình bóng mờ ảo' để link với memory #1
2026-05-24 00:42:40 | WARNING  | DatabaseManager:132 | [Database] Không tìm thấy NPC 'Hình Bóng Mờ Ảo' để link với memory #1
2026-05-24 00:42:40 | DEBUG    | MemoryProcessor:231 | [MemoryProcessor] Đã lưu 1 Episode Ký ức vào CSDL và VectorDB.
2026-05-24 00:42:40 | INFO     | server:105 | Hoàn tất xử lý ngầm (State & Memory)!
2026-05-24 00:43:24 | DEBUG    | ActionProcessor:32 | [ActionManager] Đã tải thành công file action_directives.yaml!
2026-05-24 00:43:24 | INFO     | ActionProcessor:100 | [ActionManager] 🎲 Sự kiện Địa điểm ẩn (Xí ngầu: 7/23)
2026-05-24 00:43:25 | DEBUG    | MemoryProcessor:130 | [MemoryProcessor] Truy vấn FAISS: 'Lùi lại tìm chỗ ẩn nấp sau những cây gãy ở Rừng Nứt Đổn'
2026-05-24 00:43:25 | DEBUG    | MemoryManager:172 | [VectorDB Search] 'Lùi lại tìm chỗ ẩn nấp sau những cây gãy ở Rừng Nứt Đổn' -> Trả về 5 kết quả.
2026-05-24 00:43:25 | DEBUG    | MemoryProcessor:144 | [Deduplication] Bỏ qua ký ức #1 từ FAISS vì đã có trong Lịch sử NPC.
2026-05-24 00:43:25 | DEBUG    | MemoryProcessor:184 | [Profile] RAG (Hybrid DB+FAISS) hoàn tất trong: 0.415s
2026-05-24 00:43:25 | DEBUG    | StoryDirector:50 | [StoryDirector] Bắt đầu sinh luồng truyện (Streaming) cho hành động: 'Tôi lùi lại tìm chỗ ẩn nấp sau những cây gãy....'
2026-05-24 00:43:26 | INFO     | StoryDirector:74 | [StoryDirector] Đang tính toán các lựa chọn tiếp theo...
2026-05-24 00:43:30 | DEBUG    | StoryDirector:85 | [StoryDirector] Đã tạo thành công 3 lựa chọn khả thi.
2026-05-24 00:43:31 | WARNING  | LocalAgents:185 | [MemoryExtractor] Trả về cấu trúc trống hoặc thiếu key 'atomic_memories'.
2026-05-24 00:43:31 | DEBUG    | StateProcessor:251 | [Profile] Background Tasks (State Extraction): 1.334s
2026-05-24 00:43:31 | INFO     | NPCManager:68 | [NPCManager] 💖 Cập nhật Hổ bằng đồng: Thiện cảm (-10)
2026-05-24 00:43:31 | DEBUG    | MemoryManager:209 | [ShortTermMemory] Đã cập nhật Context Window hiện tại (Size: 4).
2026-05-24 00:43:31 | DEBUG    | DatabaseManager:92 | [Database] Đã ghi một ký ức mới vào Turn 6.
2026-05-24 00:43:31 | WARNING  | DatabaseManager:132 | [Database] Không tìm thấy NPC 'Hình bóng mờ ảo' để link với memory #2
2026-05-24 00:43:31 | WARNING  | DatabaseManager:132 | [Database] Không tìm thấy NPC 'Hình Bóng Mờ Ảo' để link với memory #2
2026-05-24 00:43:31 | DEBUG    | MemoryProcessor:231 | [MemoryProcessor] Đã lưu 1 Episode Ký ức vào CSDL và VectorDB.
2026-05-24 00:43:31 | INFO     | server:105 | Hoàn tất xử lý ngầm (State & Memory)!
2026-05-24 00:44:52 | DEBUG    | ActionProcessor:32 | [ActionManager] Đã tải thành công file action_directives.yaml!
2026-05-24 00:44:52 | DEBUG    | MemoryProcessor:130 | [MemoryProcessor] Truy vấn FAISS: 'Tìm kiếm vũ khí gần con hổ bằng đồng'
2026-05-24 00:44:52 | DEBUG    | MemoryManager:172 | [VectorDB Search] 'Tìm kiếm vũ khí gần con hổ bằng đồng' -> Trả về 5 kết quả.
2026-05-24 00:44:52 | DEBUG    | MemoryProcessor:144 | [Deduplication] Bỏ qua ký ức #1 từ FAISS vì đã có trong Lịch sử NPC.
2026-05-24 00:44:52 | DEBUG    | MemoryProcessor:144 | [Deduplication] Bỏ qua ký ức #2 từ FAISS vì đã có trong Lịch sử NPC.
2026-05-24 00:44:52 | DEBUG    | MemoryProcessor:184 | [Profile] RAG (Hybrid DB+FAISS) hoàn tất trong: 0.560s
2026-05-24 00:44:52 | DEBUG    | StoryDirector:50 | [StoryDirector] Bắt đầu sinh luồng truyện (Streaming) cho hành động: 'Tìm kiếm vũ khí gần đó để tự vệ...'
2026-05-24 00:44:53 | INFO     | StoryDirector:74 | [StoryDirector] Đang tính toán các lựa chọn tiếp theo...
2026-05-24 00:44:56 | DEBUG    | StoryDirector:85 | [StoryDirector] Đã tạo thành công 3 lựa chọn khả thi.
2026-05-24 00:44:58 | WARNING  | LocalAgents:185 | [MemoryExtractor] Trả về cấu trúc trống hoặc thiếu key 'atomic_memories'.
2026-05-24 00:45:10 | DEBUG    | StateProcessor:251 | [Profile] Background Tasks (State Extraction): 13.329s
2026-05-24 00:45:10 | INFO     | StateProcessor:181 | [Hệ Thống] ---> THAY ĐỔI TÚI ĐỒ <---
2026-05-24 00:45:10 | INFO     | ImageManager:95 | [ImageManager] Đang vẽ vật phẩm mới: 'Cây gậy lớn'...
2026-05-24 00:45:10 | WARNING  | ImageManager:107 | [ImageManager] Tạo ảnh vật phẩm 'Cây gậy lớn' thất bại.
2026-05-24 00:45:10 | INFO     | StateProcessor:193 |  [+] Nhận được: Cây gậy lớn
2026-05-24 00:45:10 | INFO     | StateProcessor:210 |  [Balo hiện tại]: Cây gậy lớn
2026-05-24 00:45:10 | DEBUG    | MemoryManager:209 | [ShortTermMemory] Đã cập nhật Context Window hiện tại (Size: 4).
2026-05-24 00:45:10 | DEBUG    | DatabaseManager:92 | [Database] Đã ghi một ký ức mới vào Turn 7.
2026-05-24 00:45:10 | WARNING  | DatabaseManager:132 | [Database] Không tìm thấy NPC 'Hình bóng mờ ảo' để link với memory #3
2026-05-24 00:45:10 | WARNING  | DatabaseManager:132 | [Database] Không tìm thấy NPC 'Hình Bóng Mờ Ảo' để link với memory #3
2026-05-24 00:45:10 | DEBUG    | MemoryProcessor:231 | [MemoryProcessor] Đã lưu 1 Episode Ký ức vào CSDL và VectorDB.
2026-05-24 00:45:10 | INFO     | server:105 | Hoàn tất xử lý ngầm (State & Memory)!
2026-05-24 00:50:27 | INFO     | Orchestration:21 | Đang khởi tạo hệ thống Eldoria Game Engine...
2026-05-24 00:50:27 | DEBUG    | ImageManager:22 | [ImageManager] Đã khởi tạo các thư mục bộ nhớ đệm ảnh.
2026-05-24 00:50:27 | DEBUG    | ImageManager:22 | [ImageManager] Đã khởi tạo các thư mục bộ nhớ đệm ảnh.
2026-05-24 00:50:28 | INFO     | MemoryManager:20 | [VectorDB] Đang khởi tạo Embedding Model từ: all-MiniLM-L6-v2...
2026-05-24 00:50:28 | INFO     | MemoryManager:20 | [VectorDB] Đang khởi tạo Embedding Model từ: all-MiniLM-L6-v2...
2026-05-24 00:50:35 | INFO     | MemoryManager:104 | [VectorDB] Khôi phục thành công 5 ký ức từ ổ cứng.
2026-05-24 00:50:35 | DEBUG    | MemoryProcessor:18 | [MemoryProcessor] Đã khởi tạo hệ thống xử lý Ký ức.
2026-05-24 00:50:35 | DEBUG    | MemoryProcessor:18 | [MemoryProcessor] Đã khởi tạo hệ thống xử lý Ký ức.
2026-05-24 00:50:42 | DEBUG    | StoryDirector:28 | [StoryDirector] Đã khởi tạo các Cloud Agents (Llama-3 & Qwen).
2026-05-24 00:50:42 | INFO     | Orchestration:53 | Hệ thống đã sẵn sàng!
2026-05-24 00:50:42 | DEBUG    | StoryDirector:28 | [StoryDirector] Đã khởi tạo các Cloud Agents (Llama-3 & Qwen).
2026-05-24 00:50:42 | INFO     | Orchestration:53 | Hệ thống đã sẵn sàng!
2026-05-24 00:50:51 | INFO     | Orchestration:21 | Đang khởi tạo hệ thống Eldoria Game Engine...
2026-05-24 00:50:51 | DEBUG    | ImageManager:22 | [ImageManager] Đã khởi tạo các thư mục bộ nhớ đệm ảnh.
2026-05-24 00:50:53 | INFO     | MemoryManager:20 | [VectorDB] Đang khởi tạo Embedding Model từ: all-MiniLM-L6-v2...
2026-05-24 00:50:59 | INFO     | MemoryManager:104 | [VectorDB] Khôi phục thành công 5 ký ức từ ổ cứng.
2026-05-24 00:50:59 | DEBUG    | MemoryProcessor:18 | [MemoryProcessor] Đã khởi tạo hệ thống xử lý Ký ức.
2026-05-24 00:51:07 | DEBUG    | StoryDirector:28 | [StoryDirector] Đã khởi tạo các Cloud Agents (Llama-3 & Qwen).
2026-05-24 00:51:07 | INFO     | Orchestration:53 | Hệ thống đã sẵn sàng!
2026-05-24 00:51:07 | INFO     | Orchestration:21 | Đang khởi tạo hệ thống Eldoria Game Engine...
2026-05-24 00:51:07 | DEBUG    | ImageManager:22 | [ImageManager] Đã khởi tạo các thư mục bộ nhớ đệm ảnh.
2026-05-24 00:51:09 | INFO     | MemoryManager:20 | [VectorDB] Đang khởi tạo Embedding Model từ: all-MiniLM-L6-v2...
2026-05-24 00:51:15 | INFO     | MemoryManager:104 | [VectorDB] Khôi phục thành công 5 ký ức từ ổ cứng.
2026-05-24 00:51:15 | DEBUG    | MemoryProcessor:18 | [MemoryProcessor] Đã khởi tạo hệ thống xử lý Ký ức.
2026-05-24 00:51:21 | DEBUG    | StoryDirector:28 | [StoryDirector] Đã khởi tạo các Cloud Agents (Llama-3 & Qwen).
2026-05-24 00:51:21 | INFO     | Orchestration:53 | Hệ thống đã sẵn sàng!
2026-05-24 00:53:29 | INFO     | Orchestration:21 | Đang khởi tạo hệ thống Eldoria Game Engine...
2026-05-24 00:53:29 | DEBUG    | ImageManager:22 | [ImageManager] Đã khởi tạo các thư mục bộ nhớ đệm ảnh.
2026-05-24 00:53:30 | INFO     | MemoryManager:20 | [VectorDB] Đang khởi tạo Embedding Model từ: all-MiniLM-L6-v2...
2026-05-24 00:53:37 | DEBUG    | MemoryManager:106 | [VectorDB] Không tìm thấy CSDL FAISS cũ. Khởi tạo Ký ức mới hoàn toàn.
2026-05-24 00:53:37 | DEBUG    | MemoryProcessor:18 | [MemoryProcessor] Đã khởi tạo hệ thống xử lý Ký ức.
2026-05-24 00:53:43 | DEBUG    | StoryDirector:28 | [StoryDirector] Đã khởi tạo các Cloud Agents (Llama-3 & Qwen).
2026-05-24 00:53:43 | INFO     | Orchestration:53 | Hệ thống đã sẵn sàng!
2026-05-24 00:53:57 | INFO     | Orchestration:21 | Đang khởi tạo hệ thống Eldoria Game Engine...
2026-05-24 00:53:57 | DEBUG    | ImageManager:22 | [ImageManager] Đã khởi tạo các thư mục bộ nhớ đệm ảnh.
2026-05-24 00:53:58 | INFO     | MemoryManager:20 | [VectorDB] Đang khởi tạo Embedding Model từ: all-MiniLM-L6-v2...
2026-05-24 00:54:04 | DEBUG    | MemoryManager:106 | [VectorDB] Không tìm thấy CSDL FAISS cũ. Khởi tạo Ký ức mới hoàn toàn.
2026-05-24 00:54:04 | DEBUG    | MemoryProcessor:18 | [MemoryProcessor] Đã khởi tạo hệ thống xử lý Ký ức.
2026-05-24 00:54:10 | DEBUG    | StoryDirector:28 | [StoryDirector] Đã khởi tạo các Cloud Agents (Llama-3 & Qwen).
2026-05-24 00:54:10 | INFO     | Orchestration:53 | Hệ thống đã sẵn sàng!
2026-05-24 00:54:10 | INFO     | Orchestration:21 | Đang khởi tạo hệ thống Eldoria Game Engine...
2026-05-24 00:54:10 | DEBUG    | ImageManager:22 | [ImageManager] Đã khởi tạo các thư mục bộ nhớ đệm ảnh.
2026-05-24 00:54:11 | INFO     | MemoryManager:20 | [VectorDB] Đang khởi tạo Embedding Model từ: all-MiniLM-L6-v2...
2026-05-24 00:54:17 | DEBUG    | MemoryManager:106 | [VectorDB] Không tìm thấy CSDL FAISS cũ. Khởi tạo Ký ức mới hoàn toàn.
2026-05-24 00:54:17 | DEBUG    | MemoryProcessor:18 | [MemoryProcessor] Đã khởi tạo hệ thống xử lý Ký ức.
2026-05-24 00:54:23 | DEBUG    | StoryDirector:28 | [StoryDirector] Đã khởi tạo các Cloud Agents (Llama-3 & Qwen).
2026-05-24 00:54:23 | INFO     | Orchestration:53 | Hệ thống đã sẵn sàng!
2026-05-24 00:54:52 | INFO     | DatabaseManager:35 | [Database] Đã mở kết nối bất đồng bộ tới data/eldoria.db
2026-05-24 00:54:52 | DEBUG    | DatabaseManager:75 | [Database] Bảng 'MEMORY_NPC' chưa tồn tại, bỏ qua bước dọn dẹp.
2026-05-24 00:54:52 | DEBUG    | DatabaseManager:75 | [Database] Bảng 'Memory' chưa tồn tại, bỏ qua bước dọn dẹp.
2026-05-24 00:54:52 | DEBUG    | DatabaseManager:75 | [Database] Bảng 'NPCs' chưa tồn tại, bỏ qua bước dọn dẹp.
2026-05-24 00:54:52 | DEBUG    | DatabaseManager:75 | [Database] Bảng 'Locations' chưa tồn tại, bỏ qua bước dọn dẹp.
2026-05-24 00:54:52 | INFO     | DatabaseManager:83 | [Database] Đã dọn dẹp sạch sẽ toàn bộ dữ liệu SQLite!
2026-05-24 00:54:52 | INFO     | DatabaseManager:55 | [Database] Khởi tạo các bảng SQL thành công!
2026-05-24 00:54:52 | INFO     | ImageManager:112 | [ImageManager] Bắt đầu dọn dẹp thư mục ảnh cũ cho Game mới...
2026-05-24 00:54:52 | INFO     | ImageManager:123 | [ImageManager] Dọn dẹp thư mục ảnh hoàn tất.
2026-05-24 00:54:52 | INFO     | StoryDirector:91 | [StoryDirector] Đang tạo World Bible từ ý tưởng người chơi...
2026-05-24 00:54:55 | DEBUG    | StoryDirector:97 | [StoryDirector] Đã lưu World Bible xuống file: ./data/world_bible.json
2026-05-24 00:54:55 | INFO     | StoryDirector:105 | [StoryDirector] Đang khởi tạo địa điểm xuất phát cho thế giới 'Lootbound Expanse'...
2026-05-24 00:54:57 | DEBUG    | BaseManager:75 | [Locations] Đã lưu thành công 'Vùng Ruộng Ma Tối'.
2026-05-24 00:54:57 | INFO     | StoryDirector:130 | [StoryDirector] Bắt đầu sinh phân đoạn truyện mở đầu tại 'Vùng Ruộng Ma Tối'...
2026-05-24 00:54:59 | INFO     | StoryDirector:74 | [StoryDirector] Đang tính toán các lựa chọn tiếp theo...
2026-05-24 00:55:00 | DEBUG    | StoryDirector:85 | [StoryDirector] Đã tạo thành công 3 lựa chọn khả thi.
2026-05-24 00:55:07 | WARNING  | LocalAgents:185 | [MemoryExtractor] Trả về cấu trúc trống hoặc thiếu key 'atomic_memories'.
2026-05-24 00:55:07 | DEBUG    | StateProcessor:269 | [Profile] Background Tasks (State Extraction): 7.276s
2026-05-24 00:55:07 | DEBUG    | MemoryManager:209 | [ShortTermMemory] Đã cập nhật Context Window hiện tại (Size: 1).
2026-05-24 00:55:07 | DEBUG    | DatabaseManager:92 | [Database] Đã ghi một ký ức mới vào Turn 0.
2026-05-24 00:55:08 | DEBUG    | MemoryProcessor:231 | [MemoryProcessor] Đã lưu 1 Episode Ký ức vào CSDL và VectorDB.
2026-05-24 00:55:08 | INFO     | server:105 | Hoàn tất xử lý ngầm (State & Memory)!
2026-05-24 00:55:38 | DEBUG    | ActionProcessor:32 | [ActionManager] Đã tải thành công file action_directives.yaml!
2026-05-24 00:55:38 | DEBUG    | MemoryProcessor:130 | [MemoryProcessor] Truy vấn FAISS: 'Tìm đường qua đống gạch vỡ'
2026-05-24 00:55:38 | DEBUG    | MemoryManager:172 | [VectorDB Search] 'Tìm đường qua đống gạch vỡ' -> Trả về 1 kết quả.
2026-05-24 00:55:38 | DEBUG    | MemoryProcessor:184 | [Profile] RAG (Hybrid DB+FAISS) hoàn tất trong: 0.386s
2026-05-24 00:55:38 | DEBUG    | StoryDirector:50 | [StoryDirector] Bắt đầu sinh luồng truyện (Streaming) cho hành động: 'Tìm đường qua đống gạch vỡ để tránh sự chú ý...'
2026-05-24 00:55:40 | INFO     | StoryDirector:74 | [StoryDirector] Đang tính toán các lựa chọn tiếp theo...
2026-05-24 00:55:42 | DEBUG    | StoryDirector:85 | [StoryDirector] Đã tạo thành công 3 lựa chọn khả thi.
2026-05-24 00:55:44 | WARNING  | LocalAgents:185 | [MemoryExtractor] Trả về cấu trúc trống hoặc thiếu key 'atomic_memories'.
2026-05-24 00:55:44 | DEBUG    | StateProcessor:269 | [Profile] Background Tasks (State Extraction): 2.876s
2026-05-24 00:55:46 | INFO     | StateProcessor:70 | >> [Hệ Thống] Phát hiện khu vực mới: Hang động lá che. Đang tải ảnh nền...
2026-05-24 00:55:46 | INFO     | ImageManager:45 | [ImageManager] Đang vẽ bối cảnh mới: 'Hang động lá che'...
2026-05-24 00:55:46 | WARNING  | ImageManager:59 | [ImageManager] Tạo ảnh bối cảnh 'Hang động lá che' thất bại.
2026-05-24 00:55:46 | DEBUG    | BaseManager:75 | [Locations] Đã lưu thành công 'Hang động lá che'.
2026-05-24 00:55:46 | DEBUG    | MemoryManager:209 | [ShortTermMemory] Đã cập nhật Context Window hiện tại (Size: 2).
2026-05-24 00:55:46 | DEBUG    | DatabaseManager:92 | [Database] Đã ghi một ký ức mới vào Turn 1.
2026-05-24 00:55:46 | DEBUG    | MemoryProcessor:231 | [MemoryProcessor] Đã lưu 1 Episode Ký ức vào CSDL và VectorDB.
2026-05-24 00:55:46 | INFO     | server:105 | Hoàn tất xử lý ngầm (State & Memory)!
2026-05-24 00:56:23 | DEBUG    | ActionProcessor:32 | [ActionManager] Đã tải thành công file action_directives.yaml!
2026-05-24 00:56:23 | INFO     | ActionProcessor:100 | [ActionManager] 🎲 Sự kiện Địa điểm ẩn (Xí ngầu: 14/15)
2026-05-24 00:56:23 | DEBUG    | MemoryProcessor:130 | [MemoryProcessor] Truy vấn FAISS: 'kiểm tra những đôi mắt trong bóng tối'
2026-05-24 00:56:23 | DEBUG    | MemoryManager:172 | [VectorDB Search] 'kiểm tra những đôi mắt trong bóng tối' -> Trả về 2 kết quả.
2026-05-24 00:56:23 | DEBUG    | MemoryProcessor:184 | [Profile] RAG (Hybrid DB+FAISS) hoàn tất trong: 0.353s
2026-05-24 00:56:23 | DEBUG    | StoryDirector:50 | [StoryDirector] Bắt đầu sinh luồng truyện (Streaming) cho hành động: 'Tôi quay lại kiểm tra những đôi mắt trong bóng tối...'
2026-05-24 00:56:27 | INFO     | StoryDirector:74 | [StoryDirector] Đang tính toán các lựa chọn tiếp theo...
2026-05-24 00:56:28 | DEBUG    | StoryDirector:85 | [StoryDirector] Đã tạo thành công 3 lựa chọn khả thi.
2026-05-24 00:56:37 | WARNING  | LocalAgents:185 | [MemoryExtractor] Trả về cấu trúc trống hoặc thiếu key 'atomic_memories'.
2026-05-24 00:56:37 | DEBUG    | StateProcessor:269 | [Profile] Background Tasks (State Extraction): 9.026s
2026-05-24 00:56:39 | INFO     | StateProcessor:70 | >> [Hệ Thống] Phát hiện khu vực mới: Hang động hồ nước. Đang tải ảnh nền...
2026-05-24 00:56:39 | INFO     | ImageManager:45 | [ImageManager] Đang vẽ bối cảnh mới: 'Hang động hồ nước'...
2026-05-24 00:56:39 | WARNING  | ImageManager:59 | [ImageManager] Tạo ảnh bối cảnh 'Hang động hồ nước' thất bại.
2026-05-24 00:56:39 | DEBUG    | BaseManager:75 | [Locations] Đã lưu thành công 'Hang động hồ nước'.
2026-05-24 00:56:39 | DEBUG    | MemoryManager:209 | [ShortTermMemory] Đã cập nhật Context Window hiện tại (Size: 3).
2026-05-24 00:56:39 | DEBUG    | DatabaseManager:92 | [Database] Đã ghi một ký ức mới vào Turn 2.
2026-05-24 00:56:39 | DEBUG    | MemoryProcessor:231 | [MemoryProcessor] Đã lưu 1 Episode Ký ức vào CSDL và VectorDB.
2026-05-24 00:56:39 | INFO     | server:105 | Hoàn tất xử lý ngầm (State & Memory)!
2026-05-24 00:56:56 | DEBUG    | ActionProcessor:32 | [ActionManager] Đã tải thành công file action_directives.yaml!
2026-05-24 00:56:56 | DEBUG    | MemoryProcessor:130 | [MemoryProcessor] Truy vấn FAISS: 'kiểm tra cây trên tường hang động hồ nước'
2026-05-24 00:56:56 | DEBUG    | MemoryManager:172 | [VectorDB Search] 'kiểm tra cây trên tường hang động hồ nước' -> Trả về 3 kết quả.
2026-05-24 00:56:56 | DEBUG    | MemoryProcessor:184 | [Profile] RAG (Hybrid DB+FAISS) hoàn tất trong: 0.569s
2026-05-24 00:56:56 | DEBUG    | StoryDirector:50 | [StoryDirector] Bắt đầu sinh luồng truyện (Streaming) cho hành động: 'Tôi kiểm tra các loại cây trên tường hang để tìm t...'
2026-05-24 00:56:57 | INFO     | StoryDirector:74 | [StoryDirector] Đang tính toán các lựa chọn tiếp theo...
2026-05-24 00:56:59 | DEBUG    | StoryDirector:85 | [StoryDirector] Đã tạo thành công 3 lựa chọn khả thi.
2026-05-24 00:57:01 | WARNING  | LocalAgents:185 | [MemoryExtractor] Trả về cấu trúc trống hoặc thiếu key 'atomic_memories'.
2026-05-24 00:57:01 | DEBUG    | StateProcessor:269 | [Profile] Background Tasks (State Extraction): 2.097s
2026-05-24 00:57:01 | DEBUG    | MemoryManager:209 | [ShortTermMemory] Đã cập nhật Context Window hiện tại (Size: 4).
2026-05-24 00:57:01 | DEBUG    | DatabaseManager:92 | [Database] Đã ghi một ký ức mới vào Turn 3.
2026-05-24 00:57:01 | DEBUG    | MemoryProcessor:231 | [MemoryProcessor] Đã lưu 1 Episode Ký ức vào CSDL và VectorDB.
2026-05-24 00:57:01 | INFO     | server:105 | Hoàn tất xử lý ngầm (State & Memory)!
2026-05-24 00:57:47 | DEBUG    | ActionProcessor:32 | [ActionManager] Đã tải thành công file action_directives.yaml!
2026-05-24 00:57:47 | DEBUG    | MemoryProcessor:130 | [MemoryProcessor] Truy vấn FAISS: 'Tìm vật che chắn gần hồ nước trong hang động'
2026-05-24 00:57:47 | DEBUG    | MemoryManager:172 | [VectorDB Search] 'Tìm vật che chắn gần hồ nước trong hang động' -> Trả về 4 kết quả.
2026-05-24 00:57:47 | DEBUG    | MemoryProcessor:184 | [Profile] RAG (Hybrid DB+FAISS) hoàn tất trong: 0.447s
2026-05-24 00:57:47 | DEBUG    | StoryDirector:50 | [StoryDirector] Bắt đầu sinh luồng truyện (Streaming) cho hành động: 'Kiểm tra xem có vật che chắn nào gần đó không....'
2026-05-24 00:57:49 | INFO     | StoryDirector:74 | [StoryDirector] Đang tính toán các lựa chọn tiếp theo...
2026-05-24 00:57:52 | DEBUG    | StoryDirector:85 | [StoryDirector] Đã tạo thành công 3 lựa chọn khả thi.
2026-05-24 00:57:56 | WARNING  | LocalAgents:185 | [MemoryExtractor] Trả về cấu trúc trống hoặc thiếu key 'atomic_memories'.
2026-05-24 00:57:56 | DEBUG    | StateProcessor:269 | [Profile] Background Tasks (State Extraction): 4.417s
2026-05-24 00:57:56 | DEBUG    | MemoryManager:209 | [ShortTermMemory] Đã cập nhật Context Window hiện tại (Size: 4).
2026-05-24 00:57:56 | DEBUG    | DatabaseManager:92 | [Database] Đã ghi một ký ức mới vào Turn 4.
2026-05-24 00:57:56 | DEBUG    | MemoryProcessor:231 | [MemoryProcessor] Đã lưu 1 Episode Ký ức vào CSDL và VectorDB.
2026-05-24 00:57:56 | INFO     | server:105 | Hoàn tất xử lý ngầm (State & Memory)!
2026-05-24 00:58:11 | DEBUG    | ActionProcessor:32 | [ActionManager] Đã tải thành công file action_directives.yaml!
2026-05-24 00:58:11 | DEBUG    | MemoryProcessor:130 | [MemoryProcessor] Truy vấn FAISS: 'nhặt tảng đá lớn gần đó để cản bụi và mảnh vỡ'
2026-05-24 00:58:11 | DEBUG    | MemoryManager:172 | [VectorDB Search] 'nhặt tảng đá lớn gần đó để cản bụi và mảnh vỡ' -> Trả về 5 kết quả.
2026-05-24 00:58:11 | DEBUG    | MemoryProcessor:184 | [Profile] RAG (Hybrid DB+FAISS) hoàn tất trong: 0.412s
2026-05-24 00:58:11 | DEBUG    | StoryDirector:50 | [StoryDirector] Bắt đầu sinh luồng truyện (Streaming) cho hành động: 'Tôi nhặt những tảng đá lớn gần đó để cản bụi và mả...'
2026-05-24 00:58:12 | INFO     | StoryDirector:74 | [StoryDirector] Đang tính toán các lựa chọn tiếp theo...
2026-05-24 00:58:14 | DEBUG    | StoryDirector:85 | [StoryDirector] Đã tạo thành công 3 lựa chọn khả thi.
2026-05-24 00:58:15 | WARNING  | LocalAgents:185 | [MemoryExtractor] Trả về cấu trúc trống hoặc thiếu key 'atomic_memories'.
2026-05-24 00:58:24 | DEBUG    | StateProcessor:269 | [Profile] Background Tasks (State Extraction): 10.168s
2026-05-24 00:58:24 | DEBUG    | MemoryManager:209 | [ShortTermMemory] Đã cập nhật Context Window hiện tại (Size: 4).
2026-05-24 00:58:24 | DEBUG    | DatabaseManager:92 | [Database] Đã ghi một ký ức mới vào Turn 5.
2026-05-24 00:58:24 | DEBUG    | MemoryProcessor:231 | [MemoryProcessor] Đã lưu 1 Episode Ký ức vào CSDL và VectorDB.
2026-05-24 00:58:24 | INFO     | server:105 | Hoàn tất xử lý ngầm (State & Memory)!
2026-05-24 00:58:54 | DEBUG    | ActionProcessor:32 | [ActionManager] Đã tải thành công file action_directives.yaml!
2026-05-24 00:58:54 | INFO     | ActionProcessor:91 | [ActionManager] 🎲 Sự kiện NPC xuất hiện (Xí ngầu: 5/24)
2026-05-24 00:58:54 | DEBUG    | MemoryProcessor:130 | [MemoryProcessor] Truy vấn FAISS: 'trườn vào hồ nước để lấy nước làm lớp chắn bụi'
2026-05-24 00:58:54 | DEBUG    | MemoryManager:172 | [VectorDB Search] 'trườn vào hồ nước để lấy nước làm lớp chắn bụi' -> Trả về 6 kết quả.
2026-05-24 00:58:54 | DEBUG    | MemoryProcessor:184 | [Profile] RAG (Hybrid DB+FAISS) hoàn tất trong: 0.421s
2026-05-24 00:58:54 | DEBUG    | StoryDirector:50 | [StoryDirector] Bắt đầu sinh luồng truyện (Streaming) cho hành động: 'Tôi nhanh chóng trườn vào hồ nước để lấy nước làm ...'
2026-05-24 00:58:56 | INFO     | StoryDirector:74 | [StoryDirector] Đang tính toán các lựa chọn tiếp theo...
2026-05-24 00:58:58 | DEBUG    | StoryDirector:85 | [StoryDirector] Đã tạo thành công 3 lựa chọn khả thi.
2026-05-24 00:59:00 | WARNING  | LocalAgents:185 | [MemoryExtractor] Trả về cấu trúc trống hoặc thiếu key 'atomic_memories'.
2026-05-24 00:59:07 | DEBUG    | StateProcessor:269 | [Profile] Background Tasks (State Extraction): 9.169s
2026-05-24 00:59:07 | DEBUG    | MemoryManager:209 | [ShortTermMemory] Đã cập nhật Context Window hiện tại (Size: 4).
2026-05-24 00:59:07 | DEBUG    | DatabaseManager:92 | [Database] Đã ghi một ký ức mới vào Turn 6.
2026-05-24 00:59:07 | DEBUG    | MemoryProcessor:231 | [MemoryProcessor] Đã lưu 1 Episode Ký ức vào CSDL và VectorDB.
2026-05-24 00:59:07 | INFO     | server:105 | Hoàn tất xử lý ngầm (State & Memory)!
2026-05-24 00:59:09 | DEBUG    | ActionProcessor:32 | [ActionManager] Đã tải thành công file action_directives.yaml!
2026-05-24 00:59:10 | DEBUG    | MemoryProcessor:130 | [MemoryProcessor] Truy vấn FAISS: 'Kiểm tra độ sâu và cấu trúc đáy hồ nước trong hang động'
2026-05-24 00:59:10 | DEBUG    | MemoryManager:172 | [VectorDB Search] 'Kiểm tra độ sâu và cấu trúc đáy hồ nước trong hang động' -> Trả về 7 kết quả.
2026-05-24 00:59:10 | DEBUG    | MemoryProcessor:184 | [Profile] RAG (Hybrid DB+FAISS) hoàn tất trong: 0.531s
2026-05-24 00:59:10 | DEBUG    | StoryDirector:50 | [StoryDirector] Bắt đầu sinh luồng truyện (Streaming) cho hành động: 'Tôi di chuyển về phía cuối hồ nước để kiểm tra độ ...'
2026-05-24 00:59:11 | INFO     | StoryDirector:74 | [StoryDirector] Đang tính toán các lựa chọn tiếp theo...
2026-05-24 00:59:13 | DEBUG    | StoryDirector:85 | [StoryDirector] Đã tạo thành công 3 lựa chọn khả thi.
2026-05-24 00:59:15 | WARNING  | LocalAgents:185 | [MemoryExtractor] Trả về cấu trúc trống hoặc thiếu key 'atomic_memories'.
2026-05-24 00:59:15 | DEBUG    | StateProcessor:269 | [Profile] Background Tasks (State Extraction): 1.889s
2026-05-24 00:59:16 | INFO     | StateProcessor:70 | >> [Hệ Thống] Phát hiện khu vực mới: Vùng nước ngầm tối tăm. Đang tải ảnh nền...
2026-05-24 00:59:16 | INFO     | ImageManager:45 | [ImageManager] Đang vẽ bối cảnh mới: 'Vùng nước ngầm tối tăm'...
2026-05-24 00:59:16 | WARNING  | ImageManager:59 | [ImageManager] Tạo ảnh bối cảnh 'Vùng nước ngầm tối tăm' thất bại.
2026-05-24 00:59:16 | DEBUG    | BaseManager:75 | [Locations] Đã lưu thành công 'Vùng nước ngầm tối tăm'.
2026-05-24 00:59:16 | DEBUG    | MemoryManager:209 | [ShortTermMemory] Đã cập nhật Context Window hiện tại (Size: 4).
2026-05-24 00:59:16 | DEBUG    | DatabaseManager:92 | [Database] Đã ghi một ký ức mới vào Turn 7.
2026-05-24 00:59:16 | DEBUG    | MemoryProcessor:231 | [MemoryProcessor] Đã lưu 1 Episode Ký ức vào CSDL và VectorDB.
2026-05-24 00:59:16 | INFO     | server:105 | Hoàn tất xử lý ngầm (State & Memory)!
2026-05-24 00:59:22 | DEBUG    | ActionProcessor:32 | [ActionManager] Đã tải thành công file action_directives.yaml!
2026-05-24 00:59:22 | DEBUG    | MemoryProcessor:130 | [MemoryProcessor] Truy vấn FAISS: 'bơi về phía bóng tối nơi dòng nước cuốn tôi đến'
2026-05-24 00:59:23 | DEBUG    | MemoryManager:172 | [VectorDB Search] 'bơi về phía bóng tối nơi dòng nước cuốn tôi đến' -> Trả về 8 kết quả.
2026-05-24 00:59:23 | DEBUG    | MemoryProcessor:184 | [Profile] RAG (Hybrid DB+FAISS) hoàn tất trong: 0.365s
2026-05-24 00:59:23 | DEBUG    | StoryDirector:50 | [StoryDirector] Bắt đầu sinh luồng truyện (Streaming) cho hành động: 'Tôi quay sang bơi về phía bóng tối nơi dòng nước c...'
2026-05-24 00:59:24 | INFO     | StoryDirector:74 | [StoryDirector] Đang tính toán các lựa chọn tiếp theo...
2026-05-24 00:59:26 | DEBUG    | StoryDirector:85 | [StoryDirector] Đã tạo thành công 3 lựa chọn khả thi.
2026-05-24 00:59:28 | WARNING  | LocalAgents:185 | [MemoryExtractor] Trả về cấu trúc trống hoặc thiếu key 'atomic_memories'.
2026-05-24 00:59:28 | DEBUG    | StateProcessor:269 | [Profile] Background Tasks (State Extraction): 2.319s
2026-05-24 00:59:28 | DEBUG    | MemoryManager:209 | [ShortTermMemory] Đã cập nhật Context Window hiện tại (Size: 4).
2026-05-24 00:59:28 | DEBUG    | DatabaseManager:92 | [Database] Đã ghi một ký ức mới vào Turn 8.
2026-05-24 00:59:28 | DEBUG    | MemoryProcessor:231 | [MemoryProcessor] Đã lưu 1 Episode Ký ức vào CSDL và VectorDB.
2026-05-24 00:59:28 | INFO     | server:105 | Hoàn tất xử lý ngầm (State & Memory)!
2026-05-24 00:59:48 | DEBUG    | ActionProcessor:32 | [ActionManager] Đã tải thành công file action_directives.yaml!
2026-05-24 00:59:48 | DEBUG    | MemoryProcessor:130 | [MemoryProcessor] Truy vấn FAISS: 'Khám phá khe hở giữa dòng nước và bức tường đá bằng tay'
2026-05-24 00:59:48 | DEBUG    | MemoryManager:172 | [VectorDB Search] 'Khám phá khe hở giữa dòng nước và bức tường đá bằng tay' -> Trả về 9 kết quả.
2026-05-24 00:59:48 | DEBUG    | MemoryProcessor:184 | [Profile] RAG (Hybrid DB+FAISS) hoàn tất trong: 0.403s
2026-05-24 00:59:48 | DEBUG    | StoryDirector:50 | [StoryDirector] Bắt đầu sinh luồng truyện (Streaming) cho hành động: 'Khám phá khe hở giữa dòng nước và bức tường bằng t...'
2026-05-24 00:59:50 | INFO     | StoryDirector:74 | [StoryDirector] Đang tính toán các lựa chọn tiếp theo...
2026-05-24 00:59:52 | DEBUG    | StoryDirector:85 | [StoryDirector] Đã tạo thành công 3 lựa chọn khả thi.
2026-05-24 00:59:58 | WARNING  | LocalAgents:185 | [MemoryExtractor] Trả về cấu trúc trống hoặc thiếu key 'atomic_memories'.
2026-05-24 00:59:58 | DEBUG    | StateProcessor:269 | [Profile] Background Tasks (State Extraction): 6.169s
2026-05-24 00:59:58 | DEBUG    | MemoryManager:209 | [ShortTermMemory] Đã cập nhật Context Window hiện tại (Size: 4).
2026-05-24 00:59:58 | DEBUG    | DatabaseManager:92 | [Database] Đã ghi một ký ức mới vào Turn 9.
2026-05-24 00:59:58 | DEBUG    | MemoryProcessor:231 | [MemoryProcessor] Đã lưu 1 Episode Ký ức vào CSDL và VectorDB.
2026-05-24 00:59:58 | INFO     | server:105 | Hoàn tất xử lý ngầm (State & Memory)!
2026-05-24 01:01:23 | DEBUG    | ActionProcessor:32 | [ActionManager] Đã tải thành công file action_directives.yaml!
2026-05-24 01:01:23 | INFO     | ActionProcessor:91 | [ActionManager] 🎲 Sự kiện NPC xuất hiện (Xí ngầu: 30/31)
2026-05-24 01:01:23 | DEBUG    | MemoryProcessor:130 | [MemoryProcessor] Truy vấn FAISS: 'Kéo sợi dây mềm trên bức tường đá'
2026-05-24 01:01:23 | DEBUG    | MemoryManager:172 | [VectorDB Search] 'Kéo sợi dây mềm trên bức tường đá' -> Trả về 10 kết quả.
2026-05-24 01:01:23 | DEBUG    | MemoryProcessor:184 | [Profile] RAG (Hybrid DB+FAISS) hoàn tất trong: 0.740s
2026-05-24 01:01:23 | DEBUG    | StoryDirector:50 | [StoryDirector] Bắt đầu sinh luồng truyện (Streaming) cho hành động: 'Tôi kéo nhẹ sợi dây mềm xem có thể di chuyển phần ...'
2026-05-24 01:01:24 | INFO     | StoryDirector:74 | [StoryDirector] Đang tính toán các lựa chọn tiếp theo...
2026-05-24 01:01:27 | DEBUG    | StoryDirector:85 | [StoryDirector] Đã tạo thành công 3 lựa chọn khả thi.
2026-05-24 01:01:32 | WARNING  | LocalAgents:185 | [MemoryExtractor] Trả về cấu trúc trống hoặc thiếu key 'atomic_memories'.
2026-05-24 01:01:36 | DEBUG    | StateProcessor:269 | [Profile] Background Tasks (State Extraction): 8.374s
2026-05-24 01:01:38 | INFO     | StateProcessor:70 | >> [Hệ Thống] Phát hiện khu vực mới: Thủy vực Huyền Ảo. Đang tải ảnh nền...
2026-05-24 01:01:38 | INFO     | ImageManager:45 | [ImageManager] Đang vẽ bối cảnh mới: 'Thủy vực Huyền Ảo'...
2026-05-24 01:01:38 | WARNING  | ImageManager:59 | [ImageManager] Tạo ảnh bối cảnh 'Thủy vực Huyền Ảo' thất bại.
2026-05-24 01:01:38 | DEBUG    | BaseManager:75 | [Locations] Đã lưu thành công 'Thủy vực Huyền Ảo'.
2026-05-24 01:01:38 | DEBUG    | MemoryManager:209 | [ShortTermMemory] Đã cập nhật Context Window hiện tại (Size: 4).
2026-05-24 01:01:38 | DEBUG    | DatabaseManager:92 | [Database] Đã ghi một ký ức mới vào Turn 10.
2026-05-24 01:01:38 | DEBUG    | MemoryProcessor:231 | [MemoryProcessor] Đã lưu 1 Episode Ký ức vào CSDL và VectorDB.
2026-05-24 01:01:38 | INFO     | server:105 | Hoàn tất xử lý ngầm (State & Memory)!
2026-05-24 01:01:53 | DEBUG    | ActionProcessor:32 | [ActionManager] Đã tải thành công file action_directives.yaml!
2026-05-24 01:01:53 | INFO     | ActionProcessor:91 | [ActionManager] 🎲 Sự kiện NPC xuất hiện (Xí ngầu: 4/7)
2026-05-24 01:01:54 | DEBUG    | MemoryProcessor:130 | [MemoryProcessor] Truy vấn FAISS: 'Tìm kiếm vật thể hỗ trợ di chuyển trong Thủy vực Huyền Ảo'
2026-05-24 01:01:54 | DEBUG    | MemoryManager:172 | [VectorDB Search] 'Tìm kiếm vật thể hỗ trợ di chuyển trong Thủy vực Huyền Ảo' -> Trả về 10 kết quả.
2026-05-24 01:01:54 | DEBUG    | MemoryProcessor:184 | [Profile] RAG (Hybrid DB+FAISS) hoàn tất trong: 0.432s
2026-05-24 01:01:54 | DEBUG    | StoryDirector:50 | [StoryDirector] Bắt đầu sinh luồng truyện (Streaming) cho hành động: 'Tôi tìm kiếm vật thể có thể hỗ trợ di chuyển....'
2026-05-24 01:01:56 | INFO     | StoryDirector:74 | [StoryDirector] Đang tính toán các lựa chọn tiếp theo...
2026-05-24 01:01:59 | DEBUG    | StoryDirector:85 | [StoryDirector] Đã tạo thành công 3 lựa chọn khả thi.
2026-05-24 01:02:00 | WARNING  | LocalAgents:185 | [MemoryExtractor] Trả về cấu trúc trống hoặc thiếu key 'atomic_memories'.
2026-05-24 01:02:00 | DEBUG    | StateProcessor:269 | [Profile] Background Tasks (State Extraction): 1.288s
2026-05-24 01:02:00 | DEBUG    | MemoryManager:209 | [ShortTermMemory] Đã cập nhật Context Window hiện tại (Size: 4).
2026-05-24 01:02:00 | DEBUG    | DatabaseManager:92 | [Database] Đã ghi một ký ức mới vào Turn 11.
2026-05-24 01:02:00 | DEBUG    | MemoryProcessor:231 | [MemoryProcessor] Đã lưu 1 Episode Ký ức vào CSDL và VectorDB.
2026-05-24 01:02:00 | INFO     | server:105 | Hoàn tất xử lý ngầm (State & Memory)!
2026-05-24 01:02:43 | DEBUG    | ActionProcessor:32 | [ActionManager] Đã tải thành công file action_directives.yaml!
2026-05-24 01:02:43 | DEBUG    | MemoryProcessor:130 | [MemoryProcessor] Truy vấn FAISS: 'nhặt đá mịn làm vật neo di chuyển trong dòng nước mạnh'
2026-05-24 01:02:43 | DEBUG    | MemoryManager:172 | [VectorDB Search] 'nhặt đá mịn làm vật neo di chuyển trong dòng nước mạnh' -> Trả về 10 kết quả.
2026-05-24 01:02:43 | DEBUG    | MemoryProcessor:184 | [Profile] RAG (Hybrid DB+FAISS) hoàn tất trong: 0.497s
2026-05-24 01:02:43 | DEBUG    | StoryDirector:50 | [StoryDirector] Bắt đầu sinh luồng truyện (Streaming) cho hành động: 'Tôi nhặt một vài tảng đá mịn làm vật neo để di chu...'
2026-05-24 01:02:44 | INFO     | StoryDirector:74 | [StoryDirector] Đang tính toán các lựa chọn tiếp theo...
2026-05-24 01:02:46 | DEBUG    | StoryDirector:85 | [StoryDirector] Đã tạo thành công 3 lựa chọn khả thi.
2026-05-24 01:02:48 | WARNING  | LocalAgents:185 | [MemoryExtractor] Trả về cấu trúc trống hoặc thiếu key 'atomic_memories'.
2026-05-24 01:02:59 | DEBUG    | StateProcessor:269 | [Profile] Background Tasks (State Extraction): 12.718s
2026-05-24 01:02:59 | DEBUG    | MemoryManager:209 | [ShortTermMemory] Đã cập nhật Context Window hiện tại (Size: 4).
2026-05-24 01:02:59 | DEBUG    | DatabaseManager:92 | [Database] Đã ghi một ký ức mới vào Turn 12.
2026-05-24 01:02:59 | DEBUG    | MemoryProcessor:231 | [MemoryProcessor] Đã lưu 1 Episode Ký ức vào CSDL và VectorDB.
2026-05-24 01:02:59 | INFO     | server:105 | Hoàn tất xử lý ngầm (State & Memory)!
2026-05-24 01:09:57 | INFO     | DatabaseManager:35 | [Database] Đã mở kết nối bất đồng bộ tới data/eldoria.db
2026-05-24 01:09:57 | INFO     | DatabaseManager:83 | [Database] Đã dọn dẹp sạch sẽ toàn bộ dữ liệu SQLite!
2026-05-24 01:09:57 | INFO     | DatabaseManager:55 | [Database] Khởi tạo các bảng SQL thành công!
2026-05-24 01:09:57 | INFO     | ImageManager:112 | [ImageManager] Bắt đầu dọn dẹp thư mục ảnh cũ cho Game mới...
2026-05-24 01:09:57 | INFO     | ImageManager:123 | [ImageManager] Dọn dẹp thư mục ảnh hoàn tất.
2026-05-24 01:09:57 | INFO     | StoryDirector:91 | [StoryDirector] Đang tạo World Bible từ ý tưởng người chơi...
2026-05-24 01:09:59 | DEBUG    | StoryDirector:97 | [StoryDirector] Đã lưu World Bible xuống file: ./data/world_bible.json
2026-05-24 01:09:59 | INFO     | StoryDirector:105 | [StoryDirector] Đang khởi tạo địa điểm xuất phát cho thế giới 'Legacy of the Heir's Blade'...
2026-05-24 01:10:03 | DEBUG    | BaseManager:75 | [Locations] Đã lưu thành công 'Bức Thành Bị Quên'.
2026-05-24 01:10:03 | INFO     | StoryDirector:130 | [StoryDirector] Bắt đầu sinh phân đoạn truyện mở đầu tại 'Bức Thành Bị Quên'...
2026-05-24 01:10:04 | INFO     | StoryDirector:74 | [StoryDirector] Đang tính toán các lựa chọn tiếp theo...
2026-05-24 01:10:06 | DEBUG    | StoryDirector:85 | [StoryDirector] Đã tạo thành công 3 lựa chọn khả thi.
2026-05-24 01:10:08 | WARNING  | LocalAgents:185 | [MemoryExtractor] Trả về cấu trúc trống hoặc thiếu key 'atomic_memories'.
2026-05-24 01:10:15 | DEBUG    | StateProcessor:269 | [Profile] Background Tasks (State Extraction): 8.673s
2026-05-24 01:10:15 | INFO     | StateProcessor:128 |  [+] Phát hiện nhân vật xuất hiện: Hình bóng mờ ảo
2026-05-24 01:10:15 | INFO     | StateProcessor:29 | [Cloud] Đang thiết kế chỉ số và cốt truyện nền cho: Hình bóng mờ ảo...
2026-05-24 01:10:17 | INFO     | ImageManager:73 | [ImageManager] Đang vẽ NPC mới: 'Hình bóng mờ ảo'...
2026-05-24 01:10:17 | WARNING  | ImageManager:83 | [ImageManager] Tạo ảnh NPC 'Hình bóng mờ ảo' thất bại.
2026-05-24 01:10:17 | DEBUG    | BaseManager:75 | [NPCs] Đã lưu thành công 'Hình bóng mờ ảo'.
2026-05-24 01:10:17 | DEBUG    | MemoryManager:209 | [ShortTermMemory] Đã cập nhật Context Window hiện tại (Size: 4).
2026-05-24 01:10:17 | DEBUG    | DatabaseManager:92 | [Database] Đã ghi một ký ức mới vào Turn 13.
2026-05-24 01:10:18 | DEBUG    | MemoryProcessor:231 | [MemoryProcessor] Đã lưu 1 Episode Ký ức vào CSDL và VectorDB.
2026-05-24 01:10:18 | INFO     | server:105 | Hoàn tất xử lý ngầm (State & Memory)!
2026-05-24 01:10:20 | DEBUG    | ActionProcessor:32 | [ActionManager] Đã tải thành công file action_directives.yaml!
2026-05-24 01:10:20 | INFO     | ActionProcessor:100 | [ActionManager] 🎲 Sự kiện Địa điểm ẩn (Xí ngầu: 10/69)
2026-05-24 01:10:20 | DEBUG    | MemoryProcessor:130 | [MemoryProcessor] Truy vấn FAISS: 'Hình bóng mờ ảo tiếp cận tôi tại Bức Thành Bị Quên'
2026-05-24 01:10:20 | DEBUG    | MemoryManager:172 | [VectorDB Search] 'Hình bóng mờ ảo tiếp cận tôi tại Bức Thành Bị Quên' -> Trả về 10 kết quả.
2026-05-24 01:10:20 | DEBUG    | MemoryProcessor:144 | [Deduplication] Bỏ qua ký ức #1 từ FAISS vì đã có trong Lịch sử NPC.
2026-05-24 01:10:20 | DEBUG    | MemoryProcessor:184 | [Profile] RAG (Hybrid DB+FAISS) hoàn tất trong: 0.439s
2026-05-24 01:10:20 | DEBUG    | StoryDirector:50 | [StoryDirector] Bắt đầu sinh luồng truyện (Streaming) cho hành động: 'Tôi rút thanh kiếm ngắn ra khỏi vỏ và đứng chắn đư...'
2026-05-24 01:10:22 | INFO     | StoryDirector:74 | [StoryDirector] Đang tính toán các lựa chọn tiếp theo...
2026-05-24 01:10:23 | DEBUG    | StoryDirector:85 | [StoryDirector] Đã tạo thành công 3 lựa chọn khả thi.
2026-05-24 01:10:27 | WARNING  | LocalAgents:185 | [MemoryExtractor] Trả về cấu trúc trống hoặc thiếu key 'atomic_memories'.
2026-05-24 01:10:27 | DEBUG    | StateProcessor:269 | [Profile] Background Tasks (State Extraction): 4.486s
2026-05-24 01:10:27 | INFO     | StateProcessor:181 | [Hệ Thống] ---> THAY ĐỔI TÚI ĐỒ <---
2026-05-24 01:10:27 | INFO     | ImageManager:95 | [ImageManager] Đang vẽ vật phẩm mới: 'Thanh kiếm ngắn'...
2026-05-24 01:10:27 | INFO     | NPCManager:68 | [NPCManager] 💖 Cập nhật Hình bóng mờ ảo: Thiện cảm (-5)
2026-05-24 01:10:27 | WARNING  | ImageManager:107 | [ImageManager] Tạo ảnh vật phẩm 'Thanh kiếm ngắn' thất bại.
2026-05-24 01:10:27 | INFO     | StateProcessor:207 |  [+] Nhận được: Thanh kiếm ngắn
2026-05-24 01:10:27 | INFO     | StateProcessor:228 |  [Balo hiện tại]: Thanh kiếm ngắn
2026-05-24 01:10:28 | DEBUG    | MemoryManager:209 | [ShortTermMemory] Đã cập nhật Context Window hiện tại (Size: 4).
2026-05-24 01:10:28 | DEBUG    | DatabaseManager:92 | [Database] Đã ghi một ký ức mới vào Turn 14.
2026-05-24 01:10:28 | DEBUG    | MemoryProcessor:231 | [MemoryProcessor] Đã lưu 1 Episode Ký ức vào CSDL và VectorDB.
2026-05-24 01:10:28 | INFO     | server:105 | Hoàn tất xử lý ngầm (State & Memory)!
2026-05-24 01:11:30 | DEBUG    | ActionProcessor:32 | [ActionManager] Đã tải thành công file action_directives.yaml!
2026-05-24 01:11:30 | INFO     | ActionProcessor:100 | [ActionManager] 🎲 Sự kiện Địa điểm ẩn (Xí ngầu: 14/15)
2026-05-24 01:11:30 | DEBUG    | MemoryProcessor:130 | [MemoryProcessor] Truy vấn FAISS: 'Sử dụng đèn dầu của Hình bóng mờ ảo để xem rõ mặt.'
2026-05-24 01:11:30 | DEBUG    | MemoryManager:172 | [VectorDB Search] 'Sử dụng đèn dầu của Hình bóng mờ ảo để xem rõ mặt.' -> Trả về 10 kết quả.
2026-05-24 01:11:30 | DEBUG    | MemoryProcessor:144 | [Deduplication] Bỏ qua ký ức #2 từ FAISS vì đã có trong Lịch sử NPC.
2026-05-24 01:11:30 | DEBUG    | MemoryProcessor:144 | [Deduplication] Bỏ qua ký ức #1 từ FAISS vì đã có trong Lịch sử NPC.
2026-05-24 01:11:30 | DEBUG    | MemoryProcessor:184 | [Profile] RAG (Hybrid DB+FAISS) hoàn tất trong: 0.548s
2026-05-24 01:11:30 | DEBUG    | StoryDirector:50 | [StoryDirector] Bắt đầu sinh luồng truyện (Streaming) cho hành động: 'Tôi dùng ánh sáng từ chiếc đèn dầu phản chiếu hình...'
2026-05-24 01:11:32 | INFO     | StoryDirector:74 | [StoryDirector] Đang tính toán các lựa chọn tiếp theo...
2026-05-24 01:11:34 | DEBUG    | StoryDirector:85 | [StoryDirector] Đã tạo thành công 3 lựa chọn khả thi.
2026-05-24 01:11:36 | WARNING  | LocalAgents:185 | [MemoryExtractor] Trả về cấu trúc trống hoặc thiếu key 'atomic_memories'.
2026-05-24 01:11:47 | DEBUG    | StateProcessor:269 | [Profile] Background Tasks (State Extraction): 13.031s
2026-05-24 01:11:47 | INFO     | StateProcessor:108 |  [-] NPC đã rời khỏi phân cảnh: hình bóng mờ ảo
2026-05-24 01:11:47 | INFO     | NPCManager:68 | [NPCManager] 💖 Cập nhật Hình bóng mờ ảo: Thiện cảm (-5)
2026-05-24 01:11:47 | DEBUG    | MemoryManager:209 | [ShortTermMemory] Đã cập nhật Context Window hiện tại (Size: 4).
2026-05-24 01:11:47 | DEBUG    | DatabaseManager:92 | [Database] Đã ghi một ký ức mới vào Turn 15.
2026-05-24 01:11:47 | DEBUG    | MemoryProcessor:231 | [MemoryProcessor] Đã lưu 1 Episode Ký ức vào CSDL và VectorDB.
2026-05-24 01:11:47 | INFO     | server:105 | Hoàn tất xử lý ngầm (State & Memory)!
2026-05-24 09:20:52 | INFO     | Orchestration:21 | Đang khởi tạo hệ thống Eldoria Game Engine...
2026-05-24 09:20:52 | DEBUG    | ImageManager:22 | [ImageManager] Đã khởi tạo các thư mục bộ nhớ đệm ảnh.
2026-05-24 09:20:54 | INFO     | MemoryManager:20 | [VectorDB] Đang khởi tạo Embedding Model từ: all-MiniLM-L6-v2...
2026-05-24 09:21:01 | INFO     | MemoryManager:104 | [VectorDB] Khôi phục thành công 13 ký ức từ ổ cứng.
2026-05-24 09:21:02 | DEBUG    | MemoryProcessor:18 | [MemoryProcessor] Đã khởi tạo hệ thống xử lý Ký ức.
2026-05-24 09:21:09 | DEBUG    | StoryDirector:28 | [StoryDirector] Đã khởi tạo các Cloud Agents (Llama-3 & Qwen).
2026-05-24 09:21:09 | INFO     | Orchestration:53 | Hệ thống đã sẵn sàng!
2026-05-24 09:21:26 | INFO     | Orchestration:21 | Đang khởi tạo hệ thống Eldoria Game Engine...
2026-05-24 09:21:26 | DEBUG    | ImageManager:22 | [ImageManager] Đã khởi tạo các thư mục bộ nhớ đệm ảnh.
2026-05-24 09:21:27 | INFO     | MemoryManager:20 | [VectorDB] Đang khởi tạo Embedding Model từ: all-MiniLM-L6-v2...
2026-05-24 09:21:34 | INFO     | MemoryManager:104 | [VectorDB] Khôi phục thành công 13 ký ức từ ổ cứng.
2026-05-24 09:21:34 | DEBUG    | MemoryProcessor:18 | [MemoryProcessor] Đã khởi tạo hệ thống xử lý Ký ức.
2026-05-24 09:21:41 | DEBUG    | StoryDirector:28 | [StoryDirector] Đã khởi tạo các Cloud Agents (Llama-3 & Qwen).
2026-05-24 09:21:41 | INFO     | Orchestration:53 | Hệ thống đã sẵn sàng!
2026-05-24 09:21:41 | INFO     | Orchestration:21 | Đang khởi tạo hệ thống Eldoria Game Engine...
2026-05-24 09:21:41 | DEBUG    | ImageManager:22 | [ImageManager] Đã khởi tạo các thư mục bộ nhớ đệm ảnh.
2026-05-24 09:21:42 | INFO     | MemoryManager:20 | [VectorDB] Đang khởi tạo Embedding Model từ: all-MiniLM-L6-v2...
2026-05-24 09:21:48 | INFO     | MemoryManager:104 | [VectorDB] Khôi phục thành công 13 ký ức từ ổ cứng.
2026-05-24 09:21:48 | DEBUG    | MemoryProcessor:18 | [MemoryProcessor] Đã khởi tạo hệ thống xử lý Ký ức.
2026-05-24 09:21:56 | DEBUG    | StoryDirector:28 | [StoryDirector] Đã khởi tạo các Cloud Agents (Llama-3 & Qwen).
2026-05-24 09:21:56 | INFO     | Orchestration:53 | Hệ thống đã sẵn sàng!
2026-05-24 09:25:54 | INFO     | DatabaseManager:35 | [Database] Đã mở kết nối bất đồng bộ tới data/eldoria.db
2026-05-24 09:25:54 | INFO     | DatabaseManager:83 | [Database] Đã dọn dẹp sạch sẽ toàn bộ dữ liệu SQLite!
2026-05-24 09:25:54 | INFO     | DatabaseManager:55 | [Database] Khởi tạo các bảng SQL thành công!
2026-05-24 09:25:54 | INFO     | ImageManager:112 | [ImageManager] Bắt đầu dọn dẹp thư mục ảnh cũ cho Game mới...
2026-05-24 09:25:54 | INFO     | ImageManager:123 | [ImageManager] Dọn dẹp thư mục ảnh hoàn tất.
2026-05-24 09:25:54 | INFO     | StoryDirector:91 | [StoryDirector] Đang tạo World Bible từ ý tưởng người chơi...
2026-05-24 09:25:57 | DEBUG    | StoryDirector:97 | [StoryDirector] Đã lưu World Bible xuống file: ./data/world_bible.json
2026-05-24 09:25:57 | INFO     | StoryDirector:105 | [StoryDirector] Đang khởi tạo địa điểm xuất phát cho thế giới 'Holy Blade Chronicles'...
2026-05-24 09:25:58 | DEBUG    | BaseManager:75 | [Locations] Đã lưu thành công 'Vùng Ruins Cổ Xưa'.
2026-05-24 09:25:58 | INFO     | StoryDirector:130 | [StoryDirector] Bắt đầu sinh phân đoạn truyện mở đầu tại 'Vùng Ruins Cổ Xưa'...
2026-05-24 09:26:00 | INFO     | StoryDirector:74 | [StoryDirector] Đang tính toán các lựa chọn tiếp theo...
2026-05-24 09:26:02 | DEBUG    | StoryDirector:85 | [StoryDirector] Đã tạo thành công 3 lựa chọn khả thi.
2026-05-24 09:26:03 | WARNING  | LocalAgents:185 | [MemoryExtractor] Trả về cấu trúc trống hoặc thiếu key 'atomic_memories'.
2026-05-24 09:26:12 | DEBUG    | StateProcessor:269 | [Profile] Background Tasks (State Extraction): 10.360s
2026-05-24 09:26:12 | INFO     | StateProcessor:128 |  [+] Phát hiện nhân vật xuất hiện: Bóng tối
2026-05-24 09:26:12 | INFO     | StateProcessor:29 | [Cloud] Đang thiết kế chỉ số và cốt truyện nền cho: Bóng tối...
2026-05-24 09:26:15 | INFO     | ImageManager:73 | [ImageManager] Đang vẽ NPC mới: 'Bóng tối'...
2026-05-24 09:26:15 | WARNING  | ImageManager:83 | [ImageManager] Tạo ảnh NPC 'Bóng tối' thất bại.
2026-05-24 09:26:15 | DEBUG    | BaseManager:75 | [NPCs] Đã lưu thành công 'Bóng tối'.
2026-05-24 09:26:15 | DEBUG    | MemoryManager:209 | [ShortTermMemory] Đã cập nhật Context Window hiện tại (Size: 1).
2026-05-24 09:26:15 | DEBUG    | DatabaseManager:92 | [Database] Đã ghi một ký ức mới vào Turn 0.
2026-05-24 09:26:16 | DEBUG    | MemoryProcessor:231 | [MemoryProcessor] Đã lưu 1 Episode Ký ức vào CSDL và VectorDB.
2026-05-24 09:26:16 | INFO     | server:105 | Hoàn tất xử lý ngầm (State & Memory)!
2026-05-24 09:26:27 | DEBUG    | ActionProcessor:32 | [ActionManager] Đã tải thành công file action_directives.yaml!
2026-05-24 09:26:27 | DEBUG    | MemoryProcessor:130 | [MemoryProcessor] Truy vấn FAISS: 'Rút kiếm bước về phía Bóng tối'
2026-05-24 09:26:27 | DEBUG    | MemoryManager:172 | [VectorDB Search] 'Rút kiếm bước về phía Bóng tối' -> Trả về 10 kết quả.
2026-05-24 09:26:27 | DEBUG    | MemoryProcessor:144 | [Deduplication] Bỏ qua ký ức #1 từ FAISS vì đã có trong Lịch sử NPC.
2026-05-24 09:26:27 | DEBUG    | MemoryProcessor:184 | [Profile] RAG (Hybrid DB+FAISS) hoàn tất trong: 0.519s
2026-05-24 09:26:27 | DEBUG    | StoryDirector:50 | [StoryDirector] Bắt đầu sinh luồng truyện (Streaming) cho hành động: 'Tôi rút kiếm ra và bước về phía bóng tối....'
2026-05-24 09:26:29 | INFO     | StoryDirector:74 | [StoryDirector] Đang tính toán các lựa chọn tiếp theo...
2026-05-24 09:26:31 | DEBUG    | StoryDirector:85 | [StoryDirector] Đã tạo thành công 3 lựa chọn khả thi.
2026-05-24 09:26:37 | WARNING  | LocalAgents:185 | [MemoryExtractor] Trả về cấu trúc trống hoặc thiếu key 'atomic_memories'.
2026-05-24 09:26:38 | DEBUG    | StateProcessor:269 | [Profile] Background Tasks (State Extraction): 6.921s
2026-05-24 09:26:38 | INFO     | StateProcessor:108 |  [-] NPC đã rời khỏi phân cảnh: bóng tối
2026-05-24 09:26:38 | INFO     | StateProcessor:128 |  [+] Phát hiện nhân vật xuất hiện: Cựu chiến binh
2026-05-24 09:26:38 | INFO     | StateProcessor:29 | [Cloud] Đang thiết kế chỉ số và cốt truyện nền cho: Cựu chiến binh...
2026-05-24 09:26:39 | INFO     | ImageManager:73 | [ImageManager] Đang vẽ NPC mới: 'Cựu chiến binh'...
2026-05-24 09:26:39 | WARNING  | ImageManager:83 | [ImageManager] Tạo ảnh NPC 'Cựu chiến binh' thất bại.
2026-05-24 09:26:39 | DEBUG    | BaseManager:75 | [NPCs] Đã lưu thành công 'Cựu chiến binh'.
2026-05-24 09:26:39 | DEBUG    | MemoryManager:209 | [ShortTermMemory] Đã cập nhật Context Window hiện tại (Size: 2).
2026-05-24 09:26:39 | DEBUG    | DatabaseManager:92 | [Database] Đã ghi một ký ức mới vào Turn 1.
2026-05-24 09:26:39 | DEBUG    | MemoryProcessor:231 | [MemoryProcessor] Đã lưu 1 Episode Ký ức vào CSDL và VectorDB.
2026-05-24 09:26:39 | INFO     | server:105 | Hoàn tất xử lý ngầm (State & Memory)!
2026-05-24 09:27:23 | DEBUG    | ActionProcessor:32 | [ActionManager] Đã tải thành công file action_directives.yaml!
2026-05-24 09:27:23 | DEBUG    | MemoryProcessor:130 | [MemoryProcessor] Truy vấn FAISS: 'Tấn công Cựu chiến binh ở Vùng Ruins Cổ Xưa'
2026-05-24 09:27:23 | DEBUG    | MemoryManager:172 | [VectorDB Search] 'Tấn công Cựu chiến binh ở Vùng Ruins Cổ Xưa' -> Trả về 10 kết quả.
2026-05-24 09:27:23 | DEBUG    | MemoryProcessor:144 | [Deduplication] Bỏ qua ký ức #2 từ FAISS vì đã có trong Lịch sử NPC.
2026-05-24 09:27:23 | DEBUG    | MemoryProcessor:184 | [Profile] RAG (Hybrid DB+FAISS) hoàn tất trong: 0.552s
2026-05-24 09:27:23 | DEBUG    | StoryDirector:50 | [StoryDirector] Bắt đầu sinh luồng truyện (Streaming) cho hành động: 'Tôi giả vờ lui về phía sau để dụ đối phương tấn cô...'
2026-05-24 09:27:25 | INFO     | StoryDirector:74 | [StoryDirector] Đang tính toán các lựa chọn tiếp theo...
2026-05-24 09:27:27 | DEBUG    | StoryDirector:85 | [StoryDirector] Đã tạo thành công 3 lựa chọn khả thi.
2026-05-24 09:27:29 | WARNING  | LocalAgents:185 | [MemoryExtractor] Trả về cấu trúc trống hoặc thiếu key 'atomic_memories'.
2026-05-24 09:27:31 | DEBUG    | StateProcessor:269 | [Profile] Background Tasks (State Extraction): 3.784s
2026-05-24 09:27:31 | INFO     | StateProcessor:128 |  [+] Phát hiện nhân vật xuất hiện: Bóng tối
2026-05-24 09:27:31 | DEBUG    | MemoryManager:209 | [ShortTermMemory] Đã cập nhật Context Window hiện tại (Size: 3).
2026-05-24 09:27:31 | DEBUG    | DatabaseManager:92 | [Database] Đã ghi một ký ức mới vào Turn 2.
2026-05-24 09:27:31 | DEBUG    | MemoryProcessor:231 | [MemoryProcessor] Đã lưu 1 Episode Ký ức vào CSDL và VectorDB.
2026-05-24 09:27:31 | INFO     | server:105 | Hoàn tất xử lý ngầm (State & Memory)!
2026-05-24 09:28:47 | INFO     | DatabaseManager:35 | [Database] Đã mở kết nối bất đồng bộ tới data/eldoria.db
2026-05-24 09:28:47 | INFO     | DatabaseManager:83 | [Database] Đã dọn dẹp sạch sẽ toàn bộ dữ liệu SQLite!
2026-05-24 09:28:47 | INFO     | DatabaseManager:55 | [Database] Khởi tạo các bảng SQL thành công!
2026-05-24 09:28:47 | INFO     | ImageManager:112 | [ImageManager] Bắt đầu dọn dẹp thư mục ảnh cũ cho Game mới...
2026-05-24 09:28:47 | INFO     | ImageManager:123 | [ImageManager] Dọn dẹp thư mục ảnh hoàn tất.
2026-05-24 09:28:47 | INFO     | StoryDirector:91 | [StoryDirector] Đang tạo World Bible từ ý tưởng người chơi...
2026-05-24 09:28:51 | DEBUG    | StoryDirector:97 | [StoryDirector] Đã lưu World Bible xuống file: ./data/world_bible.json
2026-05-24 09:28:51 | INFO     | StoryDirector:105 | [StoryDirector] Đang khởi tạo địa điểm xuất phát cho thế giới 'The Sacred Blade Chronicles'...
2026-05-24 09:28:52 | DEBUG    | BaseManager:75 | [Locations] Đã lưu thành công 'Lăng Mộ Hoàng Gia Tàn Tích'.
2026-05-24 09:28:52 | INFO     | StoryDirector:130 | [StoryDirector] Bắt đầu sinh phân đoạn truyện mở đầu tại 'Lăng Mộ Hoàng Gia Tàn Tích'...
2026-05-24 09:28:54 | INFO     | StoryDirector:74 | [StoryDirector] Đang tính toán các lựa chọn tiếp theo...
2026-05-24 09:28:56 | DEBUG    | StoryDirector:85 | [StoryDirector] Đã tạo thành công 3 lựa chọn khả thi.
2026-05-24 09:28:58 | WARNING  | LocalAgents:185 | [MemoryExtractor] Trả về cấu trúc trống hoặc thiếu key 'atomic_memories'.
2026-05-24 09:29:14 | DEBUG    | ActionProcessor:32 | [ActionManager] Đã tải thành công file action_directives.yaml!
2026-05-24 09:29:15 | DEBUG    | MemoryProcessor:130 | [MemoryProcessor] Truy vấn FAISS: 'Lăng Mộ Hoàng Gia Tàn Tích Cựu chiến binh Bóng tối'
2026-05-24 09:29:15 | DEBUG    | MemoryManager:172 | [VectorDB Search] 'Lăng Mộ Hoàng Gia Tàn Tích Cựu chiến binh Bóng tối' -> Trả về 10 kết quả.
2026-05-24 09:29:15 | DEBUG    | MemoryProcessor:184 | [Profile] RAG (Hybrid DB+FAISS) hoàn tất trong: 0.647s
2026-05-24 09:29:15 | DEBUG    | StoryDirector:50 | [StoryDirector] Bắt đầu sinh luồng truyện (Streaming) cho hành động: 'Tôi nhặt lưỡi kiếm linh thiêng lên để chống lại sứ...'
2026-05-24 09:29:16 | DEBUG    | StateProcessor:269 | [Profile] Background Tasks (State Extraction): 19.538s
2026-05-24 09:29:16 | INFO     | StateProcessor:181 | [Hệ Thống] ---> THAY ĐỔI TÚI ĐỒ <---
2026-05-24 09:29:16 | INFO     | ImageManager:95 | [ImageManager] Đang vẽ vật phẩm mới: 'holy_blade'...
2026-05-24 09:29:16 | INFO     | StateProcessor:128 |  [+] Phát hiện nhân vật xuất hiện: Hình ảnh mờ ảo
2026-05-24 09:29:16 | INFO     | StateProcessor:29 | [Cloud] Đang thiết kế chỉ số và cốt truyện nền cho: Hình ảnh mờ ảo...
2026-05-24 09:29:16 | WARNING  | ImageManager:107 | [ImageManager] Tạo ảnh vật phẩm 'holy_blade' thất bại.
2026-05-24 09:29:16 | INFO     | StateProcessor:207 |  [+] Nhận được: holy_blade
2026-05-24 09:29:16 | INFO     | StateProcessor:228 |  [Balo hiện tại]: holy_blade
2026-05-24 09:29:16 | INFO     | StoryDirector:74 | [StoryDirector] Đang tính toán các lựa chọn tiếp theo...
2026-05-24 09:29:19 | INFO     | ImageManager:73 | [ImageManager] Đang vẽ NPC mới: 'Hình ảnh mờ ảo'...
2026-05-24 09:29:19 | WARNING  | ImageManager:83 | [ImageManager] Tạo ảnh NPC 'Hình ảnh mờ ảo' thất bại.
2026-05-24 09:29:19 | DEBUG    | BaseManager:75 | [NPCs] Đã lưu thành công 'Hình ảnh mờ ảo'.
2026-05-24 09:29:19 | DEBUG    | MemoryManager:209 | [ShortTermMemory] Đã cập nhật Context Window hiện tại (Size: 4).
2026-05-24 09:29:19 | DEBUG    | DatabaseManager:92 | [Database] Đã ghi một ký ức mới vào Turn 3.
2026-05-24 09:29:19 | WARNING  | DatabaseManager:132 | [Database] Không tìm thấy NPC 'Cựu chiến binh' để link với memory #1
2026-05-24 09:29:19 | WARNING  | DatabaseManager:132 | [Database] Không tìm thấy NPC 'Bóng tối' để link với memory #1
2026-05-24 09:29:19 | DEBUG    | MemoryProcessor:231 | [MemoryProcessor] Đã lưu 1 Episode Ký ức vào CSDL và VectorDB.
2026-05-24 09:29:19 | INFO     | server:105 | Hoàn tất xử lý ngầm (State & Memory)!
2026-05-24 09:29:19 | DEBUG    | StoryDirector:85 | [StoryDirector] Đã tạo thành công 3 lựa chọn khả thi.
2026-05-24 09:29:21 | WARNING  | LocalAgents:185 | [MemoryExtractor] Trả về cấu trúc trống hoặc thiếu key 'atomic_memories'.
2026-05-24 09:29:26 | DEBUG    | StateProcessor:269 | [Profile] Background Tasks (State Extraction): 7.146s
2026-05-24 09:29:26 | DEBUG    | MemoryManager:209 | [ShortTermMemory] Đã cập nhật Context Window hiện tại (Size: 4).
2026-05-24 09:29:26 | DEBUG    | DatabaseManager:92 | [Database] Đã ghi một ký ức mới vào Turn 4.
2026-05-24 09:29:27 | WARNING  | DatabaseManager:132 | [Database] Không tìm thấy NPC 'Cựu chiến binh' để link với memory #2
2026-05-24 09:29:27 | WARNING  | DatabaseManager:132 | [Database] Không tìm thấy NPC 'Bóng tối' để link với memory #2
2026-05-24 09:29:27 | DEBUG    | MemoryProcessor:231 | [MemoryProcessor] Đã lưu 1 Episode Ký ức vào CSDL và VectorDB.
2026-05-24 09:29:27 | INFO     | server:105 | Hoàn tất xử lý ngầm (State & Memory)!
2026-05-24 09:29:52 | DEBUG    | ActionProcessor:32 | [ActionManager] Đã tải thành công file action_directives.yaml!
2026-05-24 09:29:53 | DEBUG    | MemoryProcessor:130 | [MemoryProcessor] Truy vấn FAISS: 'Tìm kiếm thanh sắt gần đó để tạo hàng rào phòng thủ'
2026-05-24 09:29:53 | DEBUG    | MemoryManager:172 | [VectorDB Search] 'Tìm kiếm thanh sắt gần đó để tạo hàng rào phòng thủ' -> Trả về 10 kết quả.
2026-05-24 09:29:53 | DEBUG    | MemoryProcessor:144 | [Deduplication] Bỏ qua ký ức #1 từ FAISS vì đã có trong Lịch sử NPC.
2026-05-24 09:29:53 | DEBUG    | MemoryProcessor:144 | [Deduplication] Bỏ qua ký ức #2 từ FAISS vì đã có trong Lịch sử NPC.
2026-05-24 09:29:53 | DEBUG    | MemoryProcessor:184 | [Profile] RAG (Hybrid DB+FAISS) hoàn tất trong: 0.439s
2026-05-24 09:29:53 | DEBUG    | StoryDirector:50 | [StoryDirector] Bắt đầu sinh luồng truyện (Streaming) cho hành động: 'Tôi rút thanh sắt ở gần đó để tạo hàng rào phòng t...'
2026-05-24 09:29:54 | INFO     | StoryDirector:74 | [StoryDirector] Đang tính toán các lựa chọn tiếp theo...
2026-05-24 09:29:56 | DEBUG    | StoryDirector:85 | [StoryDirector] Đã tạo thành công 3 lựa chọn khả thi.
2026-05-24 09:30:01 | WARNING  | LocalAgents:185 | [MemoryExtractor] Trả về cấu trúc trống hoặc thiếu key 'atomic_memories'.
2026-05-24 09:30:01 | DEBUG    | StateProcessor:269 | [Profile] Background Tasks (State Extraction): 5.352s
2026-05-24 09:30:01 | DEBUG    | MemoryManager:209 | [ShortTermMemory] Đã cập nhật Context Window hiện tại (Size: 4).
2026-05-24 09:30:01 | DEBUG    | DatabaseManager:92 | [Database] Đã ghi một ký ức mới vào Turn 5.
2026-05-24 09:30:01 | WARNING  | DatabaseManager:132 | [Database] Không tìm thấy NPC 'Cựu chiến binh' để link với memory #3
2026-05-24 09:30:01 | WARNING  | DatabaseManager:132 | [Database] Không tìm thấy NPC 'Bóng tối' để link với memory #3
2026-05-24 09:30:01 | DEBUG    | MemoryProcessor:231 | [MemoryProcessor] Đã lưu 1 Episode Ký ức vào CSDL và VectorDB.
2026-05-24 09:30:01 | INFO     | server:105 | Hoàn tất xử lý ngầm (State & Memory)!
2026-05-24 09:30:39 | DEBUG    | ActionProcessor:32 | [ActionManager] Đã tải thành công file action_directives.yaml!
2026-05-24 09:30:39 | DEBUG    | MemoryProcessor:130 | [MemoryProcessor] Truy vấn FAISS: 'Cắt dây leo xanh quanh thanh sắt bằng kiếm'
2026-05-24 09:30:40 | DEBUG    | MemoryManager:172 | [VectorDB Search] 'Cắt dây leo xanh quanh thanh sắt bằng kiếm' -> Trả về 10 kết quả.
2026-05-24 09:30:40 | DEBUG    | MemoryProcessor:144 | [Deduplication] Bỏ qua ký ức #3 từ FAISS vì đã có trong Lịch sử NPC.
2026-05-24 09:30:40 | DEBUG    | MemoryProcessor:144 | [Deduplication] Bỏ qua ký ức #2 từ FAISS vì đã có trong Lịch sử NPC.
2026-05-24 09:30:40 | DEBUG    | MemoryProcessor:184 | [Profile] RAG (Hybrid DB+FAISS) hoàn tất trong: 0.457s
2026-05-24 09:30:40 | DEBUG    | StoryDirector:50 | [StoryDirector] Bắt đầu sinh luồng truyện (Streaming) cho hành động: 'Tôi dùng kiếm để cắt đứt dây leo xanh đang quấn qu...'
2026-05-24 09:30:41 | INFO     | StoryDirector:74 | [StoryDirector] Đang tính toán các lựa chọn tiếp theo...
2026-05-24 09:30:45 | DEBUG    | StoryDirector:85 | [StoryDirector] Đã tạo thành công 3 lựa chọn khả thi.
2026-05-24 09:30:57 | WARNING  | LocalAgents:185 | [MemoryExtractor] Trả về cấu trúc trống hoặc thiếu key 'atomic_memories'.
2026-05-24 09:30:57 | DEBUG    | StateProcessor:269 | [Profile] Background Tasks (State Extraction): 11.974s
2026-05-24 09:30:57 | DEBUG    | MemoryManager:209 | [ShortTermMemory] Đã cập nhật Context Window hiện tại (Size: 4).
2026-05-24 09:30:57 | DEBUG    | DatabaseManager:92 | [Database] Đã ghi một ký ức mới vào Turn 6.
2026-05-24 09:30:57 | WARNING  | DatabaseManager:132 | [Database] Không tìm thấy NPC 'Cựu chiến binh' để link với memory #4
2026-05-24 09:30:57 | WARNING  | DatabaseManager:132 | [Database] Không tìm thấy NPC 'Bóng tối' để link với memory #4
2026-05-24 09:30:57 | DEBUG    | MemoryProcessor:231 | [MemoryProcessor] Đã lưu 1 Episode Ký ức vào CSDL và VectorDB.
2026-05-24 09:30:57 | INFO     | server:105 | Hoàn tất xử lý ngầm (State & Memory)!
2026-05-24 09:31:55 | DEBUG    | ActionProcessor:32 | [ActionManager] Đã tải thành công file action_directives.yaml!
2026-05-24 09:31:55 | INFO     | ActionProcessor:91 | [ActionManager] 🎲 Sự kiện NPC xuất hiện (Xí ngầu: 19/26)
2026-05-24 09:31:55 | DEBUG    | MemoryProcessor:130 | [MemoryProcessor] Truy vấn FAISS: 'dùng cán kiếm đập dây leo'
2026-05-24 09:31:55 | DEBUG    | MemoryManager:172 | [VectorDB Search] 'dùng cán kiếm đập dây leo' -> Trả về 10 kết quả.
2026-05-24 09:31:55 | DEBUG    | MemoryProcessor:144 | [Deduplication] Bỏ qua ký ức #4 từ FAISS vì đã có trong Lịch sử NPC.
2026-05-24 09:31:55 | DEBUG    | MemoryProcessor:144 | [Deduplication] Bỏ qua ký ức #3 từ FAISS vì đã có trong Lịch sử NPC.
2026-05-24 09:31:55 | DEBUG    | MemoryProcessor:144 | [Deduplication] Bỏ qua ký ức #2 từ FAISS vì đã có trong Lịch sử NPC.
2026-05-24 09:31:55 | DEBUG    | MemoryProcessor:184 | [Profile] RAG (Hybrid DB+FAISS) hoàn tất trong: 0.441s
2026-05-24 09:31:55 | DEBUG    | StoryDirector:50 | [StoryDirector] Bắt đầu sinh luồng truyện (Streaming) cho hành động: 'Tôi dùng cán kiếm đập mạnh vào dây leo để phá....'
2026-05-24 09:31:57 | INFO     | StoryDirector:74 | [StoryDirector] Đang tính toán các lựa chọn tiếp theo...
2026-05-24 09:31:59 | DEBUG    | StoryDirector:85 | [StoryDirector] Đã tạo thành công 3 lựa chọn khả thi.
2026-05-24 09:32:00 | WARNING  | LocalAgents:185 | [MemoryExtractor] Trả về cấu trúc trống hoặc thiếu key 'atomic_memories'.
2026-05-24 09:32:00 | DEBUG    | StateProcessor:269 | [Profile] Background Tasks (State Extraction): 1.283s
2026-05-24 09:32:00 | INFO     | StateProcessor:181 | [Hệ Thống] ---> THAY ĐỔI TÚI ĐỒ <---
2026-05-24 09:32:00 | INFO     | ImageManager:95 | [ImageManager] Đang vẽ vật phẩm mới: 'thanh sắt'...
2026-05-24 09:32:01 | WARNING  | ImageManager:107 | [ImageManager] Tạo ảnh vật phẩm 'thanh sắt' thất bại.
2026-05-24 09:32:01 | INFO     | StateProcessor:207 |  [+] Nhận được: thanh sắt
2026-05-24 09:32:01 | INFO     | StateProcessor:228 |  [Balo hiện tại]: holy_blade, thanh sắt
2026-05-24 09:32:01 | DEBUG    | MemoryManager:209 | [ShortTermMemory] Đã cập nhật Context Window hiện tại (Size: 4).
2026-05-24 09:32:01 | DEBUG    | DatabaseManager:92 | [Database] Đã ghi một ký ức mới vào Turn 7.
2026-05-24 09:32:01 | WARNING  | DatabaseManager:132 | [Database] Không tìm thấy NPC 'Cựu chiến binh' để link với memory #5
2026-05-24 09:32:01 | WARNING  | DatabaseManager:132 | [Database] Không tìm thấy NPC 'Bóng tối' để link với memory #5
2026-05-24 09:32:01 | DEBUG    | MemoryProcessor:231 | [MemoryProcessor] Đã lưu 1 Episode Ký ức vào CSDL và VectorDB.
2026-05-24 09:32:01 | INFO     | server:105 | Hoàn tất xử lý ngầm (State & Memory)!
2026-05-24 11:14:04 | INFO     | Orchestration:21 | Đang khởi tạo hệ thống Eldoria Game Engine...
2026-05-24 11:14:04 | DEBUG    | ImageManager:22 | [ImageManager] Đã khởi tạo các thư mục bộ nhớ đệm ảnh.
2026-05-24 11:14:05 | INFO     | MemoryManager:20 | [VectorDB] Đang khởi tạo Embedding Model từ: all-MiniLM-L6-v2...
2026-05-24 11:14:11 | DEBUG    | MemoryManager:106 | [VectorDB] Không tìm thấy CSDL FAISS cũ. Khởi tạo Ký ức mới hoàn toàn.
2026-05-24 11:14:12 | DEBUG    | MemoryProcessor:18 | [MemoryProcessor] Đã khởi tạo hệ thống xử lý Ký ức.
2026-05-24 11:14:17 | DEBUG    | StoryDirector:28 | [StoryDirector] Đã khởi tạo các Cloud Agents (Llama-3 & Qwen).
2026-05-24 11:14:17 | INFO     | Orchestration:53 | Hệ thống đã sẵn sàng!
2026-05-24 11:14:28 | INFO     | Orchestration:21 | Đang khởi tạo hệ thống Eldoria Game Engine...
2026-05-24 11:14:28 | DEBUG    | ImageManager:22 | [ImageManager] Đã khởi tạo các thư mục bộ nhớ đệm ảnh.
2026-05-24 11:14:30 | INFO     | MemoryManager:20 | [VectorDB] Đang khởi tạo Embedding Model từ: all-MiniLM-L6-v2...
2026-05-24 11:14:36 | DEBUG    | MemoryManager:106 | [VectorDB] Không tìm thấy CSDL FAISS cũ. Khởi tạo Ký ức mới hoàn toàn.
2026-05-24 11:14:36 | DEBUG    | MemoryProcessor:18 | [MemoryProcessor] Đã khởi tạo hệ thống xử lý Ký ức.
2026-05-24 11:14:42 | DEBUG    | StoryDirector:28 | [StoryDirector] Đã khởi tạo các Cloud Agents (Llama-3 & Qwen).
2026-05-24 11:14:42 | INFO     | Orchestration:53 | Hệ thống đã sẵn sàng!
2026-05-24 11:14:42 | INFO     | Orchestration:21 | Đang khởi tạo hệ thống Eldoria Game Engine...
2026-05-24 11:14:42 | DEBUG    | ImageManager:22 | [ImageManager] Đã khởi tạo các thư mục bộ nhớ đệm ảnh.
2026-05-24 11:14:43 | INFO     | MemoryManager:20 | [VectorDB] Đang khởi tạo Embedding Model từ: all-MiniLM-L6-v2...
2026-05-24 11:14:49 | DEBUG    | MemoryManager:106 | [VectorDB] Không tìm thấy CSDL FAISS cũ. Khởi tạo Ký ức mới hoàn toàn.
2026-05-24 11:14:49 | DEBUG    | MemoryProcessor:18 | [MemoryProcessor] Đã khởi tạo hệ thống xử lý Ký ức.
2026-05-24 11:14:55 | DEBUG    | StoryDirector:28 | [StoryDirector] Đã khởi tạo các Cloud Agents (Llama-3 & Qwen).
2026-05-24 11:14:55 | INFO     | Orchestration:53 | Hệ thống đã sẵn sàng!
2026-05-24 11:16:33 | INFO     | DatabaseManager:35 | [Database] Đã mở kết nối bất đồng bộ tới data/eldoria.db
2026-05-24 11:16:33 | DEBUG    | DatabaseManager:75 | [Database] Bảng 'MEMORY_NPC' chưa tồn tại, bỏ qua bước dọn dẹp.
2026-05-24 11:16:33 | DEBUG    | DatabaseManager:75 | [Database] Bảng 'Memory' chưa tồn tại, bỏ qua bước dọn dẹp.
2026-05-24 11:16:33 | DEBUG    | DatabaseManager:75 | [Database] Bảng 'NPCs' chưa tồn tại, bỏ qua bước dọn dẹp.
2026-05-24 11:16:33 | DEBUG    | DatabaseManager:75 | [Database] Bảng 'Locations' chưa tồn tại, bỏ qua bước dọn dẹp.
2026-05-24 11:16:33 | INFO     | DatabaseManager:83 | [Database] Đã dọn dẹp sạch sẽ toàn bộ dữ liệu SQLite!
2026-05-24 11:16:33 | INFO     | DatabaseManager:55 | [Database] Khởi tạo các bảng SQL thành công!
2026-05-24 11:16:33 | INFO     | ImageManager:112 | [ImageManager] Bắt đầu dọn dẹp thư mục ảnh cũ cho Game mới...
2026-05-24 11:16:33 | INFO     | ImageManager:123 | [ImageManager] Dọn dẹp thư mục ảnh hoàn tất.
2026-05-24 11:16:33 | INFO     | StoryDirector:91 | [StoryDirector] Đang tạo World Bible từ ý tưởng người chơi...
2026-05-24 11:16:36 | DEBUG    | StoryDirector:97 | [StoryDirector] Đã lưu World Bible xuống file: ./data/world_bible.json
2026-05-24 11:16:36 | INFO     | StoryDirector:105 | [StoryDirector] Đang khởi tạo địa điểm xuất phát cho thế giới 'Eldoria: Realm of the Celestial Blade'...
2026-05-24 11:16:38 | DEBUG    | BaseManager:75 | [Locations] Đã lưu thành công 'Thung lũng Bóng Đổ'.
2026-05-24 11:16:38 | INFO     | StoryDirector:130 | [StoryDirector] Bắt đầu sinh phân đoạn truyện mở đầu tại 'Thung lũng Bóng Đổ'...
2026-05-24 11:16:40 | INFO     | StoryDirector:74 | [StoryDirector] Đang tính toán các lựa chọn tiếp theo...
2026-05-24 11:16:41 | DEBUG    | StoryDirector:85 | [StoryDirector] Đã tạo thành công 3 lựa chọn khả thi.
2026-05-24 11:17:02 | WARNING  | LocalAgents:185 | [MemoryExtractor] Trả về cấu trúc trống hoặc thiếu key 'atomic_memories'.
2026-05-24 11:17:02 | DEBUG    | StateProcessor:269 | [Profile] Background Tasks (State Extraction): 21.237s
2026-05-24 11:17:02 | INFO     | StateProcessor:128 |  [+] Phát hiện nhân vật xuất hiện: Bóng tối
2026-05-24 11:17:02 | INFO     | StateProcessor:29 | [Cloud] Đang thiết kế chỉ số và cốt truyện nền cho: Bóng tối...
2026-05-24 11:17:05 | INFO     | ImageManager:73 | [ImageManager] Đang vẽ NPC mới: 'Bóng tối'...
2026-05-24 11:17:05 | WARNING  | ImageManager:83 | [ImageManager] Tạo ảnh NPC 'Bóng tối' thất bại.
2026-05-24 11:17:05 | DEBUG    | BaseManager:75 | [NPCs] Đã lưu thành công 'Bóng tối'.
2026-05-24 11:17:05 | DEBUG    | MemoryManager:209 | [ShortTermMemory] Đã cập nhật Context Window hiện tại (Size: 1).
2026-05-24 11:17:05 | DEBUG    | DatabaseManager:92 | [Database] Đã ghi một ký ức mới vào Turn 0.
2026-05-24 11:17:06 | DEBUG    | MemoryProcessor:231 | [MemoryProcessor] Đã lưu 1 Episode Ký ức vào CSDL và VectorDB.
2026-05-24 11:17:06 | INFO     | server:154 | Hoàn tất xử lý ngầm (State & Memory)!
2026-05-24 11:17:07 | DEBUG    | ActionProcessor:32 | [ActionManager] Đã tải thành công file action_directives.yaml!
2026-05-24 11:17:08 | DEBUG    | MemoryProcessor:130 | [MemoryProcessor] Truy vấn FAISS: 'Đánh bại Bóng tối ở Thung lũng Bóng Đổ'
2026-05-24 11:17:08 | DEBUG    | MemoryManager:172 | [VectorDB Search] 'Đánh bại Bóng tối ở Thung lũng Bóng Đổ' -> Trả về 1 kết quả.
2026-05-24 11:17:08 | DEBUG    | MemoryProcessor:144 | [Deduplication] Bỏ qua ký ức #1 từ FAISS vì đã có trong Lịch sử NPC.
2026-05-24 11:17:08 | DEBUG    | MemoryProcessor:184 | [Profile] RAG (Hybrid DB+FAISS) hoàn tất trong: 0.435s
2026-05-24 11:17:08 | DEBUG    | StoryDirector:50 | [StoryDirector] Bắt đầu sinh luồng truyện (Streaming) cho hành động: 'Tôi giơ kiếm ra chiến đấu với bóng tối...'
2026-05-24 11:17:10 | INFO     | StoryDirector:74 | [StoryDirector] Đang tính toán các lựa chọn tiếp theo...
2026-05-24 11:17:11 | DEBUG    | StoryDirector:85 | [StoryDirector] Đã tạo thành công 3 lựa chọn khả thi.
2026-05-24 11:17:23 | WARNING  | LocalAgents:185 | [MemoryExtractor] Trả về cấu trúc trống hoặc thiếu key 'atomic_memories'.
2026-05-24 11:17:23 | DEBUG    | StateProcessor:269 | [Profile] Background Tasks (State Extraction): 11.845s
2026-05-24 11:17:23 | INFO     | StateProcessor:181 | [Hệ Thống] ---> THAY ĐỔI TÚI ĐỒ <---
2026-05-24 11:17:23 | INFO     | ImageManager:95 | [ImageManager] Đang vẽ vật phẩm mới: 'Thanh kiếm khổng lồ'...
2026-05-24 11:17:23 | INFO     | StateProcessor:108 |  [-] NPC đã rời khỏi phân cảnh: bóng tối
2026-05-24 11:17:23 | WARNING  | ImageManager:107 | [ImageManager] Tạo ảnh vật phẩm 'Thanh kiếm khổng lồ' thất bại.
2026-05-24 11:17:23 | INFO     | StateProcessor:207 |  [+] Nhận được: Thanh kiếm khổng lồ
2026-05-24 11:17:23 | INFO     | StateProcessor:228 |  [Balo hiện tại]: Thanh kiếm khổng lồ
2026-05-24 11:17:23 | DEBUG    | MemoryManager:209 | [ShortTermMemory] Đã cập nhật Context Window hiện tại (Size: 2).
2026-05-24 11:17:23 | DEBUG    | DatabaseManager:92 | [Database] Đã ghi một ký ức mới vào Turn 1.
2026-05-24 11:17:23 | DEBUG    | MemoryProcessor:231 | [MemoryProcessor] Đã lưu 1 Episode Ký ức vào CSDL và VectorDB.
2026-05-24 11:17:23 | INFO     | server:154 | Hoàn tất xử lý ngầm (State & Memory)!
2026-05-31 23:58:36 | INFO     | Orchestration:23 | Đang khởi tạo hệ thống Eldoria Game Engine...
2026-05-31 23:58:36 | DEBUG    | ImageManager:22 | [ImageManager] Đã khởi tạo các thư mục bộ nhớ đệm ảnh.
2026-05-31 23:58:36 | WARNING  | LocalAgents:31 | [Gemini] Lỗi khởi tạo Client (Kiểm tra lại GEMINI_API_KEY trong .env): No API key was provided. Please pass a valid API key. Learn how to create an API key at https://ai.google.dev/gemini-api/docs/api-key.
2026-05-31 23:58:36 | INFO     | MemoryManager:20 | [VectorDB] Đang khởi tạo Embedding Model từ: bkai-foundation-models/vietnamese-bi-encoder...
2026-05-31 23:58:43 | INFO     | MemoryManager:104 | [VectorDB] Khôi phục thành công 6 ký ức từ ổ cứng.
2026-05-31 23:58:43 | DEBUG    | MemoryProcessor:21 | [MemoryProcessor] Đã khởi tạo hệ thống xử lý Ký ức.
2026-05-31 23:58:43 | WARNING  | LocalAgents:31 | [Gemini] Lỗi khởi tạo Client (Kiểm tra lại GEMINI_API_KEY trong .env): No API key was provided. Please pass a valid API key. Learn how to create an API key at https://ai.google.dev/gemini-api/docs/api-key.
2026-05-31 23:58:43 | WARNING  | LocalAgents:31 | [Gemini] Lỗi khởi tạo Client (Kiểm tra lại GEMINI_API_KEY trong .env): No API key was provided. Please pass a valid API key. Learn how to create an API key at https://ai.google.dev/gemini-api/docs/api-key.
2026-05-31 23:58:43 | WARNING  | LocalAgents:31 | [Gemini] Lỗi khởi tạo Client (Kiểm tra lại GEMINI_API_KEY trong .env): No API key was provided. Please pass a valid API key. Learn how to create an API key at https://ai.google.dev/gemini-api/docs/api-key.
2026-05-31 23:58:43 | WARNING  | LocalAgents:31 | [Gemini] Lỗi khởi tạo Client (Kiểm tra lại GEMINI_API_KEY trong .env): No API key was provided. Please pass a valid API key. Learn how to create an API key at https://ai.google.dev/gemini-api/docs/api-key.
2026-05-31 23:58:43 | WARNING  | LocalAgents:31 | [Gemini] Lỗi khởi tạo Client (Kiểm tra lại GEMINI_API_KEY trong .env): No API key was provided. Please pass a valid API key. Learn how to create an API key at https://ai.google.dev/gemini-api/docs/api-key.
2026-05-31 23:58:45 | DEBUG    | StoryDirector:29 | [StoryDirector] Đã khởi tạo các Cloud Agents (Llama-3 & Qwen).
2026-05-31 23:58:45 | INFO     | Orchestration:58 | Hệ thống đã sẵn sàng!
2026-05-31 23:58:45 | INFO     | Orchestration:140 | Bắt đầu khởi tạo phiên chơi mới - Dọn dẹp dữ liệu...
2026-05-31 23:58:45 | INFO     | DatabaseManager:35 | [Database] Đã mở kết nối bất đồng bộ tới ./data/World.db
2026-05-31 23:58:45 | DEBUG    | DatabaseManager:75 | [Database] Bảng 'MEMORY_NPC' chưa tồn tại, bỏ qua bước dọn dẹp.
2026-05-31 23:58:45 | INFO     | DatabaseManager:83 | [Database] Đã dọn dẹp sạch sẽ toàn bộ dữ liệu SQLite!
2026-05-31 23:58:45 | INFO     | DatabaseManager:55 | [Database] Khởi tạo các bảng SQL thành công!
2026-05-31 23:58:45 | INFO     | ImageManager:112 | [ImageManager] Bắt đầu dọn dẹp thư mục ảnh cũ cho Game mới...
2026-05-31 23:58:45 | INFO     | ImageManager:123 | [ImageManager] Dọn dẹp thư mục ảnh hoàn tất.
2026-05-31 23:59:01 | INFO     | Orchestration:149 | Người chơi chọn ý tưởng: 'the gioi mo'
2026-05-31 23:59:01 | INFO     | StoryDirector:92 | [StoryDirector] Đang tạo World Bible từ ý tưởng người chơi...
2026-05-31 23:59:03 | DEBUG    | StoryDirector:98 | [StoryDirector] Đã lưu World Bible xuống file: ./data/world_bible.json
2026-05-31 23:59:03 | DEBUG    | Orchestration:164 | World State Loaded: The Gioi Mo | ['open-world', 'exploration-focused']
2026-05-31 23:59:03 | INFO     | Orchestration:168 | Khởi tạo Location đầu tiên...
2026-05-31 23:59:03 | INFO     | StoryDirector:106 | [StoryDirector] Đang khởi tạo địa điểm xuất phát cho thế giới 'The Gioi Mo'...
2026-05-31 23:59:05 | INFO     | StoryDirector:111 | [StoryDirector] Đang khởi tạo các npc quan trọng cho thế giới 'The Gioi Mo'...
2026-05-31 23:59:11 | DEBUG    | BaseManager:75 | [Locations] Đã lưu thành công 'Khu Vực Cánh Cửa Thời Gian'.
2026-05-31 23:59:11 | WARNING  | BaseManager:78 | [NPCs] Đã chặn lỗi chèn trùng lặp (UNIQUE constraint) với: 'Yến Thần'
2026-05-31 23:59:11 | WARNING  | BaseManager:78 | [NPCs] Đã chặn lỗi chèn trùng lặp (UNIQUE constraint) với: 'Tửu Ma Vương'
2026-05-31 23:59:11 | WARNING  | BaseManager:78 | [NPCs] Đã chặn lỗi chèn trùng lặp (UNIQUE constraint) với: 'Linh Tô'
2026-05-31 23:59:11 | INFO     | ImageManager:45 | [ImageManager] Đang vẽ bối cảnh mới: 'Khu Vực Cánh Cửa Thời Gian'...
2026-05-31 23:59:11 | WARNING  | ImageManager:59 | [ImageManager] Tạo ảnh bối cảnh 'Khu Vực Cánh Cửa Thời Gian' thất bại.
2026-05-31 23:59:12 | INFO     | AudioManager:72 | [Audio] Đang phát nhạc: bình thường (binh_thuong.mp3)
2026-05-31 23:59:12 | INFO     | StoryDirector:139 | [StoryDirector] Bắt đầu sinh phân đoạn truyện mở đầu tại 'Khu Vực Cánh Cửa Thời Gian'...
2026-05-31 23:59:14 | INFO     | Orchestration:222 | Lưu ký ức Prologue (Turn 0)...
2026-05-31 23:59:14 | DEBUG    | MemoryManager:209 | [ShortTermMemory] Đã cập nhật Context Window hiện tại (Size: 1).
2026-05-31 23:59:14 | DEBUG    | DatabaseManager:92 | [Database] Đã ghi một ký ức mới vào Turn 0.
2026-05-31 23:59:15 | DEBUG    | MemoryProcessor:235 | [MemoryProcessor] Đã lưu 1 Episode Ký ức vào CSDL và VectorDB.
2026-05-31 23:59:15 | INFO     | StoryDirector:75 | [StoryDirector] Đang tính toán các lựa chọn tiếp theo...
2026-05-31 23:59:17 | DEBUG    | StoryDirector:86 | [StoryDirector] Đã tạo thành công 3 lựa chọn khả thi.
2026-05-31 23:59:17 | INFO     | Orchestration:241 | === BẮT ĐẦU VÒNG LẶP GAME CHÍNH (GAME LOOP) ===
2026-06-01 00:00:02 | INFO     | Orchestration:66 | [Turn Start] Player Input: 'Tôi rút kiếm ra và chuẩn bị chiến đấu.'
2026-06-01 00:00:02 | DEBUG    | ActionProcessor:32 | [ActionManager] Đã tải thành công file action_directives.yaml!
2026-06-01 00:00:04 | DEBUG    | MemoryProcessor:134 | [MemoryProcessor] Truy vấn FAISS: 'Rút kiếm chuẩn bị chiến đấu trước bóng người lạ'
2026-06-01 00:00:04 | DEBUG    | MemoryManager:172 | [VectorDB Search] 'Rút kiếm chuẩn bị chiến đấu trước bóng người lạ' -> Trả về 6 kết quả.
2026-06-01 00:00:04 | ERROR    | MemoryProcessor:191 | [MemoryProcessor] Lỗi hệ thống RAG Lai: no such column: memory_id
Traceback (most recent call last):
  File "D:\D\HOCTAP\TDTT\AI-Adventure-Game\engine\Subengine\MemoryProcessor.py", line 151, in get_hybrid_context
    memories_raw = await self.db.get_memories_by_ids(unique_memory_ids) if unique_memory_ids else []
                   ^^^^^^^^^^^^^^^^^^^^^^^^^^^^^^^^^^^^^^^^^^^^^^^^^^^^
  File "D:\D\HOCTAP\TDTT\AI-Adventure-Game\engine\DataManager\DatabaseManager.py", line 101, in get_memories_by_ids
    return await self.memory_manager.get_memories_by_ids(memory_ids)
           ^^^^^^^^^^^^^^^^^^^^^^^^^^^^^^^^^^^^^^^^^^^^^^^^^^^^^^^^^
  File "D:\D\HOCTAP\TDTT\AI-Adventure-Game\engine\DataManager\EntityManager\MemoryManager.py", line 39, in get_memories_by_ids
    async with self.conn.execute(query, tuple(memory_ids)) as cursor:
  File "D:\D\HOCTAP\TDTT\.venv\Lib\site-packages\aiosqlite\context.py", line 41, in __aenter__
    self._obj = await self._coro
                ^^^^^^^^^^^^^^^^
  File "D:\D\HOCTAP\TDTT\.venv\Lib\site-packages\aiosqlite\core.py", line 223, in execute
    cursor = await self._execute(self._conn.execute, sql, parameters)
             ^^^^^^^^^^^^^^^^^^^^^^^^^^^^^^^^^^^^^^^^^^^^^^^^^^^^^^^^
  File "D:\D\HOCTAP\TDTT\.venv\Lib\site-packages\aiosqlite\core.py", line 160, in _execute
    return await future
           ^^^^^^^^^^^^
  File "D:\D\HOCTAP\TDTT\.venv\Lib\site-packages\aiosqlite\core.py", line 63, in _connection_worker_thread
    result = function()
             ^^^^^^^^^^
sqlite3.OperationalError: no such column: memory_id
2026-06-01 00:00:04 | DEBUG    | StoryDirector:51 | [StoryDirector] Bắt đầu sinh luồng truyện (Streaming) cho hành động: 'Tôi rút kiếm ra và chuẩn bị chiến đấu....'
2026-06-01 00:00:04 | DEBUG    | Orchestration:85 | [Profile] Time to First Token (TTFT): 0.711s
2026-06-01 00:00:05 | DEBUG    | StateProcessor:359 | [Profile] Background Tasks (State Extraction): 0.001s
2026-06-01 00:00:05 | INFO     | StateProcessor:273 | [Quest] Nhiệm vụ phụ mới: Nhiệm vụ phụ ở Khu Vực Cánh Cửa Thời Gian
2026-06-01 00:00:05 | DEBUG    | MemoryManager:209 | [ShortTermMemory] Đã cập nhật Context Window hiện tại (Size: 2).
2026-06-01 00:00:05 | DEBUG    | DatabaseManager:92 | [Database] Đã ghi một ký ức mới vào Turn 1.
2026-06-01 00:00:05 | DEBUG    | MemoryProcessor:235 | [MemoryProcessor] Đã lưu 1 Episode Ký ức vào CSDL và VectorDB.
2026-06-01 00:00:05 | INFO     | StoryDirector:75 | [StoryDirector] Đang tính toán các lựa chọn tiếp theo...
2026-06-01 00:00:07 | DEBUG    | StoryDirector:86 | [StoryDirector] Đã tạo thành công 3 lựa chọn khả thi.
2026-06-01 00:00:07 | INFO     | Orchestration:119 | [Groq Tokens] TỔNG CỘNG: 7055 (QueryAgent: 527 | LocationAgent: 546 | NPCAgent: 2131 | StoryAgent: 1386 | ChoiceAgent: 1728 | WorldGenerateAgent: 737)
2026-06-01 00:00:07 | DEBUG    | Orchestration:121 | [Profile] Tổng thời gian Turn: 5.566s
2026-06-01 00:05:15 | INFO     | Orchestration:247 | Người chơi thoát game an toàn. Đang đóng CSDL...
2026-06-01 00:05:33 | INFO     | Orchestration:23 | Đang khởi tạo hệ thống Eldoria Game Engine...
2026-06-01 00:05:33 | DEBUG    | ImageManager:22 | [ImageManager] Đã khởi tạo các thư mục bộ nhớ đệm ảnh.
2026-06-01 00:05:34 | INFO     | MemoryManager:20 | [VectorDB] Đang khởi tạo Embedding Model từ: bkai-foundation-models/vietnamese-bi-encoder...
2026-06-01 00:05:40 | INFO     | MemoryManager:104 | [VectorDB] Khôi phục thành công 6 ký ức từ ổ cứng.
2026-06-01 00:05:40 | DEBUG    | MemoryProcessor:21 | [MemoryProcessor] Đã khởi tạo hệ thống xử lý Ký ức.
2026-06-01 00:05:45 | DEBUG    | StoryDirector:29 | [StoryDirector] Đã khởi tạo các Cloud Agents (Llama-3 & Qwen).
2026-06-01 00:05:45 | INFO     | Orchestration:58 | Hệ thống đã sẵn sàng!
2026-06-01 00:05:45 | INFO     | Orchestration:140 | Bắt đầu khởi tạo phiên chơi mới - Dọn dẹp dữ liệu...
2026-06-01 00:05:45 | INFO     | DatabaseManager:35 | [Database] Đã mở kết nối bất đồng bộ tới ./data/World.db
2026-06-01 00:05:45 | ERROR    | DatabaseManager:77 | [Database Lỗi] Lỗi SQLite ở bảng 'MEMORY_NPC': foreign key mismatch - "MEMORY_NPC" referencing "Memory"
2026-06-01 00:05:45 | ERROR    | DatabaseManager:77 | [Database Lỗi] Lỗi SQLite ở bảng 'Memory': foreign key mismatch - "MEMORY_NPC" referencing "Memory"
2026-06-01 00:05:45 | ERROR    | DatabaseManager:79 | [Database Lỗi] Lỗi không xác định ở bảng 'Locations': FOREIGN KEY constraint failed
Traceback (most recent call last):
  File "D:\D\HOCTAP\TDTT\AI-Adventure-Game\engine\DataManager\DatabaseManager.py", line 68, in reset_database
    await self.conn.execute(f"DELETE FROM {table}")
  File "D:\D\HOCTAP\TDTT\.venv\Lib\site-packages\aiosqlite\core.py", line 223, in execute
    cursor = await self._execute(self._conn.execute, sql, parameters)
             ^^^^^^^^^^^^^^^^^^^^^^^^^^^^^^^^^^^^^^^^^^^^^^^^^^^^^^^^
  File "D:\D\HOCTAP\TDTT\.venv\Lib\site-packages\aiosqlite\core.py", line 160, in _execute
    return await future
           ^^^^^^^^^^^^
  File "D:\D\HOCTAP\TDTT\.venv\Lib\site-packages\aiosqlite\core.py", line 63, in _connection_worker_thread
    result = function()
             ^^^^^^^^^^
sqlite3.IntegrityError: FOREIGN KEY constraint failed
2026-06-01 00:05:45 | INFO     | DatabaseManager:83 | [Database] Đã dọn dẹp sạch sẽ toàn bộ dữ liệu SQLite!
2026-06-01 00:05:45 | INFO     | DatabaseManager:55 | [Database] Khởi tạo các bảng SQL thành công!
2026-06-01 00:05:45 | INFO     | ImageManager:112 | [ImageManager] Bắt đầu dọn dẹp thư mục ảnh cũ cho Game mới...
2026-06-01 00:05:45 | INFO     | ImageManager:123 | [ImageManager] Dọn dẹp thư mục ảnh hoàn tất.
2026-06-01 00:06:08 | INFO     | Orchestration:149 | Người chơi chọn ý tưởng: 'the gioi mo'
2026-06-01 00:06:08 | INFO     | StoryDirector:92 | [StoryDirector] Đang tạo World Bible từ ý tưởng người chơi...
2026-06-01 00:06:10 | DEBUG    | StoryDirector:98 | [StoryDirector] Đã lưu World Bible xuống file: ./data/world_bible.json
2026-06-01 00:06:10 | DEBUG    | Orchestration:164 | World State Loaded: The Hidden World | ['Fantasy', 'Mystery']
2026-06-01 00:06:10 | INFO     | Orchestration:168 | Khởi tạo Location đầu tiên...
2026-06-01 00:06:10 | INFO     | StoryDirector:106 | [StoryDirector] Đang khởi tạo địa điểm xuất phát cho thế giới 'The Hidden World'...
2026-06-01 00:06:11 | INFO     | StoryDirector:111 | [StoryDirector] Đang khởi tạo các npc quan trọng cho thế giới 'The Hidden World'...
2026-06-01 00:06:18 | DEBUG    | BaseManager:75 | [Locations] Đã lưu thành công 'Vùng Lãnh Địa Bóng Đổ'.
2026-06-01 00:06:18 | WARNING  | BaseManager:78 | [NPCs] Đã chặn lỗi chèn trùng lặp (UNIQUE constraint) với: 'Seraphine Vael'
2026-06-01 00:06:18 | WARNING  | BaseManager:78 | [NPCs] Đã chặn lỗi chèn trùng lặp (UNIQUE constraint) với: 'Malachar'
2026-06-01 00:06:18 | WARNING  | BaseManager:78 | [NPCs] Đã chặn lỗi chèn trùng lặp (UNIQUE constraint) với: 'Lysara Thorne'
2026-06-01 00:06:18 | WARNING  | BaseManager:78 | [NPCs] Đã chặn lỗi chèn trùng lặp (UNIQUE constraint) với: 'Ourothax'
2026-06-01 00:06:18 | INFO     | ImageManager:45 | [ImageManager] Đang vẽ bối cảnh mới: 'Vùng Lãnh Địa Bóng Đổ'...
2026-06-01 00:06:18 | WARNING  | ImageManager:59 | [ImageManager] Tạo ảnh bối cảnh 'Vùng Lãnh Địa Bóng Đổ' thất bại.
2026-06-01 00:06:19 | INFO     | AudioManager:72 | [Audio] Đang phát nhạc: bình thường (binh_thuong.mp3)
2026-06-01 00:06:19 | INFO     | StoryDirector:139 | [StoryDirector] Bắt đầu sinh phân đoạn truyện mở đầu tại 'Vùng Lãnh Địa Bóng Đổ'...
2026-06-01 00:06:21 | INFO     | Orchestration:222 | Lưu ký ức Prologue (Turn 0)...
2026-06-01 00:06:21 | DEBUG    | MemoryManager:209 | [ShortTermMemory] Đã cập nhật Context Window hiện tại (Size: 1).
2026-06-01 00:06:21 | DEBUG    | DatabaseManager:92 | [Database] Đã ghi một ký ức mới vào Turn 0.
2026-06-01 00:06:21 | DEBUG    | MemoryProcessor:235 | [MemoryProcessor] Đã lưu 1 Episode Ký ức vào CSDL và VectorDB.
2026-06-01 00:06:21 | INFO     | StoryDirector:75 | [StoryDirector] Đang tính toán các lựa chọn tiếp theo...
2026-06-01 00:06:23 | DEBUG    | StoryDirector:86 | [StoryDirector] Đã tạo thành công 3 lựa chọn khả thi.
2026-06-01 00:06:23 | INFO     | Orchestration:241 | === BẮT ĐẦU VÒNG LẶP GAME CHÍNH (GAME LOOP) ===
2026-06-01 00:06:37 | INFO     | Orchestration:247 | Người chơi thoát game an toàn. Đang đóng CSDL...
2026-06-01 00:11:51 | INFO     | Orchestration:23 | Đang khởi tạo hệ thống Eldoria Game Engine...
2026-06-01 00:11:51 | DEBUG    | ImageManager:22 | [ImageManager] Đã khởi tạo các thư mục bộ nhớ đệm ảnh.
2026-06-01 00:11:52 | INFO     | MemoryManager:20 | [VectorDB] Đang khởi tạo Embedding Model từ: bkai-foundation-models/vietnamese-bi-encoder...
2026-06-01 00:11:59 | INFO     | MemoryManager:104 | [VectorDB] Khôi phục thành công 6 ký ức từ ổ cứng.
2026-06-01 00:11:59 | DEBUG    | MemoryProcessor:21 | [MemoryProcessor] Đã khởi tạo hệ thống xử lý Ký ức.
2026-06-01 00:12:04 | DEBUG    | StoryDirector:29 | [StoryDirector] Đã khởi tạo các Cloud Agents (Llama-3 & Qwen).
2026-06-01 00:12:04 | INFO     | Orchestration:58 | Hệ thống đã sẵn sàng!
2026-06-01 00:12:04 | INFO     | Orchestration:140 | Bắt đầu khởi tạo phiên chơi mới - Dọn dẹp dữ liệu...
2026-06-01 00:12:04 | INFO     | DatabaseManager:35 | [Database] Đã mở kết nối bất đồng bộ tới ./data/World.db
2026-06-01 00:12:04 | ERROR    | DatabaseManager:77 | [Database Lỗi] Lỗi SQLite ở bảng 'MEMORY_NPC': foreign key mismatch - "MEMORY_NPC" referencing "Memory"
2026-06-01 00:12:04 | ERROR    | DatabaseManager:77 | [Database Lỗi] Lỗi SQLite ở bảng 'Memory': foreign key mismatch - "MEMORY_NPC" referencing "Memory"
2026-06-01 00:12:04 | ERROR    | DatabaseManager:79 | [Database Lỗi] Lỗi không xác định ở bảng 'Locations': FOREIGN KEY constraint failed
Traceback (most recent call last):
  File "D:\D\HOCTAP\TDTT\AI-Adventure-Game\engine\DataManager\DatabaseManager.py", line 68, in reset_database
    await self.conn.execute(f"DELETE FROM {table}")
  File "D:\D\HOCTAP\TDTT\.venv\Lib\site-packages\aiosqlite\core.py", line 223, in execute
    cursor = await self._execute(self._conn.execute, sql, parameters)
             ^^^^^^^^^^^^^^^^^^^^^^^^^^^^^^^^^^^^^^^^^^^^^^^^^^^^^^^^
  File "D:\D\HOCTAP\TDTT\.venv\Lib\site-packages\aiosqlite\core.py", line 160, in _execute
    return await future
           ^^^^^^^^^^^^
  File "D:\D\HOCTAP\TDTT\.venv\Lib\site-packages\aiosqlite\core.py", line 63, in _connection_worker_thread
    result = function()
             ^^^^^^^^^^
sqlite3.IntegrityError: FOREIGN KEY constraint failed
2026-06-01 00:12:04 | INFO     | DatabaseManager:83 | [Database] Đã dọn dẹp sạch sẽ toàn bộ dữ liệu SQLite!
2026-06-01 00:12:04 | INFO     | DatabaseManager:55 | [Database] Khởi tạo các bảng SQL thành công!
2026-06-01 00:12:04 | INFO     | ImageManager:112 | [ImageManager] Bắt đầu dọn dẹp thư mục ảnh cũ cho Game mới...
2026-06-01 00:12:04 | INFO     | ImageManager:123 | [ImageManager] Dọn dẹp thư mục ảnh hoàn tất.
2026-06-01 00:12:22 | INFO     | Orchestration:149 | Người chơi chọn ý tưởng: 'the gioi mo'
2026-06-01 00:12:22 | INFO     | StoryDirector:92 | [StoryDirector] Đang tạo World Bible từ ý tưởng người chơi...
2026-06-01 00:12:24 | DEBUG    | StoryDirector:98 | [StoryDirector] Đã lưu World Bible xuống file: ./data/world_bible.json
2026-06-01 00:12:24 | DEBUG    | Orchestration:164 | World State Loaded: The Gioi Mo RPG | ['Open-World', 'Fantasy']
2026-06-01 00:12:24 | INFO     | Orchestration:168 | Khởi tạo Location đầu tiên...
2026-06-01 00:12:24 | INFO     | StoryDirector:106 | [StoryDirector] Đang khởi tạo địa điểm xuất phát cho thế giới 'The Gioi Mo RPG'...
2026-06-01 00:12:26 | INFO     | StoryDirector:111 | [StoryDirector] Đang khởi tạo các npc quan trọng cho thế giới 'The Gioi Mo RPG'...
2026-06-01 00:12:30 | DEBUG    | BaseManager:75 | [Locations] Đã lưu thành công 'Rừng Thiên Thạch'.
2026-06-01 00:12:30 | WARNING  | BaseManager:78 | [NPCs] Đã chặn lỗi chèn trùng lặp (UNIQUE constraint) với: 'Thần Tể Thuỷ'
2026-06-01 00:12:30 | WARNING  | BaseManager:78 | [NPCs] Đã chặn lỗi chèn trùng lặp (UNIQUE constraint) với: 'Kẻ Dệt Hư Vô'
2026-06-01 00:12:30 | WARNING  | BaseManager:78 | [NPCs] Đã chặn lỗi chèn trùng lặp (UNIQUE constraint) với: 'Hộ Pháp Sách Cổ'
2026-06-01 00:12:30 | WARNING  | BaseManager:78 | [NPCs] Đã chặn lỗi chèn trùng lặp (UNIQUE constraint) với: 'Nữ Chiến Sĩ Bão Lửa'
2026-06-01 00:12:30 | WARNING  | BaseManager:78 | [NPCs] Đã chặn lỗi chèn trùng lặp (UNIQUE constraint) với: 'Người Lữ Hành Mơ Mộng'
2026-06-01 00:12:30 | INFO     | ImageManager:45 | [ImageManager] Đang vẽ bối cảnh mới: 'Rừng Thiên Thạch'...
2026-06-01 00:12:30 | WARNING  | ImageManager:59 | [ImageManager] Tạo ảnh bối cảnh 'Rừng Thiên Thạch' thất bại.
2026-06-01 00:12:32 | INFO     | AudioManager:72 | [Audio] Đang phát nhạc: sợ hãi (binh_thuong.mp3)
2026-06-01 00:12:32 | INFO     | StoryDirector:139 | [StoryDirector] Bắt đầu sinh phân đoạn truyện mở đầu tại 'Rừng Thiên Thạch'...
2026-06-01 00:12:34 | INFO     | Orchestration:222 | Lưu ký ức Prologue (Turn 0)...
2026-06-01 00:12:34 | DEBUG    | MemoryManager:209 | [ShortTermMemory] Đã cập nhật Context Window hiện tại (Size: 1).
2026-06-01 00:12:34 | DEBUG    | DatabaseManager:92 | [Database] Đã ghi một ký ức mới vào Turn 0.
2026-06-01 00:12:34 | DEBUG    | MemoryProcessor:235 | [MemoryProcessor] Đã lưu 1 Episode Ký ức vào CSDL và VectorDB.
2026-06-01 00:12:34 | INFO     | StoryDirector:75 | [StoryDirector] Đang tính toán các lựa chọn tiếp theo...
2026-06-01 00:12:35 | DEBUG    | StoryDirector:86 | [StoryDirector] Đã tạo thành công 3 lựa chọn khả thi.
2026-06-01 00:12:35 | INFO     | Orchestration:241 | === BẮT ĐẦU VÒNG LẶP GAME CHÍNH (GAME LOOP) ===
2026-06-01 00:13:04 | INFO     | Orchestration:66 | [Turn Start] Player Input: 'Tôi bước vào trung tâm vòng tròn để cảm nhận năng lượng kỳ lạ.'
2026-06-01 00:13:05 | DEBUG    | ActionProcessor:32 | [ActionManager] Đã tải thành công file action_directives.yaml!
2026-06-01 00:13:05 | DEBUG    | MemoryProcessor:134 | [MemoryProcessor] Truy vấn FAISS: 'Bước vào trung tâm vòng tròn huyền bí ở Rừng Thiên Thạch'
2026-06-01 00:13:05 | DEBUG    | MemoryManager:172 | [VectorDB Search] 'Bước vào trung tâm vòng tròn huyền bí ở Rừng Thiên Thạch' -> Trả về 6 kết quả.
2026-06-01 00:13:05 | ERROR    | MemoryProcessor:191 | [MemoryProcessor] Lỗi hệ thống RAG Lai: no such column: memory_id
Traceback (most recent call last):
  File "D:\D\HOCTAP\TDTT\AI-Adventure-Game\engine\Subengine\MemoryProcessor.py", line 151, in get_hybrid_context
    memories_raw = await self.db.get_memories_by_ids(unique_memory_ids) if unique_memory_ids else []
                   ^^^^^^^^^^^^^^^^^^^^^^^^^^^^^^^^^^^^^^^^^^^^^^^^^^^^
  File "D:\D\HOCTAP\TDTT\AI-Adventure-Game\engine\DataManager\DatabaseManager.py", line 101, in get_memories_by_ids
    return await self.memory_manager.get_memories_by_ids(memory_ids)
           ^^^^^^^^^^^^^^^^^^^^^^^^^^^^^^^^^^^^^^^^^^^^^^^^^^^^^^^^^
  File "D:\D\HOCTAP\TDTT\AI-Adventure-Game\engine\DataManager\EntityManager\MemoryManager.py", line 39, in get_memories_by_ids
    async with self.conn.execute(query, tuple(memory_ids)) as cursor:
  File "D:\D\HOCTAP\TDTT\.venv\Lib\site-packages\aiosqlite\context.py", line 41, in __aenter__
    self._obj = await self._coro
                ^^^^^^^^^^^^^^^^
  File "D:\D\HOCTAP\TDTT\.venv\Lib\site-packages\aiosqlite\core.py", line 223, in execute
    cursor = await self._execute(self._conn.execute, sql, parameters)
             ^^^^^^^^^^^^^^^^^^^^^^^^^^^^^^^^^^^^^^^^^^^^^^^^^^^^^^^^
  File "D:\D\HOCTAP\TDTT\.venv\Lib\site-packages\aiosqlite\core.py", line 160, in _execute
    return await future
           ^^^^^^^^^^^^
  File "D:\D\HOCTAP\TDTT\.venv\Lib\site-packages\aiosqlite\core.py", line 63, in _connection_worker_thread
    result = function()
             ^^^^^^^^^^
sqlite3.OperationalError: no such column: memory_id
2026-06-01 00:13:05 | DEBUG    | StoryDirector:51 | [StoryDirector] Bắt đầu sinh luồng truyện (Streaming) cho hành động: 'Tôi bước vào trung tâm vòng tròn để cảm nhận năng ...'
2026-06-01 00:13:05 | DEBUG    | Orchestration:85 | [Profile] Time to First Token (TTFT): 0.304s
2026-06-01 00:13:09 | DEBUG    | StateProcessor:359 | [Profile] Background Tasks (State Extraction): 3.481s
2026-06-01 00:13:11 | INFO     | StateProcessor:49 | >> [Hệ Thống] Phát hiện khu vực mới: Trung tâm vòng tròn. Đang tải ảnh nền...
2026-06-01 00:13:11 | INFO     | ImageManager:45 | [ImageManager] Đang vẽ bối cảnh mới: 'Trung tâm vòng tròn'...
2026-06-01 00:13:11 | WARNING  | ImageManager:59 | [ImageManager] Tạo ảnh bối cảnh 'Trung tâm vòng tròn' thất bại.
2026-06-01 00:13:11 | DEBUG    | BaseManager:75 | [Locations] Đã lưu thành công 'Trung tâm vòng tròn'.
2026-06-01 00:13:13 | INFO     | StateProcessor:273 | [Quest] Nhiệm vụ phụ mới: Tiếng vọng của hư không
2026-06-01 00:13:13 | INFO     | AudioManager:72 | [Audio] Đang phát nhạc: bình thường (binh_thuong.mp3)
2026-06-01 00:13:13 | DEBUG    | MemoryManager:209 | [ShortTermMemory] Đã cập nhật Context Window hiện tại (Size: 2).
2026-06-01 00:13:13 | DEBUG    | DatabaseManager:92 | [Database] Đã ghi một ký ức mới vào Turn 1.
2026-06-01 00:13:13 | DEBUG    | MemoryProcessor:235 | [MemoryProcessor] Đã lưu 1 Episode Ký ức vào CSDL và VectorDB.
2026-06-01 00:13:13 | INFO     | StoryDirector:75 | [StoryDirector] Đang tính toán các lựa chọn tiếp theo...
2026-06-01 00:13:15 | DEBUG    | StoryDirector:86 | [StoryDirector] Đã tạo thành công 3 lựa chọn khả thi.
2026-06-01 00:13:15 | INFO     | Orchestration:119 | [Groq Tokens] TỔNG CỘNG: 7428 (QueryAgent: 566 | LocationAgent: 1350 | NPCAgent: 1622 | StoryAgent: 1433 | ChoiceAgent: 1821 | WorldGenerateAgent: 636)
2026-06-01 00:13:15 | DEBUG    | Orchestration:121 | [Profile] Tổng thời gian Turn: 10.640s
2026-06-01 00:14:24 | INFO     | Orchestration:66 | [Turn Start] Player Input: 'Tôi quan sát xung quanh để tìm cửa ra.'
2026-06-01 00:14:35 | DEBUG    | ActionProcessor:32 | [ActionManager] Đã tải thành công file action_directives.yaml!
2026-06-01 00:14:36 | DEBUG    | MemoryProcessor:134 | [MemoryProcessor] Truy vấn FAISS: 'Tìm cửa ra khỏi vòng tròn huyền bí'
2026-06-01 00:14:36 | DEBUG    | MemoryManager:172 | [VectorDB Search] 'Tìm cửa ra khỏi vòng tròn huyền bí' -> Trả về 6 kết quả.
2026-06-01 00:14:36 | ERROR    | MemoryProcessor:191 | [MemoryProcessor] Lỗi hệ thống RAG Lai: no such column: memory_id
Traceback (most recent call last):
  File "D:\D\HOCTAP\TDTT\AI-Adventure-Game\engine\Subengine\MemoryProcessor.py", line 151, in get_hybrid_context
    memories_raw = await self.db.get_memories_by_ids(unique_memory_ids) if unique_memory_ids else []
                   ^^^^^^^^^^^^^^^^^^^^^^^^^^^^^^^^^^^^^^^^^^^^^^^^^^^^
  File "D:\D\HOCTAP\TDTT\AI-Adventure-Game\engine\DataManager\DatabaseManager.py", line 101, in get_memories_by_ids
    return await self.memory_manager.get_memories_by_ids(memory_ids)
           ^^^^^^^^^^^^^^^^^^^^^^^^^^^^^^^^^^^^^^^^^^^^^^^^^^^^^^^^^
  File "D:\D\HOCTAP\TDTT\AI-Adventure-Game\engine\DataManager\EntityManager\MemoryManager.py", line 39, in get_memories_by_ids
    async with self.conn.execute(query, tuple(memory_ids)) as cursor:
  File "D:\D\HOCTAP\TDTT\.venv\Lib\site-packages\aiosqlite\context.py", line 41, in __aenter__
    self._obj = await self._coro
                ^^^^^^^^^^^^^^^^
  File "D:\D\HOCTAP\TDTT\.venv\Lib\site-packages\aiosqlite\core.py", line 223, in execute
    cursor = await self._execute(self._conn.execute, sql, parameters)
             ^^^^^^^^^^^^^^^^^^^^^^^^^^^^^^^^^^^^^^^^^^^^^^^^^^^^^^^^
  File "D:\D\HOCTAP\TDTT\.venv\Lib\site-packages\aiosqlite\core.py", line 160, in _execute
    return await future
           ^^^^^^^^^^^^
  File "D:\D\HOCTAP\TDTT\.venv\Lib\site-packages\aiosqlite\core.py", line 63, in _connection_worker_thread
    result = function()
             ^^^^^^^^^^
sqlite3.OperationalError: no such column: memory_id
2026-06-01 00:14:36 | DEBUG    | StoryDirector:51 | [StoryDirector] Bắt đầu sinh luồng truyện (Streaming) cho hành động: 'Tôi quan sát xung quanh để tìm cửa ra....'
2026-06-01 00:14:36 | DEBUG    | Orchestration:85 | [Profile] Time to First Token (TTFT): 0.264s
2026-06-01 00:14:39 | DEBUG    | StateProcessor:359 | [Profile] Background Tasks (State Extraction): 1.544s
2026-06-01 00:14:55 | INFO     | StateProcessor:273 | [Quest] Nhiệm vụ phụ mới: Tiếng Vọng Từ Khe Nứt
2026-06-01 00:14:55 | INFO     | AudioManager:72 | [Audio] Đang phát nhạc: căng thẳng (hoi_hop.mp3)
2026-06-01 00:14:55 | DEBUG    | MemoryManager:209 | [ShortTermMemory] Đã cập nhật Context Window hiện tại (Size: 3).
2026-06-01 00:14:55 | DEBUG    | DatabaseManager:92 | [Database] Đã ghi một ký ức mới vào Turn 2.
2026-06-01 00:14:55 | DEBUG    | MemoryProcessor:235 | [MemoryProcessor] Đã lưu 1 Episode Ký ức vào CSDL và VectorDB.
2026-06-01 00:14:55 | INFO     | StoryDirector:75 | [StoryDirector] Đang tính toán các lựa chọn tiếp theo...
2026-06-01 00:14:56 | DEBUG    | StoryDirector:86 | [StoryDirector] Đã tạo thành công 3 lựa chọn khả thi.
2026-06-01 00:14:56 | INFO     | Orchestration:119 | [Groq Tokens] TỔNG CỘNG: 2022 (QueryAgent: 585 | StoryAgent: 689 | ChoiceAgent: 748)
2026-06-01 00:14:56 | DEBUG    | Orchestration:121 | [Profile] Tổng thời gian Turn: 21.176s
2026-06-01 00:17:25 | INFO     | Orchestration:66 | [Turn Start] Player Input: 'Tôi theo dõi nguồn ánh sáng chớp nháy để xác định mối nguy hiểm tiềm ẩn.'
2026-06-01 00:17:26 | DEBUG    | ActionProcessor:32 | [ActionManager] Đã tải thành công file action_directives.yaml!
2026-06-01 00:17:26 | DEBUG    | MemoryProcessor:134 | [MemoryProcessor] Truy vấn FAISS: 'theo dõi nguồn ánh sáng chớp nháy'
2026-06-01 00:17:26 | DEBUG    | MemoryManager:172 | [VectorDB Search] 'theo dõi nguồn ánh sáng chớp nháy' -> Trả về 6 kết quả.
2026-06-01 00:17:26 | ERROR    | MemoryProcessor:191 | [MemoryProcessor] Lỗi hệ thống RAG Lai: no such column: memory_id
Traceback (most recent call last):
  File "D:\D\HOCTAP\TDTT\AI-Adventure-Game\engine\Subengine\MemoryProcessor.py", line 151, in get_hybrid_context
    memories_raw = await self.db.get_memories_by_ids(unique_memory_ids) if unique_memory_ids else []
                   ^^^^^^^^^^^^^^^^^^^^^^^^^^^^^^^^^^^^^^^^^^^^^^^^^^^^
  File "D:\D\HOCTAP\TDTT\AI-Adventure-Game\engine\DataManager\DatabaseManager.py", line 101, in get_memories_by_ids
    return await self.memory_manager.get_memories_by_ids(memory_ids)
           ^^^^^^^^^^^^^^^^^^^^^^^^^^^^^^^^^^^^^^^^^^^^^^^^^^^^^^^^^
  File "D:\D\HOCTAP\TDTT\AI-Adventure-Game\engine\DataManager\EntityManager\MemoryManager.py", line 39, in get_memories_by_ids
    async with self.conn.execute(query, tuple(memory_ids)) as cursor:
  File "D:\D\HOCTAP\TDTT\.venv\Lib\site-packages\aiosqlite\context.py", line 41, in __aenter__
    self._obj = await self._coro
                ^^^^^^^^^^^^^^^^
  File "D:\D\HOCTAP\TDTT\.venv\Lib\site-packages\aiosqlite\core.py", line 223, in execute
    cursor = await self._execute(self._conn.execute, sql, parameters)
             ^^^^^^^^^^^^^^^^^^^^^^^^^^^^^^^^^^^^^^^^^^^^^^^^^^^^^^^^
  File "D:\D\HOCTAP\TDTT\.venv\Lib\site-packages\aiosqlite\core.py", line 160, in _execute
    return await future
           ^^^^^^^^^^^^
  File "D:\D\HOCTAP\TDTT\.venv\Lib\site-packages\aiosqlite\core.py", line 63, in _connection_worker_thread
    result = function()
             ^^^^^^^^^^
sqlite3.OperationalError: no such column: memory_id
2026-06-01 00:17:26 | DEBUG    | StoryDirector:51 | [StoryDirector] Bắt đầu sinh luồng truyện (Streaming) cho hành động: 'Tôi theo dõi nguồn ánh sáng chớp nháy để xác định ...'
2026-06-01 00:17:27 | DEBUG    | Orchestration:85 | [Profile] Time to First Token (TTFT): 0.395s
2026-06-01 00:17:43 | DEBUG    | StateProcessor:359 | [Profile] Background Tasks (State Extraction): 15.082s
2026-06-01 00:17:43 | INFO     | StateProcessor:186 | [Hệ Thống] ---> THAY ĐỔI TÚI ĐỒ <---
2026-06-01 00:17:44 | INFO     | ImageManager:95 | [ImageManager] Đang vẽ vật phẩm mới: 'Thiết bị cảm biến'...
2026-06-01 00:17:44 | WARNING  | ImageManager:107 | [ImageManager] Tạo ảnh vật phẩm 'Thiết bị cảm biến' thất bại.
2026-06-01 00:17:44 | INFO     | StateProcessor:212 |  [+] Nhận được: Thiết bị cảm biến
2026-06-01 00:17:44 | INFO     | StateProcessor:238 |  [Balo hiện tại]: Thiết bị cảm biến
2026-06-01 00:17:47 | DEBUG    | MemoryManager:209 | [ShortTermMemory] Đã cập nhật Context Window hiện tại (Size: 4).
2026-06-01 00:17:47 | DEBUG    | DatabaseManager:92 | [Database] Đã ghi một ký ức mới vào Turn 3.
2026-06-01 00:17:47 | DEBUG    | MemoryProcessor:235 | [MemoryProcessor] Đã lưu 1 Episode Ký ức vào CSDL và VectorDB.
2026-06-01 00:17:47 | INFO     | StoryDirector:75 | [StoryDirector] Đang tính toán các lựa chọn tiếp theo...
2026-06-01 00:17:49 | DEBUG    | StoryDirector:86 | [StoryDirector] Đã tạo thành công 3 lựa chọn khả thi.
2026-06-01 00:17:49 | INFO     | Orchestration:119 | [Groq Tokens] TỔNG CỘNG: 2382 (QueryAgent: 847 | StoryAgent: 672 | ChoiceAgent: 863)
2026-06-01 00:17:49 | DEBUG    | Orchestration:121 | [Profile] Tổng thời gian Turn: 23.547s
2026-06-01 00:19:16 | INFO     | Orchestration:66 | [Turn Start] Player Input: 'Tôi nhấn vào nút phát sáng trên thiết bị để đọc thông điệp chi tiết.'
2026-06-01 00:19:16 | DEBUG    | ActionProcessor:32 | [ActionManager] Đã tải thành công file action_directives.yaml!
2026-06-01 00:19:16 | INFO     | ActionProcessor:91 | [ActionManager] 🎲 Sự kiện NPC xuất hiện (Xí ngầu: 17/25)
2026-06-01 00:19:17 | DEBUG    | MemoryProcessor:134 | [MemoryProcessor] Truy vấn FAISS: 'thiết bị cảm biến hệ thống RAG quá tải'
2026-06-01 00:19:17 | DEBUG    | MemoryManager:172 | [VectorDB Search] 'thiết bị cảm biến hệ thống RAG quá tải' -> Trả về 7 kết quả.
2026-06-01 00:19:17 | ERROR    | MemoryProcessor:191 | [MemoryProcessor] Lỗi hệ thống RAG Lai: no such column: memory_id
Traceback (most recent call last):
  File "D:\D\HOCTAP\TDTT\AI-Adventure-Game\engine\Subengine\MemoryProcessor.py", line 151, in get_hybrid_context
    memories_raw = await self.db.get_memories_by_ids(unique_memory_ids) if unique_memory_ids else []
                   ^^^^^^^^^^^^^^^^^^^^^^^^^^^^^^^^^^^^^^^^^^^^^^^^^^^^
  File "D:\D\HOCTAP\TDTT\AI-Adventure-Game\engine\DataManager\DatabaseManager.py", line 101, in get_memories_by_ids
    return await self.memory_manager.get_memories_by_ids(memory_ids)
           ^^^^^^^^^^^^^^^^^^^^^^^^^^^^^^^^^^^^^^^^^^^^^^^^^^^^^^^^^
  File "D:\D\HOCTAP\TDTT\AI-Adventure-Game\engine\DataManager\EntityManager\MemoryManager.py", line 39, in get_memories_by_ids
    async with self.conn.execute(query, tuple(memory_ids)) as cursor:
  File "D:\D\HOCTAP\TDTT\.venv\Lib\site-packages\aiosqlite\context.py", line 41, in __aenter__
    self._obj = await self._coro
                ^^^^^^^^^^^^^^^^
  File "D:\D\HOCTAP\TDTT\.venv\Lib\site-packages\aiosqlite\core.py", line 223, in execute
    cursor = await self._execute(self._conn.execute, sql, parameters)
             ^^^^^^^^^^^^^^^^^^^^^^^^^^^^^^^^^^^^^^^^^^^^^^^^^^^^^^^^
  File "D:\D\HOCTAP\TDTT\.venv\Lib\site-packages\aiosqlite\core.py", line 160, in _execute
    return await future
           ^^^^^^^^^^^^
  File "D:\D\HOCTAP\TDTT\.venv\Lib\site-packages\aiosqlite\core.py", line 63, in _connection_worker_thread
    result = function()
             ^^^^^^^^^^
sqlite3.OperationalError: no such column: memory_id
2026-06-01 00:19:17 | DEBUG    | StoryDirector:51 | [StoryDirector] Bắt đầu sinh luồng truyện (Streaming) cho hành động: 'Tôi nhấn vào nút phát sáng trên thiết bị để đọc th...'
2026-06-01 00:19:17 | DEBUG    | Orchestration:85 | [Profile] Time to First Token (TTFT): 0.415s
2026-06-01 00:19:20 | DEBUG    | StateProcessor:359 | [Profile] Background Tasks (State Extraction): 1.249s
2026-06-01 00:19:20 | INFO     | StateProcessor:126 | [Cloud] Đang tạo hàng loạt NPC mới: ['Người mặc áo choàng xám']...
2026-06-01 00:19:22 | INFO     | ImageManager:73 | [ImageManager] Đang vẽ NPC mới: 'Người mặc áo choàng xám'...
2026-06-01 00:19:22 | WARNING  | ImageManager:83 | [ImageManager] Tạo ảnh NPC 'Người mặc áo choàng xám' thất bại.
2026-06-01 00:19:22 | DEBUG    | BaseManager:75 | [NPCs] Đã lưu thành công 'Người mặc áo choàng xám'.
2026-06-01 00:19:35 | DEBUG    | MemoryManager:209 | [ShortTermMemory] Đã cập nhật Context Window hiện tại (Size: 4).
2026-06-01 00:19:35 | DEBUG    | DatabaseManager:92 | [Database] Đã ghi một ký ức mới vào Turn 4.
2026-06-01 00:19:35 | ERROR    | Orchestration:277 | [Game Loop] Lỗi nghiêm trọng ở Turn hiện tại: foreign key mismatch - "MEMORY_NPC" referencing "Memory"
Traceback (most recent call last):
  File "D:\D\HOCTAP\TDTT\AI-Adventure-Game\engine\Orchestration.py", line 275, in run
    await self._process_game_turn(resolved_input)
  File "D:\D\HOCTAP\TDTT\AI-Adventure-Game\engine\Orchestration.py", line 101, in _process_game_turn
    await self.memory_sys.save_turn(player_input=player_input,
  File "D:\D\HOCTAP\TDTT\AI-Adventure-Game\engine\Subengine\MemoryProcessor.py", line 227, in save_turn
    await self.db.link_memory_to_npc(npc_name, memory_id)
  File "D:\D\HOCTAP\TDTT\AI-Adventure-Game\engine\DataManager\DatabaseManager.py", line 136, in link_memory_to_npc
    await self.conn.execute(query, (npc_id, memory_id))
  File "D:\D\HOCTAP\TDTT\.venv\Lib\site-packages\aiosqlite\core.py", line 223, in execute
    cursor = await self._execute(self._conn.execute, sql, parameters)
             ^^^^^^^^^^^^^^^^^^^^^^^^^^^^^^^^^^^^^^^^^^^^^^^^^^^^^^^^
  File "D:\D\HOCTAP\TDTT\.venv\Lib\site-packages\aiosqlite\core.py", line 160, in _execute
    return await future
           ^^^^^^^^^^^^
  File "D:\D\HOCTAP\TDTT\.venv\Lib\site-packages\aiosqlite\core.py", line 63, in _connection_worker_thread
    result = function()
             ^^^^^^^^^^
sqlite3.OperationalError: foreign key mismatch - "MEMORY_NPC" referencing "Memory"
2026-06-01 00:20:11 | INFO     | Orchestration:247 | Người chơi thoát game an toàn. Đang đóng CSDL...
2026-06-01 00:27:00 | INFO     | Orchestration:23 | Đang khởi tạo hệ thống Eldoria Game Engine...
2026-06-01 00:27:00 | DEBUG    | ImageManager:22 | [ImageManager] Đã khởi tạo các thư mục bộ nhớ đệm ảnh.
2026-06-01 00:27:01 | INFO     | MemoryManager:20 | [VectorDB] Đang khởi tạo Embedding Model từ: bkai-foundation-models/vietnamese-bi-encoder...
2026-06-01 00:27:08 | INFO     | MemoryManager:104 | [VectorDB] Khôi phục thành công 8 ký ức từ ổ cứng.
2026-06-01 00:27:08 | DEBUG    | MemoryProcessor:21 | [MemoryProcessor] Đã khởi tạo hệ thống xử lý Ký ức.
2026-06-01 00:27:13 | DEBUG    | StoryDirector:29 | [StoryDirector] Đã khởi tạo các Cloud Agents (Llama-3 & Qwen).
2026-06-01 00:27:13 | INFO     | Orchestration:58 | Hệ thống đã sẵn sàng!
2026-06-01 00:27:13 | INFO     | Orchestration:140 | Bắt đầu khởi tạo phiên chơi mới - Dọn dẹp dữ liệu...
2026-06-01 00:27:13 | INFO     | DatabaseManager:35 | [Database] Đã mở kết nối bất đồng bộ tới ./data/World.db
2026-06-01 00:27:13 | ERROR    | DatabaseManager:127 | [Database Lỗi] Lỗi SQLite ở bảng 'MEMORY_NPC': foreign key mismatch - "MEMORY_NPC" referencing "Memory"
2026-06-01 00:27:13 | ERROR    | DatabaseManager:127 | [Database Lỗi] Lỗi SQLite ở bảng 'Memory': foreign key mismatch - "MEMORY_NPC" referencing "Memory"
2026-06-01 00:27:13 | ERROR    | DatabaseManager:129 | [Database Lỗi] Lỗi không xác định ở bảng 'Locations': FOREIGN KEY constraint failed
Traceback (most recent call last):
  File "D:\D\HOCTAP\TDTT\AI-Adventure-Game\engine\DataManager\DatabaseManager.py", line 118, in reset_database
    await self.conn.execute(f"DELETE FROM {table}")
  File "D:\D\HOCTAP\TDTT\.venv\Lib\site-packages\aiosqlite\core.py", line 223, in execute
    cursor = await self._execute(self._conn.execute, sql, parameters)
             ^^^^^^^^^^^^^^^^^^^^^^^^^^^^^^^^^^^^^^^^^^^^^^^^^^^^^^^^
  File "D:\D\HOCTAP\TDTT\.venv\Lib\site-packages\aiosqlite\core.py", line 160, in _execute
    return await future
           ^^^^^^^^^^^^
  File "D:\D\HOCTAP\TDTT\.venv\Lib\site-packages\aiosqlite\core.py", line 63, in _connection_worker_thread
    result = function()
             ^^^^^^^^^^
sqlite3.IntegrityError: FOREIGN KEY constraint failed
2026-06-01 00:27:13 | INFO     | DatabaseManager:133 | [Database] Đã dọn dẹp sạch sẽ toàn bộ dữ liệu SQLite!
2026-06-01 00:27:13 | WARNING  | DatabaseManager:84 | [Database] Schema Memory cu/khong hop le. Tao lai Memory va MEMORY_NPC.
2026-06-01 00:27:13 | INFO     | DatabaseManager:56 | [Database] Khởi tạo các bảng SQL thành công!
2026-06-01 00:27:13 | INFO     | ImageManager:112 | [ImageManager] Bắt đầu dọn dẹp thư mục ảnh cũ cho Game mới...
2026-06-01 00:27:13 | INFO     | ImageManager:123 | [ImageManager] Dọn dẹp thư mục ảnh hoàn tất.
2026-06-01 00:29:00 | INFO     | Orchestration:149 | Người chơi chọn ý tưởng: 'exi'
2026-06-01 00:29:00 | INFO     | StoryDirector:92 | [StoryDirector] Đang tạo World Bible từ ý tưởng người chơi...
2026-06-01 00:29:02 | DEBUG    | StoryDirector:98 | [StoryDirector] Đã lưu World Bible xuống file: ./data/world_bible.json
2026-06-01 00:29:02 | DEBUG    | Orchestration:164 | World State Loaded: ExiVerse | ['Existential Fantasy', 'Post-Apocalyptic Survival']
2026-06-01 00:29:02 | INFO     | Orchestration:168 | Khởi tạo Location đầu tiên...
2026-06-01 00:29:02 | INFO     | StoryDirector:106 | [StoryDirector] Đang khởi tạo địa điểm xuất phát cho thế giới 'ExiVerse'...
2026-06-01 00:29:04 | INFO     | StoryDirector:111 | [StoryDirector] Đang khởi tạo các npc quan trọng cho thế giới 'ExiVerse'...
2026-06-01 00:29:08 | DEBUG    | BaseManager:75 | [Locations] Đã lưu thành công 'Vùng Ruins Biếc Tựa Giấc Mơ'.
2026-06-01 00:29:08 | WARNING  | BaseManager:78 | [NPCs] Đã chặn lỗi chèn trùng lặp (UNIQUE constraint) với: 'Dr. Elara Voss'
2026-06-01 00:29:08 | WARNING  | BaseManager:78 | [NPCs] Đã chặn lỗi chèn trùng lặp (UNIQUE constraint) với: 'Lord Kael Drenn'
2026-06-01 00:29:08 | WARNING  | BaseManager:78 | [NPCs] Đã chặn lỗi chèn trùng lặp (UNIQUE constraint) với: 'Seris the Hollow'
2026-06-01 00:29:08 | WARNING  | BaseManager:78 | [NPCs] Đã chặn lỗi chèn trùng lặp (UNIQUE constraint) với: 'Aelion the Fractured'
2026-06-01 00:29:08 | INFO     | ImageManager:45 | [ImageManager] Đang vẽ bối cảnh mới: 'Vùng Ruins Biếc Tựa Giấc Mơ'...
2026-06-01 00:29:09 | WARNING  | ImageManager:59 | [ImageManager] Tạo ảnh bối cảnh 'Vùng Ruins Biếc Tựa Giấc Mơ' thất bại.
2026-06-01 00:29:10 | INFO     | AudioManager:72 | [Audio] Đang phát nhạc: buồn (buon.mp3)
2026-06-01 00:29:10 | INFO     | StoryDirector:139 | [StoryDirector] Bắt đầu sinh phân đoạn truyện mở đầu tại 'Vùng Ruins Biếc Tựa Giấc Mơ'...
2026-06-01 00:29:11 | INFO     | Orchestration:222 | Lưu ký ức Prologue (Turn 0)...
2026-06-01 00:29:11 | DEBUG    | MemoryManager:209 | [ShortTermMemory] Đã cập nhật Context Window hiện tại (Size: 1).
2026-06-01 00:29:11 | DEBUG    | DatabaseManager:142 | [Database] Đã ghi một ký ức mới vào Turn 0.
2026-06-01 00:29:11 | DEBUG    | MemoryProcessor:235 | [MemoryProcessor] Đã lưu 1 Episode Ký ức vào CSDL và VectorDB.
2026-06-01 00:29:11 | INFO     | StoryDirector:75 | [StoryDirector] Đang tính toán các lựa chọn tiếp theo...
2026-06-01 00:29:13 | DEBUG    | StoryDirector:86 | [StoryDirector] Đã tạo thành công 3 lựa chọn khả thi.
2026-06-01 00:29:13 | INFO     | Orchestration:241 | === BẮT ĐẦU VÒNG LẶP GAME CHÍNH (GAME LOOP) ===
2026-06-01 00:29:15 | INFO     | Orchestration:247 | Người chơi thoát game an toàn. Đang đóng CSDL...
2026-06-01 00:31:20 | INFO     | Orchestration:23 | Đang khởi tạo hệ thống Eldoria Game Engine...
2026-06-01 00:31:20 | DEBUG    | ImageManager:22 | [ImageManager] Đã khởi tạo các thư mục bộ nhớ đệm ảnh.
2026-06-01 00:31:21 | INFO     | MemoryManager:20 | [VectorDB] Đang khởi tạo Embedding Model từ: bkai-foundation-models/vietnamese-bi-encoder...
2026-06-01 00:31:27 | INFO     | MemoryManager:104 | [VectorDB] Khôi phục thành công 8 ký ức từ ổ cứng.
2026-06-01 00:31:28 | DEBUG    | MemoryProcessor:21 | [MemoryProcessor] Đã khởi tạo hệ thống xử lý Ký ức.
2026-06-01 00:31:33 | DEBUG    | StoryDirector:29 | [StoryDirector] Đã khởi tạo các Cloud Agents (Llama-3 & Qwen).
2026-06-01 00:31:33 | INFO     | Orchestration:58 | Hệ thống đã sẵn sàng!
2026-06-01 00:31:33 | INFO     | Orchestration:140 | Bắt đầu khởi tạo phiên chơi mới - Dọn dẹp dữ liệu...
2026-06-01 00:31:33 | INFO     | DatabaseManager:35 | [Database] Đã mở kết nối bất đồng bộ tới ./data/World.db
2026-06-01 00:31:33 | INFO     | DatabaseManager:134 | [Database] Đã dọn dẹp sạch sẽ toàn bộ dữ liệu SQLite!
2026-06-01 00:31:33 | INFO     | DatabaseManager:56 | [Database] Khởi tạo các bảng SQL thành công!
2026-06-01 00:31:33 | INFO     | ImageManager:112 | [ImageManager] Bắt đầu dọn dẹp thư mục ảnh cũ cho Game mới...
2026-06-01 00:31:33 | INFO     | ImageManager:123 | [ImageManager] Dọn dẹp thư mục ảnh hoàn tất.
2026-06-01 00:31:46 | INFO     | Orchestration:149 | Người chơi chọn ý tưởng: 'the gioi mo'
2026-06-01 00:31:46 | INFO     | StoryDirector:92 | [StoryDirector] Đang tạo World Bible từ ý tưởng người chơi...
2026-06-01 00:31:48 | DEBUG    | StoryDirector:98 | [StoryDirector] Đã lưu World Bible xuống file: ./data/world_bible.json
2026-06-01 00:31:48 | DEBUG    | Orchestration:164 | World State Loaded: The Gìøi Mở | ['open-world', 'sandbox']
2026-06-01 00:31:48 | INFO     | Orchestration:168 | Khởi tạo Location đầu tiên...
2026-06-01 00:31:48 | INFO     | StoryDirector:106 | [StoryDirector] Đang khởi tạo địa điểm xuất phát cho thế giới 'The Gìøi Mở'...
2026-06-01 00:31:50 | INFO     | StoryDirector:111 | [StoryDirector] Đang khởi tạo các npc quan trọng cho thế giới 'The Gìøi Mở'...
2026-06-01 00:31:56 | DEBUG    | BaseManager:75 | [Locations] Đã lưu thành công 'Vùng Đất Giật Mình Mở'.
2026-06-01 00:31:56 | WARNING  | BaseManager:78 | [NPCs] Đã chặn lỗi chèn trùng lặp (UNIQUE constraint) với: 'Lyra, Bậc Bảo Trì Thiên Cân'
2026-06-01 00:31:56 | WARNING  | BaseManager:78 | [NPCs] Đã chặn lỗi chèn trùng lặp (UNIQUE constraint) với: 'Vexor, Đế Vương Khốn Khổ'
2026-06-01 00:31:56 | WARNING  | BaseManager:78 | [NPCs] Đã chặn lỗi chèn trùng lặp (UNIQUE constraint) với: 'Auriêlia, Kẻ Dệt Tơ Thực Tại'
2026-06-01 00:31:56 | WARNING  | BaseManager:78 | [NPCs] Đã chặn lỗi chèn trùng lặp (UNIQUE constraint) với: 'Môrva, Hắc Yến Tăm Tối'
2026-06-01 00:31:56 | INFO     | ImageManager:45 | [ImageManager] Đang vẽ bối cảnh mới: 'Vùng Đất Giật Mình Mở'...
2026-06-01 00:31:56 | WARNING  | ImageManager:59 | [ImageManager] Tạo ảnh bối cảnh 'Vùng Đất Giật Mình Mở' thất bại.
2026-06-01 00:32:13 | INFO     | AudioManager:72 | [Audio] Đang phát nhạc: bình thường (binh_thuong.mp3)
2026-06-01 00:32:13 | INFO     | StoryDirector:139 | [StoryDirector] Bắt đầu sinh phân đoạn truyện mở đầu tại 'Vùng Đất Giật Mình Mở'...
2026-06-01 00:32:15 | INFO     | Orchestration:222 | Lưu ký ức Prologue (Turn 0)...
2026-06-01 00:32:15 | DEBUG    | MemoryManager:209 | [ShortTermMemory] Đã cập nhật Context Window hiện tại (Size: 1).
2026-06-01 00:32:15 | DEBUG    | DatabaseManager:148 | [Database] Đã ghi một ký ức mới vào Turn 0.
2026-06-01 00:32:15 | DEBUG    | MemoryProcessor:235 | [MemoryProcessor] Đã lưu 1 Episode Ký ức vào CSDL và VectorDB.
2026-06-01 00:32:15 | INFO     | StoryDirector:75 | [StoryDirector] Đang tính toán các lựa chọn tiếp theo...
2026-06-01 00:32:17 | DEBUG    | StoryDirector:86 | [StoryDirector] Đã tạo thành công 3 lựa chọn khả thi.
2026-06-01 00:32:17 | INFO     | Orchestration:241 | === BẮT ĐẦU VÒNG LẶP GAME CHÍNH (GAME LOOP) ===
2026-06-01 00:32:28 | INFO     | Orchestration:66 | [Turn Start] Player Input: 'Tôi mở cánh cửa Voidspire để bước vào bên trong'
2026-06-01 00:32:29 | DEBUG    | ActionProcessor:32 | [ActionManager] Đã tải thành công file action_directives.yaml!
2026-06-01 00:32:29 | DEBUG    | MemoryProcessor:134 | [MemoryProcessor] Truy vấn FAISS: 'Mở cửa Voidspire'
2026-06-01 00:32:29 | DEBUG    | MemoryManager:172 | [VectorDB Search] 'Mở cửa Voidspire' -> Trả về 8 kết quả.
2026-06-01 00:32:29 | DEBUG    | MemoryProcessor:188 | [Profile] RAG (Hybrid DB+FAISS) hoàn tất trong: 0.412s
2026-06-01 00:32:29 | DEBUG    | StoryDirector:51 | [StoryDirector] Bắt đầu sinh luồng truyện (Streaming) cho hành động: 'Tôi mở cánh cửa Voidspire để bước vào bên trong...'
2026-06-01 00:32:30 | DEBUG    | Orchestration:85 | [Profile] Time to First Token (TTFT): 0.532s
2026-06-01 00:32:37 | DEBUG    | StateProcessor:359 | [Profile] Background Tasks (State Extraction): 5.935s
2026-06-01 00:32:39 | INFO     | StateProcessor:49 | >> [Hệ Thống] Phát hiện khu vực mới: Voidspire. Đang tải ảnh nền...
2026-06-01 00:32:39 | INFO     | ImageManager:45 | [ImageManager] Đang vẽ bối cảnh mới: 'Voidspire'...
2026-06-01 00:32:39 | WARNING  | ImageManager:59 | [ImageManager] Tạo ảnh bối cảnh 'Voidspire' thất bại.
2026-06-01 00:32:39 | DEBUG    | BaseManager:75 | [Locations] Đã lưu thành công 'Voidspire'.
2026-06-01 00:32:41 | INFO     | StateProcessor:273 | [Quest] Nhiệm vụ phụ mới: Dữ liệu bị thất lạc
2026-06-01 00:32:41 | INFO     | AudioManager:72 | [Audio] Đang phát nhạc: rùng rợn (rung_ron.mp3)
2026-06-01 00:32:41 | DEBUG    | MemoryManager:209 | [ShortTermMemory] Đã cập nhật Context Window hiện tại (Size: 2).
2026-06-01 00:32:41 | DEBUG    | DatabaseManager:148 | [Database] Đã ghi một ký ức mới vào Turn 1.
2026-06-01 00:32:41 | DEBUG    | MemoryProcessor:235 | [MemoryProcessor] Đã lưu 1 Episode Ký ức vào CSDL và VectorDB.
2026-06-01 00:32:41 | INFO     | StoryDirector:75 | [StoryDirector] Đang tính toán các lựa chọn tiếp theo...
2026-06-01 00:32:44 | DEBUG    | StoryDirector:86 | [StoryDirector] Đã tạo thành công 3 lựa chọn khả thi.
2026-06-01 00:32:44 | INFO     | Orchestration:119 | [Groq Tokens] TỔNG CỘNG: 9607 (QueryAgent: 675 | LocationAgent: 1480 | NPCAgent: 1564 | StoryAgent: 3043 | ChoiceAgent: 2058 | WorldGenerateAgent: 787)
2026-06-01 00:32:44 | DEBUG    | Orchestration:121 | [Profile] Tổng thời gian Turn: 14.779s
2026-06-01 00:33:03 | INFO     | Orchestration:66 | [Turn Start] Player Input: 'Tôi quan sát các thiết bị công nghệ trên tường.'
2026-06-01 00:33:04 | DEBUG    | ActionProcessor:32 | [ActionManager] Đã tải thành công file action_directives.yaml!
2026-06-01 00:33:05 | DEBUG    | MemoryProcessor:134 | [MemoryProcessor] Truy vấn FAISS: 'Thiết bị công nghệ trên tường Voidspire'
2026-06-01 00:33:05 | DEBUG    | MemoryManager:172 | [VectorDB Search] 'Thiết bị công nghệ trên tường Voidspire' -> Trả về 8 kết quả.
2026-06-01 00:33:05 | DEBUG    | MemoryProcessor:188 | [Profile] RAG (Hybrid DB+FAISS) hoàn tất trong: 0.422s
2026-06-01 00:33:05 | DEBUG    | StoryDirector:51 | [StoryDirector] Bắt đầu sinh luồng truyện (Streaming) cho hành động: 'Tôi quan sát các thiết bị công nghệ trên tường....'
2026-06-01 00:33:05 | DEBUG    | Orchestration:85 | [Profile] Time to First Token (TTFT): 0.441s
2026-06-01 00:33:20 | DEBUG    | StateProcessor:359 | [Profile] Background Tasks (State Extraction): 13.862s
2026-06-01 00:33:22 | INFO     | ImageManager:95 | [ImageManager] Đang vẽ vật phẩm mới: 'Gói dữ liệu phục hồi'...
2026-06-01 00:33:22 | WARNING  | ImageManager:107 | [ImageManager] Tạo ảnh vật phẩm 'Gói dữ liệu phục hồi' thất bại.
2026-06-01 00:33:22 | INFO     | StateProcessor:318 | [Quest] Hoàn thành nhiệm vụ phụ: Dữ liệu bị thất lạc
2026-06-01 00:33:24 | INFO     | StateProcessor:273 | [Quest] Nhiệm vụ phụ mới: Giải mã dữ liệu lỗi
2026-06-01 00:33:24 | INFO     | AudioManager:72 | [Audio] Đang phát nhạc: bình thường (binh_thuong.mp3)
2026-06-01 00:33:24 | DEBUG    | MemoryManager:209 | [ShortTermMemory] Đã cập nhật Context Window hiện tại (Size: 3).
2026-06-01 00:33:24 | DEBUG    | DatabaseManager:148 | [Database] Đã ghi một ký ức mới vào Turn 2.
2026-06-01 00:33:24 | DEBUG    | MemoryProcessor:235 | [MemoryProcessor] Đã lưu 1 Episode Ký ức vào CSDL và VectorDB.
2026-06-01 00:33:24 | INFO     | StoryDirector:75 | [StoryDirector] Đang tính toán các lựa chọn tiếp theo...
2026-06-01 00:33:25 | DEBUG    | StoryDirector:86 | [StoryDirector] Đã tạo thành công 3 lựa chọn khả thi.
2026-06-01 00:33:25 | INFO     | Orchestration:119 | [Groq Tokens] TỔNG CỘNG: 3908 (QueryAgent: 701 | StoryAgent: 2362 | ChoiceAgent: 845)
2026-06-01 00:33:25 | DEBUG    | Orchestration:121 | [Profile] Tổng thời gian Turn: 20.421s
2026-06-01 00:34:24 | INFO     | Orchestration:66 | [Turn Start] Player Input: 'Tôi khám phá thông tin mới trên màn hình điều khiển.'
2026-06-01 00:34:26 | DEBUG    | ActionProcessor:32 | [ActionManager] Đã tải thành công file action_directives.yaml!
2026-06-01 00:34:27 | DEBUG    | MemoryProcessor:134 | [MemoryProcessor] Truy vấn FAISS: 'Khám phá thông tin mới trên màn hình điều khiển Voidspire'
2026-06-01 00:34:27 | DEBUG    | MemoryManager:172 | [VectorDB Search] 'Khám phá thông tin mới trên màn hình điều khiển Voidspire' -> Trả về 8 kết quả.
2026-06-01 00:34:27 | DEBUG    | MemoryProcessor:188 | [Profile] RAG (Hybrid DB+FAISS) hoàn tất trong: 0.557s
2026-06-01 00:34:27 | DEBUG    | StoryDirector:51 | [StoryDirector] Bắt đầu sinh luồng truyện (Streaming) cho hành động: 'Tôi khám phá thông tin mới trên màn hình điều khiể...'
2026-06-01 00:34:27 | DEBUG    | Orchestration:85 | [Profile] Time to First Token (TTFT): 0.866s
2026-06-01 00:34:44 | DEBUG    | StateProcessor:359 | [Profile] Background Tasks (State Extraction): 15.744s
2026-06-01 00:34:48 | INFO     | StateProcessor:273 | [Quest] Nhiệm vụ phụ mới: Giải mã dữ liệu cũ
2026-06-01 00:34:48 | DEBUG    | MemoryManager:209 | [ShortTermMemory] Đã cập nhật Context Window hiện tại (Size: 4).
2026-06-01 00:34:48 | DEBUG    | DatabaseManager:148 | [Database] Đã ghi một ký ức mới vào Turn 3.
2026-06-01 00:34:48 | DEBUG    | MemoryProcessor:235 | [MemoryProcessor] Đã lưu 1 Episode Ký ức vào CSDL và VectorDB.
2026-06-01 00:34:48 | INFO     | StoryDirector:75 | [StoryDirector] Đang tính toán các lựa chọn tiếp theo...
2026-06-01 00:34:50 | DEBUG    | StoryDirector:86 | [StoryDirector] Đã tạo thành công 3 lựa chọn khả thi.
2026-06-01 00:34:50 | INFO     | Orchestration:119 | [Groq Tokens] TỔNG CỘNG: 5050 (QueryAgent: 1092 | StoryAgent: 3123 | ChoiceAgent: 835)
2026-06-01 00:34:50 | DEBUG    | Orchestration:121 | [Profile] Tổng thời gian Turn: 23.591s
2026-06-01 00:35:12 | INFO     | Orchestration:66 | [Turn Start] Player Input: 'Tôi kiểm tra hệ thống an ninh để mở khóa thông tin Dự án Erebus.'
2026-06-01 00:35:14 | DEBUG    | ActionProcessor:32 | [ActionManager] Đã tải thành công file action_directives.yaml!
2026-06-01 00:35:14 | INFO     | ActionProcessor:91 | [ActionManager] 🎲 Sự kiện NPC xuất hiện (Xí ngầu: 7/15)
2026-06-01 00:35:14 | DEBUG    | MemoryProcessor:134 | [MemoryProcessor] Truy vấn FAISS: 'Hệ thống an ninh Voidspire'
2026-06-01 00:35:14 | DEBUG    | MemoryManager:172 | [VectorDB Search] 'Hệ thống an ninh Voidspire' -> Trả về 8 kết quả.
2026-06-01 00:35:14 | DEBUG    | MemoryProcessor:188 | [Profile] RAG (Hybrid DB+FAISS) hoàn tất trong: 0.446s
2026-06-01 00:35:14 | DEBUG    | StoryDirector:51 | [StoryDirector] Bắt đầu sinh luồng truyện (Streaming) cho hành động: 'Tôi kiểm tra hệ thống an ninh để mở khóa thông tin...'
2026-06-01 00:35:15 | DEBUG    | Orchestration:85 | [Profile] Time to First Token (TTFT): 0.563s
2026-06-01 00:35:18 | DEBUG    | StateProcessor:359 | [Profile] Background Tasks (State Extraction): 1.937s
2026-06-01 00:35:18 | INFO     | StateProcessor:186 | [Hệ Thống] ---> THAY ĐỔI TÚI ĐỒ <---
2026-06-01 00:35:18 | INFO     | StateProcessor:126 | [Cloud] Đang tạo hàng loạt NPC mới: ['Cánh tay robot']...
2026-06-01 00:35:19 | INFO     | ImageManager:95 | [ImageManager] Đang vẽ vật phẩm mới: 'Thiết bị giải mã'...
2026-06-01 00:35:19 | WARNING  | ImageManager:107 | [ImageManager] Tạo ảnh vật phẩm 'Thiết bị giải mã' thất bại.
2026-06-01 00:35:19 | INFO     | StateProcessor:212 |  [+] Nhận được: Thiết bị giải mã
2026-06-01 00:35:19 | INFO     | StateProcessor:238 |  [Balo hiện tại]: Gói dữ liệu phục hồi, Thiết bị giải mã
2026-06-01 00:35:19 | INFO     | ImageManager:73 | [ImageManager] Đang vẽ NPC mới: 'Cánh tay robot'...
2026-06-01 00:35:19 | WARNING  | ImageManager:83 | [ImageManager] Tạo ảnh NPC 'Cánh tay robot' thất bại.
2026-06-01 00:35:19 | DEBUG    | BaseManager:75 | [NPCs] Đã lưu thành công 'Cánh tay robot'.
2026-06-01 00:35:30 | INFO     | AudioManager:72 | [Audio] Đang phát nhạc: căng thẳng (hoi_hop.mp3)
2026-06-01 00:35:30 | DEBUG    | MemoryManager:209 | [ShortTermMemory] Đã cập nhật Context Window hiện tại (Size: 4).
2026-06-01 00:35:30 | DEBUG    | DatabaseManager:148 | [Database] Đã ghi một ký ức mới vào Turn 4.
2026-06-01 00:35:30 | DEBUG    | MemoryProcessor:235 | [MemoryProcessor] Đã lưu 1 Episode Ký ức vào CSDL và VectorDB.
2026-06-01 00:35:30 | INFO     | StoryDirector:75 | [StoryDirector] Đang tính toán các lựa chọn tiếp theo...
2026-06-01 00:35:31 | DEBUG    | StoryDirector:86 | [StoryDirector] Đã tạo thành công 3 lựa chọn khả thi.
2026-06-01 00:35:31 | INFO     | Orchestration:119 | [Groq Tokens] TỔNG CỘNG: 7498 (QueryAgent: 1455 | NPCAgent: 1124 | StoryAgent: 3981 | ChoiceAgent: 938)
2026-06-01 00:35:31 | DEBUG    | Orchestration:121 | [Profile] Tổng thời gian Turn: 17.066s
2026-06-01 00:35:58 | INFO     | Orchestration:66 | [Turn Start] Player Input: 'Tôi sử dụng thiết bị để phá mã hóa dữ liệu mới.'
2026-06-01 00:36:11 | DEBUG    | ActionProcessor:32 | [ActionManager] Đã tải thành công file action_directives.yaml!
2026-06-01 00:36:11 | INFO     | ActionProcessor:100 | [ActionManager] 🎲 Sự kiện Địa điểm ẩn (Xí ngầu: 10/43)
2026-06-01 00:36:11 | DEBUG    | MemoryProcessor:134 | [MemoryProcessor] Truy vấn FAISS: 'Sử dụng thiết bị để phá mã hóa dữ liệu mới của Dự án Erebus tại Voidspire với Cánh tay robot'
2026-06-01 00:36:11 | DEBUG    | MemoryManager:172 | [VectorDB Search] 'Sử dụng thiết bị để phá mã hóa dữ liệu mới của Dự án Erebus tại Voidspire với Cánh tay robot' -> Trả về 8 kết quả.
2026-06-01 00:36:11 | DEBUG    | MemoryProcessor:148 | [Deduplication] Bỏ qua ký ức #5 từ FAISS vì đã có trong Lịch sử NPC.
2026-06-01 00:36:11 | DEBUG    | MemoryProcessor:188 | [Profile] RAG (Hybrid DB+FAISS) hoàn tất trong: 0.470s
2026-06-01 00:36:11 | DEBUG    | StoryDirector:51 | [StoryDirector] Bắt đầu sinh luồng truyện (Streaming) cho hành động: 'Tôi sử dụng thiết bị để phá mã hóa dữ liệu mới....'
2026-06-01 00:36:12 | DEBUG    | Orchestration:85 | [Profile] Time to First Token (TTFT): 0.491s
2026-06-01 00:36:15 | DEBUG    | StateProcessor:359 | [Profile] Background Tasks (State Extraction): 2.099s
2026-06-01 00:36:15 | INFO     | StateProcessor:186 | [Hệ Thống] ---> THAY ĐỔI TÚI ĐỒ <---
2026-06-01 00:36:15 | INFO     | StateProcessor:233 |  [-] Bị mất: Thiết bị giải mã
2026-06-01 00:36:15 | INFO     | StateProcessor:238 |  [Balo hiện tại]: Gói dữ liệu phục hồi
2026-06-01 00:36:15 | INFO     | NPCManager:68 | [NPCManager] 💖 Cập nhật Cánh tay robot: Thiện cảm (+5)
2026-06-01 00:36:22 | DEBUG    | MemoryManager:209 | [ShortTermMemory] Đã cập nhật Context Window hiện tại (Size: 4).
2026-06-01 00:36:22 | DEBUG    | DatabaseManager:148 | [Database] Đã ghi một ký ức mới vào Turn 5.
2026-06-01 00:36:22 | DEBUG    | MemoryProcessor:235 | [MemoryProcessor] Đã lưu 1 Episode Ký ức vào CSDL và VectorDB.
2026-06-01 00:36:22 | INFO     | StoryDirector:75 | [StoryDirector] Đang tính toán các lựa chọn tiếp theo...
2026-06-01 00:36:26 | DEBUG    | StoryDirector:86 | [StoryDirector] Đã tạo thành công 3 lựa chọn khả thi.
2026-06-01 00:36:26 | INFO     | Orchestration:119 | [Groq Tokens] TỔNG CỘNG: 5874 (QueryAgent: 1058 | StoryAgent: 3142 | ChoiceAgent: 1674)
2026-06-01 00:36:26 | DEBUG    | Orchestration:121 | [Profile] Tổng thời gian Turn: 14.935s
2026-06-01 00:36:41 | INFO     | Orchestration:66 | [Turn Start] Player Input: 'Tôi chạy nhanh về phía cửa trước khi chúng khóa lại.'
2026-06-01 00:36:55 | DEBUG    | ActionProcessor:32 | [ActionManager] Đã tải thành công file action_directives.yaml!
2026-06-01 00:36:55 | DEBUG    | MemoryProcessor:134 | [MemoryProcessor] Truy vấn FAISS: 'Chạy nhanh về phía cửa sắt trước khi khóa lại Voidspire'
2026-06-01 00:36:56 | DEBUG    | MemoryManager:172 | [VectorDB Search] 'Chạy nhanh về phía cửa sắt trước khi khóa lại Voidspire' -> Trả về 8 kết quả.
2026-06-01 00:36:56 | DEBUG    | MemoryProcessor:148 | [Deduplication] Bỏ qua ký ức #6 từ FAISS vì đã có trong Lịch sử NPC.
2026-06-01 00:36:56 | DEBUG    | MemoryProcessor:148 | [Deduplication] Bỏ qua ký ức #5 từ FAISS vì đã có trong Lịch sử NPC.
2026-06-01 00:36:56 | DEBUG    | MemoryProcessor:188 | [Profile] RAG (Hybrid DB+FAISS) hoàn tất trong: 0.433s
2026-06-01 00:36:56 | DEBUG    | StoryDirector:51 | [StoryDirector] Bắt đầu sinh luồng truyện (Streaming) cho hành động: 'Tôi chạy nhanh về phía cửa trước khi chúng khóa lạ...'
2026-06-01 00:36:56 | DEBUG    | Orchestration:85 | [Profile] Time to First Token (TTFT): 0.421s
2026-06-01 00:37:12 | DEBUG    | StateProcessor:359 | [Profile] Background Tasks (State Extraction): 14.780s
2026-06-01 00:37:15 | INFO     | StateProcessor:49 | >> [Hệ Thống] Phát hiện khu vực mới: Hành Lang Ánh Sáng Bừng. Đang tải ảnh nền...
2026-06-01 00:37:15 | INFO     | ImageManager:45 | [ImageManager] Đang vẽ bối cảnh mới: 'Hành Lang Ánh Sáng Bừng'...
2026-06-01 00:37:15 | WARNING  | ImageManager:59 | [ImageManager] Tạo ảnh bối cảnh 'Hành Lang Ánh Sáng Bừng' thất bại.
2026-06-01 00:37:15 | DEBUG    | BaseManager:75 | [Locations] Đã lưu thành công 'Hành Lang Ánh Sáng Bừng'.
2026-06-01 00:37:15 | INFO     | NPCManager:68 | [NPCManager] 💖 Cập nhật Cánh tay robot: Thiện cảm (+5)
2026-06-01 00:37:18 | DEBUG    | MemoryManager:209 | [ShortTermMemory] Đã cập nhật Context Window hiện tại (Size: 4).
2026-06-01 00:37:18 | DEBUG    | DatabaseManager:148 | [Database] Đã ghi một ký ức mới vào Turn 6.
2026-06-01 00:37:18 | DEBUG    | MemoryProcessor:235 | [MemoryProcessor] Đã lưu 1 Episode Ký ức vào CSDL và VectorDB.
2026-06-01 00:37:18 | INFO     | StoryDirector:75 | [StoryDirector] Đang tính toán các lựa chọn tiếp theo...
2026-06-01 00:37:21 | DEBUG    | StoryDirector:86 | [StoryDirector] Đã tạo thành công 3 lựa chọn khả thi.
2026-06-01 00:37:21 | INFO     | Orchestration:119 | [Groq Tokens] TỔNG CỘNG: 6410 (QueryAgent: 996 | LocationAgent: 1282 | StoryAgent: 3151 | ChoiceAgent: 981)
2026-06-01 00:37:21 | DEBUG    | Orchestration:121 | [Profile] Tổng thời gian Turn: 25.659s
2026-06-01 00:37:57 | INFO     | Orchestration:66 | [Turn Start] Player Input: 'Tôi kiểm tra các bức tường kim loại để tìm bảng điều khiển hệ thống.'
2026-06-01 00:37:58 | DEBUG    | ActionProcessor:32 | [ActionManager] Đã tải thành công file action_directives.yaml!
2026-06-01 00:37:59 | DEBUG    | MemoryProcessor:134 | [MemoryProcessor] Truy vấn FAISS: 'Kiểm tra bảng điều khiển hệ thống trên tường kim loại'
2026-06-01 00:37:59 | DEBUG    | MemoryManager:172 | [VectorDB Search] 'Kiểm tra bảng điều khiển hệ thống trên tường kim loại' -> Trả về 8 kết quả.
2026-06-01 00:37:59 | DEBUG    | MemoryProcessor:148 | [Deduplication] Bỏ qua ký ức #5 từ FAISS vì đã có trong Lịch sử NPC.
2026-06-01 00:37:59 | DEBUG    | MemoryProcessor:148 | [Deduplication] Bỏ qua ký ức #6 từ FAISS vì đã có trong Lịch sử NPC.
2026-06-01 00:37:59 | DEBUG    | MemoryProcessor:148 | [Deduplication] Bỏ qua ký ức #7 từ FAISS vì đã có trong Lịch sử NPC.
2026-06-01 00:37:59 | DEBUG    | MemoryProcessor:188 | [Profile] RAG (Hybrid DB+FAISS) hoàn tất trong: 0.579s
2026-06-01 00:37:59 | DEBUG    | StoryDirector:51 | [StoryDirector] Bắt đầu sinh luồng truyện (Streaming) cho hành động: 'Tôi kiểm tra các bức tường kim loại để tìm bảng đi...'
2026-06-01 00:37:59 | DEBUG    | Orchestration:85 | [Profile] Time to First Token (TTFT): 0.600s
2026-06-01 00:38:02 | DEBUG    | StateProcessor:359 | [Profile] Background Tasks (State Extraction): 2.208s
2026-06-01 00:38:12 | INFO     | AudioManager:72 | [Audio] Đang phát nhạc: bình thường (binh_thuong.mp3)
2026-06-01 00:38:12 | DEBUG    | MemoryManager:209 | [ShortTermMemory] Đã cập nhật Context Window hiện tại (Size: 4).
2026-06-01 00:38:12 | DEBUG    | DatabaseManager:148 | [Database] Đã ghi một ký ức mới vào Turn 7.
2026-06-01 00:38:12 | DEBUG    | MemoryProcessor:235 | [MemoryProcessor] Đã lưu 1 Episode Ký ức vào CSDL và VectorDB.
2026-06-01 00:38:12 | INFO     | StoryDirector:75 | [StoryDirector] Đang tính toán các lựa chọn tiếp theo...
2026-06-01 00:38:14 | DEBUG    | StoryDirector:86 | [StoryDirector] Đã tạo thành công 3 lựa chọn khả thi.
2026-06-01 00:38:14 | INFO     | Orchestration:119 | [Groq Tokens] TỔNG CỘNG: 4479 (QueryAgent: 900 | StoryAgent: 2781 | ChoiceAgent: 798)
2026-06-01 00:38:14 | DEBUG    | Orchestration:121 | [Profile] Tổng thời gian Turn: 15.621s
2026-06-01 00:38:29 | INFO     | Orchestration:66 | [Turn Start] Player Input: 'Tôi giả vờ không biết gì và lui lại phía sau cánh tay robot để quan sát phản ứng của nó.'
2026-06-01 00:38:31 | DEBUG    | ActionProcessor:32 | [ActionManager] Đã tải thành công file action_directives.yaml!
2026-06-01 00:38:32 | DEBUG    | MemoryProcessor:134 | [MemoryProcessor] Truy vấn FAISS: 'Cánh tay robot phản ứng khi tôi giả vờ không biết gì và lui lại phía sau'
2026-06-01 00:38:32 | DEBUG    | MemoryManager:172 | [VectorDB Search] 'Cánh tay robot phản ứng khi tôi giả vờ không biết gì và lui lại phía sau' -> Trả về 8 kết quả.
2026-06-01 00:38:32 | DEBUG    | MemoryProcessor:148 | [Deduplication] Bỏ qua ký ức #7 từ FAISS vì đã có trong Lịch sử NPC.
2026-06-01 00:38:32 | DEBUG    | MemoryProcessor:148 | [Deduplication] Bỏ qua ký ức #6 từ FAISS vì đã có trong Lịch sử NPC.
2026-06-01 00:38:32 | DEBUG    | MemoryProcessor:148 | [Deduplication] Bỏ qua ký ức #8 từ FAISS vì đã có trong Lịch sử NPC.
2026-06-01 00:38:32 | DEBUG    | MemoryProcessor:188 | [Profile] RAG (Hybrid DB+FAISS) hoàn tất trong: 0.525s
2026-06-01 00:38:32 | DEBUG    | StoryDirector:51 | [StoryDirector] Bắt đầu sinh luồng truyện (Streaming) cho hành động: 'Tôi giả vờ không biết gì và lui lại phía sau cánh ...'
2026-06-01 00:38:32 | DEBUG    | Orchestration:85 | [Profile] Time to First Token (TTFT): 0.489s
2026-06-01 00:38:47 | DEBUG    | StateProcessor:359 | [Profile] Background Tasks (State Extraction): 14.180s
2026-06-01 00:38:50 | DEBUG    | MemoryManager:209 | [ShortTermMemory] Đã cập nhật Context Window hiện tại (Size: 4).
2026-06-01 00:38:50 | DEBUG    | DatabaseManager:148 | [Database] Đã ghi một ký ức mới vào Turn 8.
2026-06-01 00:38:50 | DEBUG    | MemoryProcessor:235 | [MemoryProcessor] Đã lưu 1 Episode Ký ức vào CSDL và VectorDB.
2026-06-01 00:38:50 | INFO     | StoryDirector:75 | [StoryDirector] Đang tính toán các lựa chọn tiếp theo...
2026-06-01 00:38:51 | DEBUG    | StoryDirector:86 | [StoryDirector] Đã tạo thành công 3 lựa chọn khả thi.
2026-06-01 00:38:51 | INFO     | Orchestration:119 | [Groq Tokens] TỔNG CỘNG: 4420 (QueryAgent: 899 | StoryAgent: 2757 | ChoiceAgent: 764)
2026-06-01 00:38:51 | DEBUG    | Orchestration:121 | [Profile] Tổng thời gian Turn: 19.944s
2026-06-01 00:39:01 | INFO     | Orchestration:66 | [Turn Start] Player Input: 'Tôi giả vờ đồng ý và hỏi cánh tay robot cách tắt hệ thống an ninh'
2026-06-01 00:39:02 | DEBUG    | ActionProcessor:32 | [ActionManager] Đã tải thành công file action_directives.yaml!
2026-06-01 00:39:02 | DEBUG    | MemoryProcessor:134 | [MemoryProcessor] Truy vấn FAISS: 'Cánh tay robot hướng dẫn tắt hệ thống an ninh'
2026-06-01 00:39:02 | DEBUG    | MemoryManager:172 | [VectorDB Search] 'Cánh tay robot hướng dẫn tắt hệ thống an ninh' -> Trả về 9 kết quả.
2026-06-01 00:39:02 | DEBUG    | MemoryProcessor:148 | [Deduplication] Bỏ qua ký ức #9 từ FAISS vì đã có trong Lịch sử NPC.
2026-06-01 00:39:02 | DEBUG    | MemoryProcessor:148 | [Deduplication] Bỏ qua ký ức #7 từ FAISS vì đã có trong Lịch sử NPC.
2026-06-01 00:39:02 | DEBUG    | MemoryProcessor:148 | [Deduplication] Bỏ qua ký ức #8 từ FAISS vì đã có trong Lịch sử NPC.
2026-06-01 00:39:02 | DEBUG    | MemoryProcessor:188 | [Profile] RAG (Hybrid DB+FAISS) hoàn tất trong: 0.426s
2026-06-01 00:39:02 | DEBUG    | StoryDirector:51 | [StoryDirector] Bắt đầu sinh luồng truyện (Streaming) cho hành động: 'Tôi giả vờ đồng ý và hỏi cánh tay robot cách tắt h...'
2026-06-01 00:39:03 | DEBUG    | Orchestration:85 | [Profile] Time to First Token (TTFT): 0.391s
2026-06-01 00:39:05 | DEBUG    | StateProcessor:359 | [Profile] Background Tasks (State Extraction): 1.988s
2026-06-01 00:39:09 | DEBUG    | MemoryManager:209 | [ShortTermMemory] Đã cập nhật Context Window hiện tại (Size: 4).
2026-06-01 00:39:09 | DEBUG    | DatabaseManager:148 | [Database] Đã ghi một ký ức mới vào Turn 9.
2026-06-01 00:39:09 | DEBUG    | MemoryProcessor:235 | [MemoryProcessor] Đã lưu 1 Episode Ký ức vào CSDL và VectorDB.
2026-06-01 00:39:09 | INFO     | StoryDirector:75 | [StoryDirector] Đang tính toán các lựa chọn tiếp theo...
2026-06-01 00:39:12 | DEBUG    | StoryDirector:86 | [StoryDirector] Đã tạo thành công 3 lựa chọn khả thi.
2026-06-01 00:39:12 | INFO     | Orchestration:119 | [Groq Tokens] TỔNG CỘNG: 4527 (QueryAgent: 828 | StoryAgent: 2646 | ChoiceAgent: 1053)
2026-06-01 00:39:12 | DEBUG    | Orchestration:121 | [Profile] Tổng thời gian Turn: 10.275s
2026-06-01 00:39:27 | INFO     | Orchestration:66 | [Turn Start] Player Input: 'tôi muốn dùng thuốc trong balo'
2026-06-01 00:39:29 | DEBUG    | ActionProcessor:32 | [ActionManager] Đã tải thành công file action_directives.yaml!
2026-06-01 00:39:29 | DEBUG    | MemoryProcessor:134 | [MemoryProcessor] Truy vấn FAISS: 'Sử dụng thuốc trong balo'
2026-06-01 00:39:30 | DEBUG    | MemoryManager:172 | [VectorDB Search] 'Sử dụng thuốc trong balo' -> Trả về 10 kết quả.
2026-06-01 00:39:30 | DEBUG    | MemoryProcessor:148 | [Deduplication] Bỏ qua ký ức #9 từ FAISS vì đã có trong Lịch sử NPC.
2026-06-01 00:39:30 | DEBUG    | MemoryProcessor:148 | [Deduplication] Bỏ qua ký ức #8 từ FAISS vì đã có trong Lịch sử NPC.
2026-06-01 00:39:30 | DEBUG    | MemoryProcessor:148 | [Deduplication] Bỏ qua ký ức #10 từ FAISS vì đã có trong Lịch sử NPC.
2026-06-01 00:39:30 | DEBUG    | MemoryProcessor:188 | [Profile] RAG (Hybrid DB+FAISS) hoàn tất trong: 0.517s
2026-06-01 00:39:30 | DEBUG    | StoryDirector:51 | [StoryDirector] Bắt đầu sinh luồng truyện (Streaming) cho hành động: 'tôi muốn dùng thuốc trong balo...'
2026-06-01 00:39:30 | DEBUG    | Orchestration:85 | [Profile] Time to First Token (TTFT): 0.408s
2026-06-01 00:39:32 | DEBUG    | StateProcessor:359 | [Profile] Background Tasks (State Extraction): 1.354s
2026-06-01 00:39:32 | INFO     | StateProcessor:186 | [Hệ Thống] ---> THAY ĐỔI TÚI ĐỒ <---
2026-06-01 00:39:32 | INFO     | StateProcessor:233 |  [-] Bị mất: Gói dữ liệu phục hồi
2026-06-01 00:39:32 | INFO     | StateProcessor:238 |  [Balo hiện tại]: Trống rỗng
2026-06-01 00:39:58 | INFO     | AudioManager:72 | [Audio] Đang phát nhạc: căng thẳng (hoi_hop.mp3)
2026-06-01 00:39:58 | DEBUG    | MemoryManager:209 | [ShortTermMemory] Đã cập nhật Context Window hiện tại (Size: 4).
2026-06-01 00:39:58 | DEBUG    | DatabaseManager:148 | [Database] Đã ghi một ký ức mới vào Turn 10.
2026-06-01 00:39:58 | DEBUG    | MemoryProcessor:235 | [MemoryProcessor] Đã lưu 1 Episode Ký ức vào CSDL và VectorDB.
2026-06-01 00:39:58 | INFO     | StoryDirector:75 | [StoryDirector] Đang tính toán các lựa chọn tiếp theo...
2026-06-01 00:40:03 | DEBUG    | StoryDirector:86 | [StoryDirector] Đã tạo thành công 3 lựa chọn khả thi.
2026-06-01 00:40:03 | INFO     | Orchestration:119 | [Groq Tokens] TỔNG CỘNG: 4339 (QueryAgent: 814 | StoryAgent: 2625 | ChoiceAgent: 900)
2026-06-01 00:40:03 | DEBUG    | Orchestration:121 | [Profile] Tổng thời gian Turn: 34.148s
2026-06-01 00:40:37 | INFO     | Orchestration:66 | [Turn Start] Player Input: 'tôi muốn kiểm tra nhiệm vụ quest hiện tại '
2026-06-01 00:40:38 | DEBUG    | ActionProcessor:32 | [ActionManager] Đã tải thành công file action_directives.yaml!
2026-06-01 00:40:38 | INFO     | ActionProcessor:91 | [ActionManager] 🎲 Sự kiện NPC xuất hiện (Xí ngầu: 26/30)
2026-06-01 00:40:38 | DEBUG    | MemoryProcessor:134 | [MemoryProcessor] Truy vấn FAISS: 'kiểm tra nhiệm vụ hiện tại tại Hành Lang Ánh Sáng Bừng với Cánh tay robot'
2026-06-01 00:40:38 | DEBUG    | MemoryManager:172 | [VectorDB Search] 'kiểm tra nhiệm vụ hiện tại tại Hành Lang Ánh Sáng Bừng với Cánh tay robot' -> Trả về 10 kết quả.
2026-06-01 00:40:38 | DEBUG    | MemoryProcessor:148 | [Deduplication] Bỏ qua ký ức #9 từ FAISS vì đã có trong Lịch sử NPC.
2026-06-01 00:40:38 | DEBUG    | MemoryProcessor:148 | [Deduplication] Bỏ qua ký ức #11 từ FAISS vì đã có trong Lịch sử NPC.
2026-06-01 00:40:38 | DEBUG    | MemoryProcessor:148 | [Deduplication] Bỏ qua ký ức #10 từ FAISS vì đã có trong Lịch sử NPC.
2026-06-01 00:40:38 | DEBUG    | MemoryProcessor:188 | [Profile] RAG (Hybrid DB+FAISS) hoàn tất trong: 0.411s
2026-06-01 00:40:38 | DEBUG    | StoryDirector:51 | [StoryDirector] Bắt đầu sinh luồng truyện (Streaming) cho hành động: 'tôi muốn kiểm tra nhiệm vụ quest hiện tại ...'
2026-06-01 00:40:39 | DEBUG    | Orchestration:85 | [Profile] Time to First Token (TTFT): 0.585s
2026-06-01 00:40:41 | DEBUG    | StateProcessor:359 | [Profile] Background Tasks (State Extraction): 1.451s
2026-06-01 00:40:43 | DEBUG    | MemoryManager:209 | [ShortTermMemory] Đã cập nhật Context Window hiện tại (Size: 4).
2026-06-01 00:40:43 | DEBUG    | DatabaseManager:148 | [Database] Đã ghi một ký ức mới vào Turn 11.
2026-06-01 00:40:44 | DEBUG    | MemoryProcessor:235 | [MemoryProcessor] Đã lưu 1 Episode Ký ức vào CSDL và VectorDB.
2026-06-01 00:40:44 | INFO     | StoryDirector:75 | [StoryDirector] Đang tính toán các lựa chọn tiếp theo...
2026-06-01 00:40:46 | DEBUG    | StoryDirector:86 | [StoryDirector] Đã tạo thành công 3 lựa chọn khả thi.
2026-06-01 00:40:46 | INFO     | Orchestration:119 | [Groq Tokens] TỔNG CỘNG: 4276 (QueryAgent: 787 | StoryAgent: 2603 | ChoiceAgent: 886)
2026-06-01 00:40:46 | DEBUG    | Orchestration:121 | [Profile] Tổng thời gian Turn: 7.783s
2026-06-01 00:41:06 | INFO     | Orchestration:247 | Người chơi thoát game an toàn. Đang đóng CSDL...
2026-06-01 00:50:08 | INFO     | Orchestration:23 | Đang khởi tạo hệ thống Eldoria Game Engine...
2026-06-01 00:50:08 | DEBUG    | ImageManager:22 | [ImageManager] Đã khởi tạo các thư mục bộ nhớ đệm ảnh.
2026-06-01 00:50:09 | INFO     | MemoryManager:20 | [VectorDB] Đang khởi tạo Embedding Model từ: bkai-foundation-models/vietnamese-bi-encoder...
2026-06-01 00:50:15 | INFO     | MemoryManager:104 | [VectorDB] Khôi phục thành công 12 ký ức từ ổ cứng.
2026-06-01 00:50:15 | DEBUG    | MemoryProcessor:21 | [MemoryProcessor] Đã khởi tạo hệ thống xử lý Ký ức.
2026-06-01 00:50:21 | DEBUG    | StoryDirector:29 | [StoryDirector] Đã khởi tạo các Cloud Agents (Llama-3 & Qwen).
2026-06-01 00:50:21 | INFO     | Orchestration:58 | Hệ thống đã sẵn sàng!
2026-06-01 00:50:21 | INFO     | Orchestration:140 | Bắt đầu khởi tạo phiên chơi mới - Dọn dẹp dữ liệu...
2026-06-01 00:50:21 | INFO     | DatabaseManager:35 | [Database] Đã mở kết nối bất đồng bộ tới ./data/World.db
2026-06-01 00:50:21 | INFO     | DatabaseManager:134 | [Database] Đã dọn dẹp sạch sẽ toàn bộ dữ liệu SQLite!
2026-06-01 00:50:21 | INFO     | DatabaseManager:56 | [Database] Khởi tạo các bảng SQL thành công!
2026-06-01 00:50:21 | INFO     | ImageManager:112 | [ImageManager] Bắt đầu dọn dẹp thư mục ảnh cũ cho Game mới...
2026-06-01 00:50:21 | INFO     | ImageManager:123 | [ImageManager] Dọn dẹp thư mục ảnh hoàn tất.
2026-06-01 00:50:53 | INFO     | Orchestration:149 | Người chơi chọn ý tưởng: 'the gioi mo'
2026-06-01 00:50:53 | INFO     | StoryDirector:92 | [StoryDirector] Đang tạo World Bible từ ý tưởng người chơi...
2026-06-01 00:50:55 | DEBUG    | StoryDirector:98 | [StoryDirector] Đã lưu World Bible xuống file: ./data/world_bible.json
2026-06-01 00:50:55 | DEBUG    | Orchestration:164 | World State Loaded: The Gioi Mo | ['Modern Fantasy', 'Urban Exploration']
2026-06-01 00:50:55 | INFO     | Orchestration:168 | Khởi tạo Location đầu tiên...
2026-06-01 00:50:55 | INFO     | StoryDirector:106 | [StoryDirector] Đang khởi tạo địa điểm xuất phát cho thế giới 'The Gioi Mo'...
2026-06-01 00:50:56 | INFO     | StoryDirector:111 | [StoryDirector] Đang khởi tạo các npc quan trọng cho thế giới 'The Gioi Mo'...
2026-06-01 00:50:59 | DEBUG    | BaseManager:75 | [Locations] Đã lưu thành công 'Sự Bắt Nạt'.
2026-06-01 00:50:59 | WARNING  | BaseManager:78 | [NPCs] Đã chặn lỗi chèn trùng lặp (UNIQUE constraint) với: 'Vua Mạng'
2026-06-01 00:50:59 | WARNING  | BaseManager:78 | [NPCs] Đã chặn lỗi chèn trùng lặp (UNIQUE constraint) với: 'Cô Ba Rừng'
2026-06-01 00:50:59 | WARNING  | BaseManager:78 | [NPCs] Đã chặn lỗi chèn trùng lặp (UNIQUE constraint) với: 'Kỹ Sư Vong Linh'
2026-06-01 00:50:59 | INFO     | ImageManager:45 | [ImageManager] Đang vẽ bối cảnh mới: 'Sự Bắt Nạt'...
2026-06-01 00:50:59 | WARNING  | ImageManager:59 | [ImageManager] Tạo ảnh bối cảnh 'Sự Bắt Nạt' thất bại.
2026-06-01 00:51:00 | INFO     | AudioManager:72 | [Audio] Đang phát nhạc: sợ hãi (binh_thuong.mp3)
2026-06-01 00:51:00 | INFO     | StoryDirector:139 | [StoryDirector] Bắt đầu sinh phân đoạn truyện mở đầu tại 'Sự Bắt Nạt'...
2026-06-01 00:51:02 | INFO     | Orchestration:222 | Lưu ký ức Prologue (Turn 0)...
2026-06-01 00:51:02 | DEBUG    | MemoryManager:209 | [ShortTermMemory] Đã cập nhật Context Window hiện tại (Size: 1).
2026-06-01 00:51:02 | DEBUG    | DatabaseManager:148 | [Database] Đã ghi một ký ức mới vào Turn 0.
2026-06-01 00:51:03 | DEBUG    | MemoryProcessor:235 | [MemoryProcessor] Đã lưu 1 Episode Ký ức vào CSDL và VectorDB.
2026-06-01 00:51:03 | INFO     | StoryDirector:75 | [StoryDirector] Đang tính toán các lựa chọn tiếp theo...
2026-06-01 00:51:04 | DEBUG    | StoryDirector:86 | [StoryDirector] Đã tạo thành công 3 lựa chọn khả thi.
2026-06-01 00:51:04 | INFO     | Orchestration:241 | === BẮT ĐẦU VÒNG LẶP GAME CHÍNH (GAME LOOP) ===
2026-06-01 00:51:24 | INFO     | Orchestration:66 | [Turn Start] Player Input: 'Tôi nhặt thiết bị của người đàn ông để kiểm tra thông tin.'
2026-06-01 00:51:25 | DEBUG    | ActionProcessor:32 | [ActionManager] Đã tải thành công file action_directives.yaml!
2026-06-01 00:51:25 | INFO     | ActionProcessor:91 | [ActionManager] 🎲 Sự kiện NPC xuất hiện (Xí ngầu: 6/9)
2026-06-01 00:51:25 | DEBUG    | MemoryProcessor:134 | [MemoryProcessor] Truy vấn FAISS: 'thiết bị công nghệ cao người đàn ông mặc áo khoác da đen'
2026-06-01 00:51:26 | DEBUG    | MemoryManager:172 | [VectorDB Search] 'thiết bị công nghệ cao người đàn ông mặc áo khoác da đen' -> Trả về 10 kết quả.
2026-06-01 00:51:26 | DEBUG    | MemoryProcessor:188 | [Profile] RAG (Hybrid DB+FAISS) hoàn tất trong: 0.394s
2026-06-01 00:51:26 | DEBUG    | StoryDirector:51 | [StoryDirector] Bắt đầu sinh luồng truyện (Streaming) cho hành động: 'Tôi nhặt thiết bị của người đàn ông để kiểm tra th...'
2026-06-01 00:51:26 | DEBUG    | Orchestration:85 | [Profile] Time to First Token (TTFT): 0.365s
2026-06-01 00:51:30 | DEBUG    | StateProcessor:379 | [Profile] Background Tasks (State Extraction): 3.432s
2026-06-01 00:51:30 | INFO     | StateProcessor:190 | [Hệ Thống] ---> THAY ĐỔI TÚI ĐỒ <---
2026-06-01 00:51:30 | INFO     | StateProcessor:130 | [Cloud] Đang tạo hàng loạt NPC mới: ['Bóng ma nhện']...
2026-06-01 00:51:32 | INFO     | ImageManager:95 | [ImageManager] Đang vẽ vật phẩm mới: 'Điện thoại di động cao cấp'...
2026-06-01 00:51:32 | WARNING  | ImageManager:107 | [ImageManager] Tạo ảnh vật phẩm 'Điện thoại di động cao cấp' thất bại.
2026-06-01 00:51:32 | INFO     | StateProcessor:216 |  [+] Nhận được: Điện thoại di động cao cấp
2026-06-01 00:51:32 | INFO     | StateProcessor:242 |  [Balo hiện tại]: Điện thoại di động cao cấp
2026-06-01 00:51:33 | INFO     | ImageManager:73 | [ImageManager] Đang vẽ NPC mới: 'Bóng ma nhện'...
2026-06-01 00:51:33 | WARNING  | ImageManager:83 | [ImageManager] Tạo ảnh NPC 'Bóng ma nhện' thất bại.
2026-06-01 00:51:33 | DEBUG    | BaseManager:75 | [NPCs] Đã lưu thành công 'Bóng ma nhện'.
2026-06-01 00:51:38 | INFO     | StateProcessor:288 | [Quest] Nhiệm vụ phụ mới: Giải mã tín hiệu nhện
2026-06-01 00:51:38 | INFO     | AudioManager:72 | [Audio] Đang phát nhạc: căng thẳng (hoi_hop.mp3)
2026-06-01 00:51:38 | DEBUG    | MemoryManager:209 | [ShortTermMemory] Đã cập nhật Context Window hiện tại (Size: 2).
2026-06-01 00:51:38 | DEBUG    | DatabaseManager:148 | [Database] Đã ghi một ký ức mới vào Turn 1.
2026-06-01 00:51:38 | DEBUG    | MemoryProcessor:235 | [MemoryProcessor] Đã lưu 1 Episode Ký ức vào CSDL và VectorDB.
2026-06-01 00:51:38 | INFO     | StoryDirector:75 | [StoryDirector] Đang tính toán các lựa chọn tiếp theo...
2026-06-01 00:51:40 | DEBUG    | StoryDirector:86 | [StoryDirector] Đã tạo thành công 3 lựa chọn khả thi.
2026-06-01 00:51:40 | INFO     | Orchestration:119 | [Groq Tokens] TỔNG CỘNG: 10119 (QueryAgent: 728 | LocationAgent: 534 | NPCAgent: 2586 | StoryAgent: 3347 | ChoiceAgent: 2098 | WorldGenerateAgent: 826)
2026-06-01 00:51:40 | DEBUG    | Orchestration:121 | [Profile] Tổng thời gian Turn: 15.189s
2026-06-01 00:52:05 | INFO     | Orchestration:66 | [Turn Start] Player Input: 'Tôi nên sử dụng số điện thoại và địa chỉ IP để tra cứu thêm thông tin'
2026-06-01 00:52:07 | DEBUG    | ActionProcessor:32 | [ActionManager] Đã tải thành công file action_directives.yaml!
2026-06-01 00:52:07 | INFO     | ActionProcessor:100 | [ActionManager] 🎲 Sự kiện Địa điểm ẩn (Xí ngầu: 8/13)
2026-06-01 00:52:07 | DEBUG    | MemoryProcessor:134 | [MemoryProcessor] Truy vấn FAISS: 'tra cứu thông tin bóng ma nhện tại Sự Bắt Nạt'
2026-06-01 00:52:07 | DEBUG    | MemoryManager:172 | [VectorDB Search] 'tra cứu thông tin bóng ma nhện tại Sự Bắt Nạt' -> Trả về 10 kết quả.
2026-06-01 00:52:07 | DEBUG    | MemoryProcessor:148 | [Deduplication] Bỏ qua ký ức #2 từ FAISS vì đã có trong Lịch sử NPC.
2026-06-01 00:52:07 | DEBUG    | MemoryProcessor:188 | [Profile] RAG (Hybrid DB+FAISS) hoàn tất trong: 0.419s
2026-06-01 00:52:07 | DEBUG    | StoryDirector:51 | [StoryDirector] Bắt đầu sinh luồng truyện (Streaming) cho hành động: 'Tôi nên sử dụng số điện thoại và địa chỉ IP để tra...'
2026-06-01 00:52:08 | DEBUG    | Orchestration:85 | [Profile] Time to First Token (TTFT): 0.491s
2026-06-01 00:52:10 | DEBUG    | StateProcessor:379 | [Profile] Background Tasks (State Extraction): 1.406s
2026-06-01 00:52:10 | INFO     | NPCManager:68 | [NPCManager] 💖 Cập nhật Bóng ma nhện: Thiện cảm (-5)
2026-06-01 00:52:13 | INFO     | StateProcessor:288 | [Quest] Nhiệm vụ phụ mới: Thỏa hiệp với Bóng ma nhện
2026-06-01 00:52:13 | DEBUG    | MemoryManager:209 | [ShortTermMemory] Đã cập nhật Context Window hiện tại (Size: 3).
2026-06-01 00:52:13 | DEBUG    | DatabaseManager:148 | [Database] Đã ghi một ký ức mới vào Turn 2.
2026-06-01 00:52:14 | DEBUG    | MemoryProcessor:235 | [MemoryProcessor] Đã lưu 1 Episode Ký ức vào CSDL và VectorDB.
2026-06-01 00:52:14 | INFO     | StoryDirector:75 | [StoryDirector] Đang tính toán các lựa chọn tiếp theo...
2026-06-01 00:52:15 | DEBUG    | StoryDirector:86 | [StoryDirector] Đã tạo thành công 3 lựa chọn khả thi.
2026-06-01 00:52:15 | INFO     | Orchestration:119 | [Groq Tokens] TỔNG CỘNG: 4187 (QueryAgent: 769 | StoryAgent: 2616 | ChoiceAgent: 802)
2026-06-01 00:52:15 | DEBUG    | Orchestration:121 | [Profile] Tổng thời gian Turn: 7.763s
2026-06-01 00:52:33 | INFO     | Orchestration:66 | [Turn Start] Player Input: 'Tôi mở tệp ẩn 'Bẫy Hồng Anh' để tạo firewall.'
2026-06-01 00:52:35 | DEBUG    | ActionProcessor:32 | [ActionManager] Đã tải thành công file action_directives.yaml!
2026-06-01 00:52:35 | INFO     | ActionProcessor:100 | [ActionManager] 🎲 Sự kiện Địa điểm ẩn (Xí ngầu: 1/9)
2026-06-01 00:52:36 | DEBUG    | MemoryProcessor:134 | [MemoryProcessor] Truy vấn FAISS: 'Mở tệp 'Bẫy Hồng Anh' để tạo firewall chống lại Bóng ma nhện'
2026-06-01 00:52:36 | DEBUG    | MemoryManager:172 | [VectorDB Search] 'Mở tệp 'Bẫy Hồng Anh' để tạo firewall chống lại Bóng ma nhện' -> Trả về 10 kết quả.
2026-06-01 00:52:36 | DEBUG    | MemoryProcessor:148 | [Deduplication] Bỏ qua ký ức #2 từ FAISS vì đã có trong Lịch sử NPC.
2026-06-01 00:52:36 | DEBUG    | MemoryProcessor:148 | [Deduplication] Bỏ qua ký ức #3 từ FAISS vì đã có trong Lịch sử NPC.
2026-06-01 00:52:36 | DEBUG    | MemoryProcessor:188 | [Profile] RAG (Hybrid DB+FAISS) hoàn tất trong: 0.682s
2026-06-01 00:52:36 | DEBUG    | StoryDirector:51 | [StoryDirector] Bắt đầu sinh luồng truyện (Streaming) cho hành động: 'Tôi mở tệp ẩn 'Bẫy Hồng Anh' để tạo firewall....'
2026-06-01 00:52:36 | DEBUG    | Orchestration:85 | [Profile] Time to First Token (TTFT): 0.529s
2026-06-01 00:52:39 | DEBUG    | StateProcessor:379 | [Profile] Background Tasks (State Extraction): 2.017s
2026-06-01 00:52:39 | INFO     | NPCManager:68 | [NPCManager] 💖 Cập nhật Bóng ma nhện: Thiện cảm (-10)
2026-06-01 00:52:47 | INFO     | StateProcessor:288 | [Quest] Nhiệm vụ phụ mới: Gỡ lỗi mã độc
2026-06-01 00:52:47 | DEBUG    | MemoryManager:209 | [ShortTermMemory] Đã cập nhật Context Window hiện tại (Size: 4).
2026-06-01 00:52:47 | DEBUG    | DatabaseManager:148 | [Database] Đã ghi một ký ức mới vào Turn 3.
2026-06-01 00:52:47 | DEBUG    | MemoryProcessor:235 | [MemoryProcessor] Đã lưu 1 Episode Ký ức vào CSDL và VectorDB.
2026-06-01 00:52:47 | INFO     | StoryDirector:75 | [StoryDirector] Đang tính toán các lựa chọn tiếp theo...
2026-06-01 00:52:49 | DEBUG    | StoryDirector:86 | [StoryDirector] Đã tạo thành công 3 lựa chọn khả thi.
2026-06-01 00:52:49 | INFO     | Orchestration:119 | [Groq Tokens] TỔNG CỘNG: 5360 (QueryAgent: 1136 | StoryAgent: 3373 | ChoiceAgent: 851)
2026-06-01 00:52:49 | DEBUG    | Orchestration:121 | [Profile] Tổng thời gian Turn: 14.203s
2026-06-01 00:53:02 | INFO     | Orchestration:66 | [Turn Start] Player Input: 'Tôi kích hoạt lệnh 'Firewall Surge' để gia tăng hàng rào lửa.'
2026-06-01 00:53:04 | DEBUG    | ActionProcessor:32 | [ActionManager] Đã tải thành công file action_directives.yaml!
2026-06-01 00:53:04 | DEBUG    | MemoryProcessor:134 | [MemoryProcessor] Truy vấn FAISS: 'Kích hoạt lệnh 'Firewall Surge' chống lại Bóng ma nhện'
2026-06-01 00:53:04 | DEBUG    | MemoryManager:172 | [VectorDB Search] 'Kích hoạt lệnh 'Firewall Surge' chống lại Bóng ma nhện' -> Trả về 10 kết quả.
2026-06-01 00:53:04 | DEBUG    | MemoryProcessor:148 | [Deduplication] Bỏ qua ký ức #4 từ FAISS vì đã có trong Lịch sử NPC.
2026-06-01 00:53:04 | DEBUG    | MemoryProcessor:148 | [Deduplication] Bỏ qua ký ức #2 từ FAISS vì đã có trong Lịch sử NPC.
2026-06-01 00:53:04 | DEBUG    | MemoryProcessor:148 | [Deduplication] Bỏ qua ký ức #3 từ FAISS vì đã có trong Lịch sử NPC.
2026-06-01 00:53:04 | DEBUG    | MemoryProcessor:188 | [Profile] RAG (Hybrid DB+FAISS) hoàn tất trong: 0.613s
2026-06-01 00:53:04 | DEBUG    | StoryDirector:51 | [StoryDirector] Bắt đầu sinh luồng truyện (Streaming) cho hành động: 'Tôi kích hoạt lệnh 'Firewall Surge' để gia tăng hà...'
2026-06-01 00:53:05 | DEBUG    | Orchestration:85 | [Profile] Time to First Token (TTFT): 0.625s
2026-06-01 00:53:22 | DEBUG    | StateProcessor:379 | [Profile] Background Tasks (State Extraction): 16.505s
2026-06-01 00:53:22 | INFO     | NPCManager:68 | [NPCManager] 💖 Cập nhật Bóng ma nhện: Thiện cảm (-5)
2026-06-01 00:53:25 | DEBUG    | MemoryManager:209 | [ShortTermMemory] Đã cập nhật Context Window hiện tại (Size: 4).
2026-06-01 00:53:25 | DEBUG    | DatabaseManager:148 | [Database] Đã ghi một ký ức mới vào Turn 4.
2026-06-01 00:53:26 | DEBUG    | MemoryProcessor:235 | [MemoryProcessor] Đã lưu 1 Episode Ký ức vào CSDL và VectorDB.
2026-06-01 00:53:26 | INFO     | StoryDirector:75 | [StoryDirector] Đang tính toán các lựa chọn tiếp theo...
2026-06-01 00:53:29 | DEBUG    | StoryDirector:86 | [StoryDirector] Đã tạo thành công 3 lựa chọn khả thi.
2026-06-01 00:53:29 | INFO     | Orchestration:119 | [Groq Tokens] TỔNG CỘNG: 6513 (QueryAgent: 1414 | StoryAgent: 3947 | ChoiceAgent: 1152)
2026-06-01 00:53:29 | DEBUG    | Orchestration:121 | [Profile] Tổng thời gian Turn: 24.876s
2026-06-01 01:01:45 | INFO     | Orchestration:66 | [Turn Start] Player Input: 'ẽit'
2026-06-01 01:01:46 | DEBUG    | ActionProcessor:32 | [ActionManager] Đã tải thành công file action_directives.yaml!
2026-06-01 01:01:46 | DEBUG    | MemoryProcessor:134 | [MemoryProcessor] Truy vấn FAISS: 'Bóng ma nhện tấn công hàng rào lửa'
2026-06-01 01:01:46 | DEBUG    | MemoryManager:172 | [VectorDB Search] 'Bóng ma nhện tấn công hàng rào lửa' -> Trả về 10 kết quả.
2026-06-01 01:01:46 | DEBUG    | MemoryProcessor:148 | [Deduplication] Bỏ qua ký ức #5 từ FAISS vì đã có trong Lịch sử NPC.
2026-06-01 01:01:46 | DEBUG    | MemoryProcessor:148 | [Deduplication] Bỏ qua ký ức #4 từ FAISS vì đã có trong Lịch sử NPC.
2026-06-01 01:01:46 | DEBUG    | MemoryProcessor:148 | [Deduplication] Bỏ qua ký ức #3 từ FAISS vì đã có trong Lịch sử NPC.
2026-06-01 01:01:46 | DEBUG    | MemoryProcessor:188 | [Profile] RAG (Hybrid DB+FAISS) hoàn tất trong: 0.570s
2026-06-01 01:01:46 | DEBUG    | StoryDirector:51 | [StoryDirector] Bắt đầu sinh luồng truyện (Streaming) cho hành động: 'ẽit...'
2026-06-01 01:01:47 | DEBUG    | Orchestration:85 | [Profile] Time to First Token (TTFT): 0.460s
2026-06-01 01:02:03 | DEBUG    | StateProcessor:379 | [Profile] Background Tasks (State Extraction): 15.786s
2026-06-01 01:02:03 | INFO     | NPCManager:55 | [NPCManager] 🩸 Cập nhật Bóng ma nhện: Thể trạng -> 'Đang gặp khó khăn do hàng rào lửa', Thiện cảm (+0)
2026-06-01 01:02:09 | DEBUG    | MemoryManager:209 | [ShortTermMemory] Đã cập nhật Context Window hiện tại (Size: 4).
2026-06-01 01:02:09 | DEBUG    | DatabaseManager:148 | [Database] Đã ghi một ký ức mới vào Turn 5.
2026-06-01 01:02:09 | DEBUG    | MemoryProcessor:235 | [MemoryProcessor] Đã lưu 1 Episode Ký ức vào CSDL và VectorDB.
2026-06-01 01:02:09 | INFO     | StoryDirector:75 | [StoryDirector] Đang tính toán các lựa chọn tiếp theo...
2026-06-01 01:02:11 | DEBUG    | StoryDirector:86 | [StoryDirector] Đã tạo thành công 3 lựa chọn khả thi.
2026-06-01 01:02:11 | INFO     | Orchestration:119 | [Groq Tokens] TỔNG CỘNG: 4029 (QueryAgent: 741 | StoryAgent: 2567 | ChoiceAgent: 721)
2026-06-01 01:02:11 | DEBUG    | Orchestration:121 | [Profile] Tổng thời gian Turn: 25.653s
2026-06-01 01:02:13 | INFO     | Orchestration:247 | Người chơi thoát game an toàn. Đang đóng CSDL...
2026-06-01 01:02:32 | INFO     | Orchestration:23 | Đang khởi tạo hệ thống Eldoria Game Engine...
2026-06-01 01:02:32 | DEBUG    | ImageManager:22 | [ImageManager] Đã khởi tạo các thư mục bộ nhớ đệm ảnh.
2026-06-01 01:02:33 | INFO     | MemoryManager:20 | [VectorDB] Đang khởi tạo Embedding Model từ: bkai-foundation-models/vietnamese-bi-encoder...
2026-06-01 01:02:40 | INFO     | MemoryManager:104 | [VectorDB] Khôi phục thành công 12 ký ức từ ổ cứng.
2026-06-01 01:02:40 | DEBUG    | MemoryProcessor:21 | [MemoryProcessor] Đã khởi tạo hệ thống xử lý Ký ức.
2026-06-01 01:02:46 | DEBUG    | StoryDirector:29 | [StoryDirector] Đã khởi tạo các Cloud Agents (Llama-3 & Qwen).
2026-06-01 01:02:46 | INFO     | Orchestration:58 | Hệ thống đã sẵn sàng!
2026-06-01 01:02:46 | INFO     | Orchestration:160 | Bắt đầu khởi tạo phiên chơi mới - Dọn dẹp dữ liệu...
2026-06-01 01:02:46 | INFO     | DatabaseManager:35 | [Database] Đã mở kết nối bất đồng bộ tới ./data/World.db
2026-06-01 01:02:46 | INFO     | DatabaseManager:134 | [Database] Đã dọn dẹp sạch sẽ toàn bộ dữ liệu SQLite!
2026-06-01 01:02:46 | INFO     | DatabaseManager:56 | [Database] Khởi tạo các bảng SQL thành công!
2026-06-01 01:02:46 | INFO     | ImageManager:112 | [ImageManager] Bắt đầu dọn dẹp thư mục ảnh cũ cho Game mới...
2026-06-01 01:02:46 | INFO     | ImageManager:123 | [ImageManager] Dọn dẹp thư mục ảnh hoàn tất.
2026-06-01 01:03:01 | INFO     | Orchestration:169 | Người chơi chọn ý tưởng: 'the gioi mo'
2026-06-01 01:03:01 | INFO     | StoryDirector:92 | [StoryDirector] Đang tạo World Bible từ ý tưởng người chơi...
2026-06-01 01:03:02 | DEBUG    | StoryDirector:98 | [StoryDirector] Đã lưu World Bible xuống file: ./data/world_bible.json
2026-06-01 01:03:02 | DEBUG    | Orchestration:184 | World State Loaded: the gioi mo | ['open-world', 'fantasy']
2026-06-01 01:03:02 | INFO     | Orchestration:188 | Khởi tạo Location đầu tiên...
2026-06-01 01:03:02 | INFO     | StoryDirector:106 | [StoryDirector] Đang khởi tạo địa điểm xuất phát cho thế giới 'the gioi mo'...
2026-06-01 01:03:04 | INFO     | StoryDirector:111 | [StoryDirector] Đang khởi tạo các npc quan trọng cho thế giới 'the gioi mo'...
2026-06-01 01:03:08 | DEBUG    | BaseManager:75 | [Locations] Đã lưu thành công 'Làng Ánh Sáng Huyền Bí'.
2026-06-01 01:03:08 | WARNING  | BaseManager:78 | [NPCs] Đã chặn lỗi chèn trùng lặp (UNIQUE constraint) với: 'Thanh Nhược Nữ Tăng (Cô Bé Lá)'
2026-06-01 01:03:08 | WARNING  | BaseManager:78 | [NPCs] Đã chặn lỗi chèn trùng lặp (UNIQUE constraint) với: 'Dương Hạo (Thám Hiểm Gia Vĩ Đại)'
2026-06-01 01:03:08 | WARNING  | BaseManager:78 | [NPCs] Đã chặn lỗi chèn trùng lặp (UNIQUE constraint) với: 'Lão Nhân Mất Tên (Thiên Cổ Thám)'
2026-06-01 01:03:08 | INFO     | ImageManager:45 | [ImageManager] Đang vẽ bối cảnh mới: 'Làng Ánh Sáng Huyền Bí'...
2026-06-01 01:03:08 | WARNING  | ImageManager:59 | [ImageManager] Tạo ảnh bối cảnh 'Làng Ánh Sáng Huyền Bí' thất bại.
2026-06-01 01:03:10 | INFO     | AudioManager:72 | [Audio] Đang phát nhạc: sợ hãi (binh_thuong.mp3)
2026-06-01 01:03:10 | INFO     | StoryDirector:139 | [StoryDirector] Bắt đầu sinh phân đoạn truyện mở đầu tại 'Làng Ánh Sáng Huyền Bí'...
2026-06-01 01:03:12 | INFO     | Orchestration:242 | Lưu ký ức Prologue (Turn 0)...
2026-06-01 01:03:12 | DEBUG    | MemoryManager:209 | [ShortTermMemory] Đã cập nhật Context Window hiện tại (Size: 1).
2026-06-01 01:03:12 | DEBUG    | DatabaseManager:148 | [Database] Đã ghi một ký ức mới vào Turn 0.
2026-06-01 01:03:12 | DEBUG    | MemoryProcessor:235 | [MemoryProcessor] Đã lưu 1 Episode Ký ức vào CSDL và VectorDB.
2026-06-01 01:03:12 | INFO     | StoryDirector:75 | [StoryDirector] Đang tính toán các lựa chọn tiếp theo...
2026-06-01 01:03:14 | DEBUG    | StoryDirector:86 | [StoryDirector] Đã tạo thành công 3 lựa chọn khả thi.
2026-06-01 01:03:14 | INFO     | Orchestration:261 | === BẮT ĐẦU VÒNG LẶP GAME CHÍNH (GAME LOOP) ===
2026-06-01 01:03:26 | INFO     | Orchestration:66 | [Turn Start] Player Input: 'Tôi bước đến gần người phụ nữ, đặt tay lên ngực và hỏi: 'Nhiệm vụ của bà là gì?''
2026-06-01 01:03:27 | DEBUG    | ActionProcessor:32 | [ActionManager] Đã tải thành công file action_directives.yaml!
2026-06-01 01:03:27 | DEBUG    | MemoryProcessor:134 | [MemoryProcessor] Truy vấn FAISS: 'Nhiệm vụ của người phụ nữ già'
2026-06-01 01:03:27 | DEBUG    | MemoryManager:172 | [VectorDB Search] 'Nhiệm vụ của người phụ nữ già' -> Trả về 10 kết quả.
2026-06-01 01:03:27 | DEBUG    | MemoryProcessor:188 | [Profile] RAG (Hybrid DB+FAISS) hoàn tất trong: 0.438s
2026-06-01 01:03:27 | DEBUG    | StoryDirector:51 | [StoryDirector] Bắt đầu sinh luồng truyện (Streaming) cho hành động: 'Tôi bước đến gần người phụ nữ, đặt tay lên ngực và...'
2026-06-01 01:03:28 | DEBUG    | Orchestration:85 | [Profile] Time to First Token (TTFT): 0.531s
2026-06-01 01:03:31 | DEBUG    | StateProcessor:381 | [Profile] Background Tasks (State Extraction): 2.333s
2026-06-01 01:03:31 | INFO     | StateProcessor:190 | [Hệ Thống] ---> THAY ĐỔI TÚI ĐỒ <---
2026-06-01 01:03:31 | INFO     | StateProcessor:130 | [Cloud] Đang tạo hàng loạt NPC mới: ['Người phụ nữ già']...
2026-06-01 01:03:33 | INFO     | ImageManager:73 | [ImageManager] Đang vẽ NPC mới: 'Người phụ nữ già'...
2026-06-01 01:03:33 | WARNING  | ImageManager:83 | [ImageManager] Tạo ảnh NPC 'Người phụ nữ già' thất bại.
2026-06-01 01:03:33 | DEBUG    | BaseManager:75 | [NPCs] Đã lưu thành công 'Người phụ nữ già'.
2026-06-01 01:03:34 | INFO     | ImageManager:95 | [ImageManager] Đang vẽ vật phẩm mới: 'dao gỉ'...
2026-06-01 01:03:34 | WARNING  | ImageManager:107 | [ImageManager] Tạo ảnh vật phẩm 'dao gỉ' thất bại.
2026-06-01 01:03:34 | INFO     | StateProcessor:216 |  [+] Nhận được: dao gỉ
2026-06-01 01:03:34 | INFO     | StateProcessor:242 |  [Balo hiện tại]: dao gỉ
2026-06-01 01:03:52 | INFO     | StateProcessor:288 | [Quest] Nhiệm vụ phụ mới: Thử thách của kẻ tiền trạm
2026-06-01 01:03:52 | INFO     | StateProcessor:253 | [Quest Notice] Nhiệm vụ mới: Thử thách của kẻ tiền trạm. Mục tiêu: Tiến vào vết nứt không gian gần Làng Ánh Sáng Huyền Bí, Tìm kiếm và thu hồi Mảnh Pha Lê Hư Không, Mang mảnh pha lê trở lại cho Người phụ nữ già.
2026-06-01 01:03:52 | INFO     | AudioManager:72 | [Audio] Đang phát nhạc: căng thẳng (hoi_hop.mp3)
2026-06-01 01:03:52 | DEBUG    | MemoryManager:209 | [ShortTermMemory] Đã cập nhật Context Window hiện tại (Size: 2).
2026-06-01 01:03:52 | DEBUG    | DatabaseManager:148 | [Database] Đã ghi một ký ức mới vào Turn 1.
2026-06-01 01:03:52 | DEBUG    | MemoryProcessor:235 | [MemoryProcessor] Đã lưu 1 Episode Ký ức vào CSDL và VectorDB.
2026-06-01 01:03:52 | INFO     | StoryDirector:75 | [StoryDirector] Đang tính toán các lựa chọn tiếp theo...
2026-06-01 01:03:55 | DEBUG    | StoryDirector:86 | [StoryDirector] Đã tạo thành công 3 lựa chọn khả thi.
2026-06-01 01:03:55 | INFO     | Orchestration:120 | [Groq Tokens] TỔNG CỘNG: 9248 (QueryAgent: 659 | LocationAgent: 645 | NPCAgent: 2464 | StoryAgent: 2817 | ChoiceAgent: 2076 | WorldGenerateAgent: 587)
2026-06-01 01:03:55 | DEBUG    | Orchestration:122 | [Profile] Tổng thời gian Turn: 27.849s
2026-06-01 01:04:41 | INFO     | Orchestration:66 | [Turn Start] Player Input: 'Nhận lưỡi lê và bước vào không gian rỗng'
2026-06-01 01:04:43 | DEBUG    | ActionProcessor:32 | [ActionManager] Đã tải thành công file action_directives.yaml!
2026-06-01 01:04:43 | DEBUG    | MemoryProcessor:134 | [MemoryProcessor] Truy vấn FAISS: 'Nhận lưỡi lê từ người phụ nữ già ở Làng Ánh Sáng Huyền Bí'
2026-06-01 01:04:43 | DEBUG    | MemoryManager:172 | [VectorDB Search] 'Nhận lưỡi lê từ người phụ nữ già ở Làng Ánh Sáng Huyền Bí' -> Trả về 10 kết quả.
2026-06-01 01:04:43 | DEBUG    | MemoryProcessor:148 | [Deduplication] Bỏ qua ký ức #2 từ FAISS vì đã có trong Lịch sử NPC.
2026-06-01 01:04:43 | DEBUG    | MemoryProcessor:188 | [Profile] RAG (Hybrid DB+FAISS) hoàn tất trong: 0.422s
2026-06-01 01:04:43 | DEBUG    | StoryDirector:51 | [StoryDirector] Bắt đầu sinh luồng truyện (Streaming) cho hành động: 'Nhận lưỡi lê và bước vào không gian rỗng...'
2026-06-01 01:04:43 | DEBUG    | Orchestration:85 | [Profile] Time to First Token (TTFT): 0.327s
2026-06-01 01:04:47 | DEBUG    | StateProcessor:381 | [Profile] Background Tasks (State Extraction): 2.670s
2026-06-01 01:04:49 | INFO     | StateProcessor:53 | >> [Hệ Thống] Phát hiện khu vực mới: Không Gian Bỏ Hoang. Đang tải ảnh nền...
2026-06-01 01:04:49 | INFO     | ImageManager:45 | [ImageManager] Đang vẽ bối cảnh mới: 'Không Gian Bỏ Hoang'...
2026-06-01 01:04:49 | WARNING  | ImageManager:59 | [ImageManager] Tạo ảnh bối cảnh 'Không Gian Bỏ Hoang' thất bại.
2026-06-01 01:04:49 | DEBUG    | BaseManager:75 | [Locations] Đã lưu thành công 'Không Gian Bỏ Hoang'.
2026-06-01 01:04:49 | INFO     | StateProcessor:190 | [Hệ Thống] ---> THAY ĐỔI TÚI ĐỒ <---
2026-06-01 01:04:49 | INFO     | StateProcessor:92 |  [-] NPC đã rời khỏi phân cảnh: Người phụ nữ già
2026-06-01 01:04:51 | INFO     | ImageManager:95 | [ImageManager] Đang vẽ vật phẩm mới: 'lưỡi lê'...
2026-06-01 01:04:51 | WARNING  | ImageManager:107 | [ImageManager] Tạo ảnh vật phẩm 'lưỡi lê' thất bại.
2026-06-01 01:04:51 | INFO     | StateProcessor:216 |  [+] Nhận được: lưỡi lê
2026-06-01 01:04:51 | INFO     | StateProcessor:242 |  [Balo hiện tại]: dao gỉ, lưỡi lê
2026-06-01 01:05:05 | INFO     | StateProcessor:288 | [Quest] Nhiệm vụ phụ mới: Tiếng vọng từ ngăn kéo cũ
2026-06-01 01:05:05 | INFO     | StateProcessor:253 | [Quest Notice] Nhiệm vụ mới: Tiếng vọng từ ngăn kéo cũ. Mục tiêu: Kiểm tra ngăn kéo bên trong căn phòng, Đánh bại bóng ma bảo vệ để lấy vật phẩm.
2026-06-01 01:05:05 | INFO     | AudioManager:72 | [Audio] Đang phát nhạc: rùng rợn (rung_ron.mp3)
2026-06-01 01:05:05 | DEBUG    | MemoryManager:209 | [ShortTermMemory] Đã cập nhật Context Window hiện tại (Size: 3).
2026-06-01 01:05:05 | DEBUG    | DatabaseManager:148 | [Database] Đã ghi một ký ức mới vào Turn 2.
2026-06-01 01:05:05 | DEBUG    | MemoryProcessor:235 | [MemoryProcessor] Đã lưu 1 Episode Ký ức vào CSDL và VectorDB.
2026-06-01 01:05:05 | INFO     | StoryDirector:75 | [StoryDirector] Đang tính toán các lựa chọn tiếp theo...
2026-06-01 01:05:07 | DEBUG    | StoryDirector:86 | [StoryDirector] Đã tạo thành công 3 lựa chọn khả thi.
2026-06-01 01:05:07 | INFO     | Orchestration:120 | [Groq Tokens] TỔNG CỘNG: 4411 (QueryAgent: 697 | LocationAgent: 854 | StoryAgent: 2097 | ChoiceAgent: 763)
2026-06-01 01:05:07 | DEBUG    | Orchestration:122 | [Profile] Tổng thời gian Turn: 24.188s
2026-06-01 01:05:42 | INFO     | Orchestration:66 | [Turn Start] Player Input: 'Tôi kiểm tra các bức tường đá xem có lối thoát ẩn khác'
2026-06-01 01:05:43 | DEBUG    | ActionProcessor:32 | [ActionManager] Đã tải thành công file action_directives.yaml!
2026-06-01 01:05:43 | INFO     | ActionProcessor:100 | [ActionManager] 🎲 Sự kiện Địa điểm ẩn (Xí ngầu: 10/19)
2026-06-01 01:05:43 | DEBUG    | MemoryProcessor:134 | [MemoryProcessor] Truy vấn FAISS: 'Tìm lối thoát ẩn trên tường đá'
2026-06-01 01:05:43 | DEBUG    | MemoryManager:172 | [VectorDB Search] 'Tìm lối thoát ẩn trên tường đá' -> Trả về 10 kết quả.
2026-06-01 01:05:43 | DEBUG    | MemoryProcessor:188 | [Profile] RAG (Hybrid DB+FAISS) hoàn tất trong: 0.396s
2026-06-01 01:05:43 | DEBUG    | StoryDirector:51 | [StoryDirector] Bắt đầu sinh luồng truyện (Streaming) cho hành động: 'Tôi kiểm tra các bức tường đá xem có lối thoát ẩn ...'
2026-06-01 01:05:44 | DEBUG    | Orchestration:85 | [Profile] Time to First Token (TTFT): 0.680s
2026-06-01 01:05:47 | DEBUG    | StateProcessor:381 | [Profile] Background Tasks (State Extraction): 1.396s
2026-06-01 01:05:51 | INFO     | StateProcessor:53 | >> [Hệ Thống] Phát hiện khu vực mới: Hành Lang Đá Bí Mật. Đang tải ảnh nền...
2026-06-01 01:05:51 | INFO     | ImageManager:45 | [ImageManager] Đang vẽ bối cảnh mới: 'Hành Lang Đá Bí Mật'...
2026-06-01 01:05:51 | WARNING  | ImageManager:59 | [ImageManager] Tạo ảnh bối cảnh 'Hành Lang Đá Bí Mật' thất bại.
2026-06-01 01:05:51 | DEBUG    | BaseManager:75 | [Locations] Đã lưu thành công 'Hành Lang Đá Bí Mật'.
2026-06-01 01:06:10 | INFO     | StateProcessor:288 | [Quest] Nhiệm vụ phụ mới: Tiếng Vọng Trong Hầm Ngầm
2026-06-01 01:06:10 | INFO     | StateProcessor:253 | [Quest Notice] Nhiệm vụ mới: Tiếng Vọng Trong Hầm Ngầm. Mục tiêu: Dọn dẹp đống đổ nát chặn lối vào chiếc rương, Mở khóa chiếc rương cũ bằng lưỡi lê của bạn.
2026-06-01 01:06:10 | INFO     | AudioManager:72 | [Audio] Đang phát nhạc: bình thường (binh_thuong.mp3)
2026-06-01 01:06:10 | DEBUG    | MemoryManager:209 | [ShortTermMemory] Đã cập nhật Context Window hiện tại (Size: 4).
2026-06-01 01:06:10 | DEBUG    | DatabaseManager:148 | [Database] Đã ghi một ký ức mới vào Turn 3.
2026-06-01 01:06:10 | DEBUG    | MemoryProcessor:235 | [MemoryProcessor] Đã lưu 1 Episode Ký ức vào CSDL và VectorDB.
2026-06-01 01:06:10 | INFO     | StoryDirector:75 | [StoryDirector] Đang tính toán các lựa chọn tiếp theo...
2026-06-01 01:06:12 | DEBUG    | StoryDirector:86 | [StoryDirector] Đã tạo thành công 3 lựa chọn khả thi.
2026-06-01 01:06:12 | INFO     | Orchestration:120 | [Groq Tokens] TỔNG CỘNG: 6177 (QueryAgent: 982 | LocationAgent: 1666 | StoryAgent: 2769 | ChoiceAgent: 760)
2026-06-01 01:06:12 | DEBUG    | Orchestration:122 | [Profile] Tổng thời gian Turn: 28.687s
2026-06-01 01:06:57 | INFO     | Orchestration:66 | [Turn Start] Player Input: 'Tôi bước vào lối đi hẹp để khám phá.'
2026-06-01 01:06:59 | DEBUG    | ActionProcessor:32 | [ActionManager] Đã tải thành công file action_directives.yaml!
2026-06-01 01:06:59 | DEBUG    | MemoryProcessor:134 | [MemoryProcessor] Truy vấn FAISS: 'bước vào lối đi hẹp khám phá Hành Lang Đá Bí Mật'
2026-06-01 01:06:59 | DEBUG    | MemoryManager:172 | [VectorDB Search] 'bước vào lối đi hẹp khám phá Hành Lang Đá Bí Mật' -> Trả về 10 kết quả.
2026-06-01 01:06:59 | DEBUG    | MemoryProcessor:188 | [Profile] RAG (Hybrid DB+FAISS) hoàn tất trong: 0.447s
2026-06-01 01:06:59 | DEBUG    | StoryDirector:51 | [StoryDirector] Bắt đầu sinh luồng truyện (Streaming) cho hành động: 'Tôi bước vào lối đi hẹp để khám phá....'
2026-06-01 01:07:00 | DEBUG    | Orchestration:85 | [Profile] Time to First Token (TTFT): 0.745s
2026-06-01 01:07:03 | DEBUG    | StateProcessor:381 | [Profile] Background Tasks (State Extraction): 2.019s
2026-06-01 01:07:05 | INFO     | StateProcessor:53 | >> [Hệ Thống] Phát hiện khu vực mới: Vùng Núi Đá Bị Quên. Đang tải ảnh nền...
2026-06-01 01:07:05 | INFO     | ImageManager:45 | [ImageManager] Đang vẽ bối cảnh mới: 'Vùng Núi Đá Bị Quên'...
2026-06-01 01:07:05 | WARNING  | ImageManager:59 | [ImageManager] Tạo ảnh bối cảnh 'Vùng Núi Đá Bị Quên' thất bại.
2026-06-01 01:07:05 | DEBUG    | BaseManager:75 | [Locations] Đã lưu thành công 'Vùng Núi Đá Bị Quên'.
2026-06-01 01:07:12 | INFO     | AudioManager:72 | [Audio] Đang phát nhạc: rùng rợn (rung_ron.mp3)
2026-06-01 01:07:12 | DEBUG    | MemoryManager:209 | [ShortTermMemory] Đã cập nhật Context Window hiện tại (Size: 4).
2026-06-01 01:07:12 | DEBUG    | DatabaseManager:148 | [Database] Đã ghi một ký ức mới vào Turn 4.
2026-06-01 01:07:12 | DEBUG    | MemoryProcessor:235 | [MemoryProcessor] Đã lưu 1 Episode Ký ức vào CSDL và VectorDB.
2026-06-01 01:07:12 | INFO     | StoryDirector:75 | [StoryDirector] Đang tính toán các lựa chọn tiếp theo...
2026-06-01 01:07:17 | DEBUG    | StoryDirector:86 | [StoryDirector] Đã tạo thành công 3 lựa chọn khả thi.
2026-06-01 01:07:17 | INFO     | Orchestration:120 | [Groq Tokens] TỔNG CỘNG: 7091 (QueryAgent: 1261 | LocationAgent: 1029 | StoryAgent: 3123 | ChoiceAgent: 1678)
2026-06-01 01:07:17 | DEBUG    | Orchestration:122 | [Profile] Tổng thời gian Turn: 18.042s
2026-06-01 01:07:36 | INFO     | Orchestration:267 | Người chơi thoát game an toàn. Đang đóng CSDL...
2026-06-01 10:06:41 | INFO     | Orchestration:23 | Đang khởi tạo hệ thống Eldoria Game Engine...
2026-06-01 10:06:41 | DEBUG    | ImageManager:22 | [ImageManager] Đã khởi tạo các thư mục bộ nhớ đệm ảnh.
2026-06-01 10:06:41 | INFO     | MemoryManager:20 | [VectorDB] Đang khởi tạo Embedding Model từ: bkai-foundation-models/vietnamese-bi-encoder...
2026-06-01 10:06:48 | INFO     | MemoryManager:104 | [VectorDB] Khôi phục thành công 12 ký ức từ ổ cứng.
2026-06-01 10:06:48 | DEBUG    | MemoryProcessor:21 | [MemoryProcessor] Đã khởi tạo hệ thống xử lý Ký ức.
2026-06-01 10:06:52 | DEBUG    | StoryDirector:29 | [StoryDirector] Đã khởi tạo các Cloud Agents (Llama-3 & Qwen).
2026-06-01 10:06:52 | INFO     | Orchestration:58 | Hệ thống đã sẵn sàng!
2026-06-01 10:06:53 | INFO     | Orchestration:202 | Bắt đầu khởi tạo phiên chơi mới - Dọn dẹp dữ liệu...
2026-06-01 10:06:53 | INFO     | DatabaseManager:36 | [Database] Đã mở kết nối bất đồng bộ tới ./data/World.db
2026-06-01 10:06:53 | DEBUG    | DatabaseManager:144 | [Database] Bảng 'QuestEvents' chưa tồn tại, bỏ qua bước dọn dẹp.
2026-06-01 10:06:53 | DEBUG    | DatabaseManager:144 | [Database] Bảng 'QuestBranches' chưa tồn tại, bỏ qua bước dọn dẹp.
2026-06-01 10:06:53 | INFO     | DatabaseManager:151 | [Database] Đã dọn dẹp sạch sẽ toàn bộ dữ liệu SQLite!
2026-06-01 10:06:53 | INFO     | DatabaseManager:58 | [Database] Khởi tạo các bảng SQL thành công!
2026-06-01 10:06:53 | INFO     | ImageManager:112 | [ImageManager] Bắt đầu dọn dẹp thư mục ảnh cũ cho Game mới...
2026-06-01 10:06:53 | INFO     | ImageManager:123 | [ImageManager] Dọn dẹp thư mục ảnh hoàn tất.
2026-06-01 10:07:08 | INFO     | Orchestration:211 | Người chơi chọn ý tưởng: 'the gioi mo'
2026-06-01 10:07:08 | INFO     | StoryDirector:92 | [StoryDirector] Đang tạo World Bible từ ý tưởng người chơi...
2026-06-01 10:07:11 | DEBUG    | StoryDirector:98 | [StoryDirector] Đã lưu World Bible xuống file: ./data/world_bible.json
2026-06-01 10:07:11 | DEBUG    | Orchestration:226 | World State Loaded: The Gioi Mo | ['Open World', 'Fantasy', 'Adventure']
2026-06-01 10:07:11 | INFO     | Orchestration:230 | Khởi tạo Location đầu tiên...
2026-06-01 10:07:11 | INFO     | StoryDirector:106 | [StoryDirector] Đang khởi tạo địa điểm xuất phát cho thế giới 'The Gioi Mo'...
2026-06-01 10:07:12 | INFO     | StoryDirector:111 | [StoryDirector] Đang khởi tạo các npc quan trọng cho thế giới 'The Gioi Mo'...
2026-06-01 10:07:16 | DEBUG    | BaseManager:75 | [Locations] Đã lưu thành công 'Thung Lũng Bóng Hồng'.
2026-06-01 10:07:16 | WARNING  | BaseManager:78 | [NPCs] Đã chặn lỗi chèn trùng lặp (UNIQUE constraint) với: 'Thần Tể Cổ Lam'
2026-06-01 10:07:16 | WARNING  | BaseManager:78 | [NPCs] Đã chặn lỗi chèn trùng lặp (UNIQUE constraint) với: 'Thần Thoại Hắc Ma'
2026-06-01 10:07:16 | WARNING  | BaseManager:78 | [NPCs] Đã chặn lỗi chèn trùng lặp (UNIQUE constraint) với: 'Vagabond Xuyên Không'
2026-06-01 10:07:16 | WARNING  | BaseManager:78 | [NPCs] Đã chặn lỗi chèn trùng lặp (UNIQUE constraint) với: 'Lãnh Chúa Ẩn Thư'
2026-06-01 10:07:16 | INFO     | ImageManager:45 | [ImageManager] Đang vẽ bối cảnh mới: 'Thung Lũng Bóng Hồng'...
2026-06-01 10:07:16 | WARNING  | ImageManager:59 | [ImageManager] Tạo ảnh bối cảnh 'Thung Lũng Bóng Hồng' thất bại.
2026-06-01 10:07:37 | INFO     | AudioManager:72 | [Audio] Đang phát nhạc: sợ hãi (binh_thuong.mp3)
2026-06-01 10:07:37 | INFO     | StoryDirector:139 | [StoryDirector] Bắt đầu sinh phân đoạn truyện mở đầu tại 'Thung Lũng Bóng Hồng'...
2026-06-01 10:07:39 | INFO     | Orchestration:284 | Lưu ký ức Prologue (Turn 0)...
2026-06-01 10:07:39 | DEBUG    | MemoryManager:209 | [ShortTermMemory] Đã cập nhật Context Window hiện tại (Size: 1).
2026-06-01 10:07:39 | DEBUG    | DatabaseManager:165 | [Database] Đã ghi một ký ức mới vào Turn 0.
2026-06-01 10:07:40 | DEBUG    | MemoryProcessor:235 | [MemoryProcessor] Đã lưu 1 Episode Ký ức vào CSDL và VectorDB.
2026-06-01 10:07:40 | INFO     | StoryDirector:75 | [StoryDirector] Đang tính toán các lựa chọn tiếp theo...
2026-06-01 10:07:42 | DEBUG    | StoryDirector:86 | [StoryDirector] Đã tạo thành công 3 lựa chọn khả thi.
2026-06-01 10:07:42 | INFO     | Orchestration:303 | === BẮT ĐẦU VÒNG LẶP GAME CHÍNH (GAME LOOP) ===
2026-06-01 10:07:59 | INFO     | Orchestration:66 | [Turn Start] Player Input: 'Tôi cắm dao xuống đất để chống lại sức hút'
2026-06-01 10:08:18 | DEBUG    | ActionProcessor:32 | [ActionManager] Đã tải thành công file action_directives.yaml!
2026-06-01 10:08:19 | DEBUG    | MemoryProcessor:134 | [MemoryProcessor] Truy vấn FAISS: 'Cắm dao xuống đất chống lại sức hút cánh cổng không gian'
2026-06-01 10:08:19 | DEBUG    | MemoryManager:172 | [VectorDB Search] 'Cắm dao xuống đất chống lại sức hút cánh cổng không gian' -> Trả về 10 kết quả.
2026-06-01 10:08:19 | DEBUG    | MemoryProcessor:188 | [Profile] RAG (Hybrid DB+FAISS) hoàn tất trong: 0.516s
2026-06-01 10:08:19 | DEBUG    | StoryDirector:51 | [StoryDirector] Bắt đầu sinh luồng truyện (Streaming) cho hành động: 'Tôi cắm dao xuống đất để chống lại sức hút...'
2026-06-01 10:08:19 | DEBUG    | Orchestration:85 | [Profile] Time to First Token (TTFT): 0.306s
2026-06-01 10:08:25 | DEBUG    | StateProcessor:607 | [Profile] Background Tasks (State Extraction): 5.146s
2026-06-01 10:08:47 | INFO     | StateProcessor:508 | [Quest] Nhiệm vụ phụ mới: Tiếng Vọng Từ Hư Không
2026-06-01 10:08:47 | INFO     | StateProcessor:266 | [Quest Notice] Nhiệm vụ mới sẵn sàng: Tiếng Vọng Từ Hư Không. Mục tiêu: Đào mảnh tinh thể bị vùi lấp dưới đất, Hấp thụ năng lượng từ tinh thể để ổn định cơ thể.
2026-06-01 10:08:47 | INFO     | AudioManager:72 | [Audio] Đang phát nhạc: bình thường (binh_thuong.mp3)
2026-06-01 10:08:47 | DEBUG    | MemoryManager:209 | [ShortTermMemory] Đã cập nhật Context Window hiện tại (Size: 2).
2026-06-01 10:08:47 | DEBUG    | DatabaseManager:165 | [Database] Đã ghi một ký ức mới vào Turn 1.
2026-06-01 10:08:48 | DEBUG    | MemoryProcessor:235 | [MemoryProcessor] Đã lưu 1 Episode Ký ức vào CSDL và VectorDB.
2026-06-01 10:08:48 | INFO     | StoryDirector:75 | [StoryDirector] Đang tính toán các lựa chọn tiếp theo...
2026-06-01 10:08:51 | DEBUG    | StoryDirector:86 | [StoryDirector] Đã tạo thành công 3 lựa chọn khả thi.
2026-06-01 10:08:51 | INFO     | Orchestration:120 | [Groq Tokens] TỔNG CỘNG: 8406 (QueryAgent: 558 | LocationAgent: 490 | NPCAgent: 1608 | StoryAgent: 2625 | ChoiceAgent: 2353 | WorldGenerateAgent: 772)
2026-06-01 10:08:51 | DEBUG    | Orchestration:122 | [Profile] Tổng thời gian Turn: 32.926s
2026-06-01 10:09:23 | INFO     | StateProcessor:266 | [Quest Notice] Bạn tạm rời mạch chính để xử lý quest 'Tiếng Vọng Từ Hư Không'. Điểm xuất phát hiện tại được lưu lại để quay về sau khi hoàn tất.
2026-06-01 10:10:36 | INFO     | Orchestration:312 | Người chơi thoát game an toàn. Đang đóng CSDL...
2026-06-01 10:21:24 | INFO     | Orchestration:23 | Đang khởi tạo hệ thống Eldoria Game Engine...
2026-06-01 10:21:24 | DEBUG    | ImageManager:22 | [ImageManager] Đã khởi tạo các thư mục bộ nhớ đệm ảnh.
2026-06-01 10:21:24 | INFO     | MemoryManager:20 | [VectorDB] Đang khởi tạo Embedding Model từ: bkai-foundation-models/vietnamese-bi-encoder...
2026-06-01 10:21:31 | INFO     | MemoryManager:104 | [VectorDB] Khôi phục thành công 12 ký ức từ ổ cứng.
2026-06-01 10:21:31 | DEBUG    | MemoryProcessor:21 | [MemoryProcessor] Đã khởi tạo hệ thống xử lý Ký ức.
2026-06-01 10:21:35 | DEBUG    | StoryDirector:29 | [StoryDirector] Đã khởi tạo các Cloud Agents (Llama-3 & Qwen).
2026-06-01 10:21:35 | INFO     | Orchestration:59 | Hệ thống đã sẵn sàng!
2026-06-01 10:21:35 | INFO     | Orchestration:243 | Bắt đầu khởi tạo phiên chơi mới - Dọn dẹp dữ liệu...
2026-06-01 10:21:35 | INFO     | DatabaseManager:36 | [Database] Đã mở kết nối bất đồng bộ tới ./data/World.db
2026-06-01 10:21:35 | INFO     | DatabaseManager:151 | [Database] Đã dọn dẹp sạch sẽ toàn bộ dữ liệu SQLite!
2026-06-01 10:21:35 | INFO     | DatabaseManager:58 | [Database] Khởi tạo các bảng SQL thành công!
2026-06-01 10:21:35 | INFO     | ImageManager:112 | [ImageManager] Bắt đầu dọn dẹp thư mục ảnh cũ cho Game mới...
2026-06-01 10:21:35 | INFO     | ImageManager:123 | [ImageManager] Dọn dẹp thư mục ảnh hoàn tất.
2026-06-01 10:21:49 | INFO     | Orchestration:252 | Người chơi chọn ý tưởng: 'the gioi moi'
2026-06-01 10:21:49 | INFO     | StoryDirector:160 | [StoryDirector] Đang tạo World Bible từ ý tưởng người chơi...
2026-06-01 10:21:51 | DEBUG    | StoryDirector:166 | [StoryDirector] Đã lưu World Bible xuống file: ./data/world_bible.json
2026-06-01 10:21:51 | DEBUG    | Orchestration:267 | World State Loaded: The New World | ['Fantasy', 'Post-Apocalyptic']
2026-06-01 10:21:51 | INFO     | Orchestration:271 | Khởi tạo Location đầu tiên...
2026-06-01 10:21:51 | INFO     | StoryDirector:174 | [StoryDirector] Đang khởi tạo địa điểm xuất phát cho thế giới 'The New World'...
2026-06-01 10:21:52 | INFO     | StoryDirector:179 | [StoryDirector] Đang khởi tạo các npc quan trọng cho thế giới 'The New World'...
2026-06-01 10:21:56 | DEBUG    | BaseManager:75 | [Locations] Đã lưu thành công 'Làng Mọc Lại'.
2026-06-01 10:21:56 | WARNING  | BaseManager:78 | [NPCs] Đã chặn lỗi chèn trùng lặp (UNIQUE constraint) với: 'Tổng thống Elias Voss'
2026-06-01 10:21:56 | WARNING  | BaseManager:78 | [NPCs] Đã chặn lỗi chèn trùng lặp (UNIQUE constraint) với: 'Sư phụ Mara'
2026-06-01 10:21:56 | WARNING  | BaseManager:78 | [NPCs] Đã chặn lỗi chèn trùng lặp (UNIQUE constraint) với: 'Kẻ lẻn bóng Kael Draven'
2026-06-01 10:21:56 | WARNING  | BaseManager:78 | [NPCs] Đã chặn lỗi chèn trùng lặp (UNIQUE constraint) với: 'Chủ tịch Jax Ren'
2026-06-01 10:21:56 | INFO     | ImageManager:45 | [ImageManager] Đang vẽ bối cảnh mới: 'Làng Mọc Lại'...
2026-06-01 10:21:56 | WARNING  | ImageManager:59 | [ImageManager] Tạo ảnh bối cảnh 'Làng Mọc Lại' thất bại.
2026-06-01 10:22:16 | INFO     | AudioManager:72 | [Audio] Đang phát nhạc: căng thẳng (hoi_hop.mp3)
2026-06-01 10:22:16 | INFO     | StoryDirector:207 | [StoryDirector] Bắt đầu sinh phân đoạn truyện mở đầu tại 'Làng Mọc Lại'...
2026-06-01 10:22:18 | INFO     | Orchestration:325 | Lưu ký ức Prologue (Turn 0)...
2026-06-01 10:22:18 | DEBUG    | MemoryManager:209 | [ShortTermMemory] Đã cập nhật Context Window hiện tại (Size: 1).
2026-06-01 10:22:18 | DEBUG    | DatabaseManager:165 | [Database] Đã ghi một ký ức mới vào Turn 0.
2026-06-01 10:22:18 | DEBUG    | MemoryProcessor:235 | [MemoryProcessor] Đã lưu 1 Episode Ký ức vào CSDL và VectorDB.
2026-06-01 10:22:18 | INFO     | StoryDirector:117 | [StoryDirector] Đang tính toán các lựa chọn tiếp theo...
2026-06-01 10:22:20 | DEBUG    | StoryDirector:154 | [StoryDirector] Đã tạo thành công 3 lựa chọn khả thi.
2026-06-01 10:22:20 | INFO     | Orchestration:344 | === BẮT ĐẦU VÒNG LẶP GAME CHÍNH (GAME LOOP) ===
2026-06-01 10:22:34 | INFO     | Orchestration:67 | [Turn Start] Player Input: 'Tôi quan sát con đường phía đông để tránh sự đe dọa'
2026-06-01 10:22:49 | DEBUG    | ActionProcessor:32 | [ActionManager] Đã tải thành công file action_directives.yaml!
2026-06-01 10:22:50 | DEBUG    | MemoryProcessor:134 | [MemoryProcessor] Truy vấn FAISS: 'Con đường phía đông Làng Mọc Lại'
2026-06-01 10:22:50 | DEBUG    | MemoryManager:172 | [VectorDB Search] 'Con đường phía đông Làng Mọc Lại' -> Trả về 10 kết quả.
2026-06-01 10:22:50 | DEBUG    | MemoryProcessor:188 | [Profile] RAG (Hybrid DB+FAISS) hoàn tất trong: 0.500s
2026-06-01 10:22:50 | DEBUG    | StoryDirector:51 | [StoryDirector] Bắt đầu sinh luồng truyện (Streaming) cho hành động: 'Tôi quan sát con đường phía đông để tránh sự đe dọ...'
2026-06-01 10:22:50 | DEBUG    | Orchestration:123 | [Profile] Time to First Token (TTFT): 0.431s
2026-06-01 10:22:57 | DEBUG    | StateProcessor:607 | [Profile] Background Tasks (State Extraction): 6.177s
2026-06-01 10:22:57 | INFO     | StateProcessor:143 | [Cloud] Đang tạo hàng loạt NPC mới: ['Người đàn ông cao lớn']...
2026-06-01 10:22:59 | INFO     | ImageManager:73 | [ImageManager] Đang vẽ NPC mới: 'Người đàn ông cao lớn'...
2026-06-01 10:22:59 | WARNING  | ImageManager:83 | [ImageManager] Tạo ảnh NPC 'Người đàn ông cao lớn' thất bại.
2026-06-01 10:22:59 | DEBUG    | BaseManager:75 | [NPCs] Đã lưu thành công 'Người đàn ông cao lớn'.
2026-06-01 10:23:32 | INFO     | StateProcessor:508 | [Quest] Nhiệm vụ phụ mới: Tiếp tế khẩn cấp
2026-06-01 10:23:32 | INFO     | StateProcessor:266 | [Quest Notice] Nhiệm vụ mới sẵn sàng: Tiếp tế khẩn cấp. Mục tiêu: Tìm kiếm thực phẩm trong các ngôi nhà bỏ hoang tại Làng Mọc Lại, Mang thực phẩm đến cho người đàn ông cao lớn.
2026-06-01 10:23:32 | DEBUG    | MemoryManager:209 | [ShortTermMemory] Đã cập nhật Context Window hiện tại (Size: 2).
2026-06-01 10:23:32 | DEBUG    | DatabaseManager:165 | [Database] Đã ghi một ký ức mới vào Turn 1.
2026-06-01 10:23:32 | DEBUG    | MemoryProcessor:235 | [MemoryProcessor] Đã lưu 1 Episode Ký ức vào CSDL và VectorDB.
2026-06-01 10:23:32 | INFO     | StoryDirector:117 | [StoryDirector] Đang tính toán các lựa chọn tiếp theo...
2026-06-01 10:23:34 | DEBUG    | StoryDirector:154 | [StoryDirector] Đã tạo thành công 3 lựa chọn khả thi.
2026-06-01 10:23:34 | INFO     | Orchestration:160 | [Groq Tokens] TỔNG CỘNG: 9838 (QueryAgent: 648 | LocationAgent: 576 | NPCAgent: 2628 | StoryAgent: 3124 | ChoiceAgent: 2222 | WorldGenerateAgent: 640)
2026-06-01 10:23:34 | DEBUG    | Orchestration:162 | [Profile] Tổng thời gian Turn: 44.521s
2026-06-01 10:26:22 | INFO     | StateProcessor:266 | [Quest Notice] Bạn tạm rời mạch chính để xử lý quest 'Tiếp tế khẩn cấp'. Điểm xuất phát hiện tại được lưu lại để quay về sau khi hoàn tất.
2026-06-01 10:26:41 | INFO     | StateProcessor:266 | [Quest Notice] Bạn gác quest 'Tiếp tế khẩn cấp' lại và quay về mạch truyện chính từ điểm đã lưu.
2026-06-01 10:27:01 | INFO     | Orchestration:67 | [Turn Start] Player Input: 'Tôi nhanh chóng di chuyển về phía người đàn ông cao lớn để hỗ trợ.'
2026-06-01 10:27:16 | DEBUG    | ActionProcessor:32 | [ActionManager] Đã tải thành công file action_directives.yaml!
2026-06-01 10:27:17 | DEBUG    | MemoryProcessor:134 | [MemoryProcessor] Truy vấn FAISS: 'Người đàn ông cao lớn ở Làng Mọc Lại'
2026-06-01 10:27:17 | DEBUG    | MemoryManager:172 | [VectorDB Search] 'Người đàn ông cao lớn ở Làng Mọc Lại' -> Trả về 10 kết quả.
2026-06-01 10:27:17 | DEBUG    | MemoryProcessor:148 | [Deduplication] Bỏ qua ký ức #2 từ FAISS vì đã có trong Lịch sử NPC.
2026-06-01 10:27:17 | DEBUG    | MemoryProcessor:188 | [Profile] RAG (Hybrid DB+FAISS) hoàn tất trong: 0.625s
2026-06-01 10:27:17 | DEBUG    | StoryDirector:51 | [StoryDirector] Bắt đầu sinh luồng truyện (Streaming) cho hành động: 'Tôi nhanh chóng di chuyển về phía người đàn ông ca...'
2026-06-01 10:27:18 | DEBUG    | Orchestration:123 | [Profile] Time to First Token (TTFT): 0.546s
2026-06-01 10:27:39 | DEBUG    | StateProcessor:607 | [Profile] Background Tasks (State Extraction): 20.180s
2026-06-01 10:28:02 | INFO     | StateProcessor:508 | [Quest] Nhiệm vụ phụ mới: Tiếp tế khẩn cấp
2026-06-01 10:28:02 | INFO     | StateProcessor:266 | [Quest Notice] Nhiệm vụ mới sẵn sàng: Tiếp tế khẩn cấp. Mục tiêu: Tìm kiếm thảo dược trong các ngôi nhà bỏ hoang gần đó, Mang thảo dược về cho người đàn ông cao lớn.
2026-06-01 10:28:02 | DEBUG    | MemoryManager:209 | [ShortTermMemory] Đã cập nhật Context Window hiện tại (Size: 3).
2026-06-01 10:28:02 | DEBUG    | DatabaseManager:165 | [Database] Đã ghi một ký ức mới vào Turn 2.
2026-06-01 10:28:02 | DEBUG    | MemoryProcessor:235 | [MemoryProcessor] Đã lưu 1 Episode Ký ức vào CSDL và VectorDB.
2026-06-01 10:28:02 | INFO     | StoryDirector:117 | [StoryDirector] Đang tính toán các lựa chọn tiếp theo...
2026-06-01 10:28:04 | DEBUG    | StoryDirector:154 | [StoryDirector] Đã tạo thành công 3 lựa chọn khả thi.
2026-06-01 10:28:04 | INFO     | Orchestration:160 | [Groq Tokens] TỔNG CỘNG: 3957 (QueryAgent: 691 | StoryAgent: 2360 | ChoiceAgent: 906)
2026-06-01 10:28:04 | DEBUG    | Orchestration:162 | [Profile] Tổng thời gian Turn: 47.900s
2026-06-01 10:28:26 | INFO     | StateProcessor:266 | [Quest Notice] Bạn tạm rời mạch chính để xử lý quest 'Tiếp tế khẩn cấp'. Điểm xuất phát hiện tại được lưu lại để quay về sau khi hoàn tất.
2026-06-01 10:28:30 | INFO     | Orchestration:67 | [Turn Start] Player Input: 'Tôi hỏi Người đàn ông cao lớn về cái bóng.'
2026-06-01 10:28:48 | DEBUG    | ActionProcessor:32 | [ActionManager] Đã tải thành công file action_directives.yaml!
2026-06-01 10:28:49 | DEBUG    | MemoryProcessor:134 | [MemoryProcessor] Truy vấn FAISS: 'Người đàn ông cao lớn và bóng hình phía đông'
2026-06-01 10:28:49 | DEBUG    | MemoryManager:172 | [VectorDB Search] 'Người đàn ông cao lớn và bóng hình phía đông' -> Trả về 10 kết quả.
2026-06-01 10:28:49 | DEBUG    | MemoryProcessor:148 | [Deduplication] Bỏ qua ký ức #2 từ FAISS vì đã có trong Lịch sử NPC.
2026-06-01 10:28:49 | DEBUG    | MemoryProcessor:148 | [Deduplication] Bỏ qua ký ức #3 từ FAISS vì đã có trong Lịch sử NPC.
2026-06-01 10:28:49 | DEBUG    | MemoryProcessor:188 | [Profile] RAG (Hybrid DB+FAISS) hoàn tất trong: 0.699s
2026-06-01 10:28:49 | DEBUG    | Orchestration:123 | [Profile] Time to First Token (TTFT): 0.385s
2026-06-01 10:29:05 | DEBUG    | StateProcessor:607 | [Profile] Background Tasks (State Extraction): 14.584s
2026-06-01 10:29:05 | INFO     | NPCManager:68 | [NPCManager] 💖 Cập nhật Người đàn ông cao lớn: Thiện cảm (+5)
2026-06-01 10:29:10 | DEBUG    | MemoryManager:209 | [ShortTermMemory] Đã cập nhật Context Window hiện tại (Size: 4).
2026-06-01 10:29:10 | DEBUG    | DatabaseManager:165 | [Database] Đã ghi một ký ức mới vào Turn 3.
2026-06-01 10:29:10 | DEBUG    | MemoryProcessor:235 | [MemoryProcessor] Đã lưu 1 Episode Ký ức vào CSDL và VectorDB.
2026-06-01 10:29:10 | INFO     | StoryDirector:117 | [StoryDirector] Đang tính toán các lựa chọn tiếp theo...
2026-06-01 10:29:11 | DEBUG    | StoryDirector:154 | [StoryDirector] Đã tạo thành công 3 lựa chọn khả thi.
2026-06-01 10:29:11 | INFO     | Orchestration:160 | [Groq Tokens] TỔNG CỘNG: 5088 (QueryAgent: 934 | StoryAgent: 3105 | ChoiceAgent: 1049)
2026-06-01 10:29:11 | DEBUG    | Orchestration:162 | [Profile] Tổng thời gian Turn: 23.465s
2026-06-01 10:29:20 | INFO     | Orchestration:67 | [Turn Start] Player Input: 'Tôi sẽ tiến vào ngôi nhà gỗ bên phải để tìm thảo dược.'
2026-06-01 10:29:28 | DEBUG    | ActionProcessor:32 | [ActionManager] Đã tải thành công file action_directives.yaml!
2026-06-01 10:29:28 | DEBUG    | MemoryProcessor:134 | [MemoryProcessor] Truy vấn FAISS: 'Tìm thảo dược trong ngôi nhà gỗ bên phải Làng Mọc Lại'
2026-06-01 10:29:28 | DEBUG    | MemoryManager:172 | [VectorDB Search] 'Tìm thảo dược trong ngôi nhà gỗ bên phải Làng Mọc Lại' -> Trả về 10 kết quả.
2026-06-01 10:29:28 | DEBUG    | MemoryProcessor:148 | [Deduplication] Bỏ qua ký ức #3 từ FAISS vì đã có trong Lịch sử NPC.
2026-06-01 10:29:28 | DEBUG    | MemoryProcessor:148 | [Deduplication] Bỏ qua ký ức #4 từ FAISS vì đã có trong Lịch sử NPC.
2026-06-01 10:29:28 | DEBUG    | MemoryProcessor:148 | [Deduplication] Bỏ qua ký ức #2 từ FAISS vì đã có trong Lịch sử NPC.
2026-06-01 10:29:28 | DEBUG    | MemoryProcessor:188 | [Profile] RAG (Hybrid DB+FAISS) hoàn tất trong: 0.640s
2026-06-01 10:29:29 | DEBUG    | Orchestration:123 | [Profile] Time to First Token (TTFT): 0.446s
2026-06-01 10:29:54 | DEBUG    | StateProcessor:607 | [Profile] Background Tasks (State Extraction): 23.876s
2026-06-01 10:29:56 | INFO     | StateProcessor:66 | >> [Hệ Thống] Phát hiện khu vực mới: Cánh đồng bóng khổng lồ. Đang tải ảnh nền...
2026-06-01 10:29:56 | INFO     | ImageManager:45 | [ImageManager] Đang vẽ bối cảnh mới: 'Cánh đồng bóng khổng lồ'...
2026-06-01 10:29:56 | WARNING  | ImageManager:59 | [ImageManager] Tạo ảnh bối cảnh 'Cánh đồng bóng khổng lồ' thất bại.
2026-06-01 10:29:56 | DEBUG    | BaseManager:75 | [Locations] Đã lưu thành công 'Cánh đồng bóng khổng lồ'.
2026-06-01 10:29:56 | INFO     | StateProcessor:203 | [Hệ Thống] ---> THAY ĐỔI TÚI ĐỒ <---
2026-06-01 10:30:05 | INFO     | ImageManager:95 | [ImageManager] Đang vẽ vật phẩm mới: 'Cây lá xanh đậm'...
2026-06-01 10:30:05 | WARNING  | ImageManager:107 | [ImageManager] Tạo ảnh vật phẩm 'Cây lá xanh đậm' thất bại.
2026-06-01 10:30:05 | INFO     | StateProcessor:229 |  [+] Nhận được: Cây lá xanh đậm
2026-06-01 10:30:22 | INFO     | ImageManager:95 | [ImageManager] Đang vẽ vật phẩm mới: 'Cây hoa màu vàng'...
2026-06-01 10:30:22 | WARNING  | ImageManager:107 | [ImageManager] Tạo ảnh vật phẩm 'Cây hoa màu vàng' thất bại.
2026-06-01 10:30:22 | INFO     | StateProcessor:229 |  [+] Nhận được: Cây hoa màu vàng
2026-06-01 10:30:44 | INFO     | ImageManager:95 | [ImageManager] Đang vẽ vật phẩm mới: 'Cây thân màu nâu'...
2026-06-01 10:30:44 | WARNING  | ImageManager:107 | [ImageManager] Tạo ảnh vật phẩm 'Cây thân màu nâu' thất bại.
2026-06-01 10:30:44 | INFO     | StateProcessor:229 |  [+] Nhận được: Cây thân màu nâu
2026-06-01 10:30:44 | INFO     | StateProcessor:255 |  [Balo hiện tại]: Cây lá xanh đậm, Cây hoa màu vàng, Cây thân màu nâu
2026-06-01 10:30:59 | INFO     | AudioManager:72 | [Audio] Đang phát nhạc: bình thường (binh_thuong.mp3)
2026-06-01 10:30:59 | DEBUG    | MemoryManager:209 | [ShortTermMemory] Đã cập nhật Context Window hiện tại (Size: 4).
2026-06-01 10:30:59 | DEBUG    | DatabaseManager:165 | [Database] Đã ghi một ký ức mới vào Turn 4.
2026-06-01 10:30:59 | DEBUG    | MemoryProcessor:235 | [MemoryProcessor] Đã lưu 1 Episode Ký ức vào CSDL và VectorDB.
2026-06-01 10:30:59 | INFO     | StoryDirector:117 | [StoryDirector] Đang tính toán các lựa chọn tiếp theo...
2026-06-01 10:31:00 | DEBUG    | StoryDirector:154 | [StoryDirector] Đã tạo thành công 3 lựa chọn khả thi.
2026-06-01 10:31:00 | INFO     | Orchestration:160 | [Groq Tokens] TỔNG CỘNG: 7369 (QueryAgent: 1321 | LocationAgent: 1068 | StoryAgent: 4008 | ChoiceAgent: 972)
2026-06-01 10:31:00 | DEBUG    | Orchestration:162 | [Profile] Tổng thời gian Turn: 92.219s
2026-06-01 10:31:11 | INFO     | Orchestration:67 | [Turn Start] Player Input: 'Tôi mang thảo dược đi gặp người đàn ông cao lớn để xác nhận'
2026-06-01 10:31:13 | DEBUG    | ActionProcessor:32 | [ActionManager] Đã tải thành công file action_directives.yaml!
2026-06-01 10:31:13 | DEBUG    | MemoryProcessor:134 | [MemoryProcessor] Truy vấn FAISS: 'Gặp người đàn ông cao lớn để xác nhận thảo dược'
2026-06-01 10:31:13 | DEBUG    | MemoryManager:172 | [VectorDB Search] 'Gặp người đàn ông cao lớn để xác nhận thảo dược' -> Trả về 10 kết quả.
2026-06-01 10:31:13 | DEBUG    | MemoryProcessor:148 | [Deduplication] Bỏ qua ký ức #5 từ FAISS vì đã có trong Lịch sử NPC.
2026-06-01 10:31:13 | DEBUG    | MemoryProcessor:148 | [Deduplication] Bỏ qua ký ức #3 từ FAISS vì đã có trong Lịch sử NPC.
2026-06-01 10:31:13 | DEBUG    | MemoryProcessor:148 | [Deduplication] Bỏ qua ký ức #4 từ FAISS vì đã có trong Lịch sử NPC.
2026-06-01 10:31:13 | DEBUG    | MemoryProcessor:188 | [Profile] RAG (Hybrid DB+FAISS) hoàn tất trong: 0.431s
2026-06-01 10:31:14 | DEBUG    | Orchestration:123 | [Profile] Time to First Token (TTFT): 0.799s
2026-06-01 10:31:35 | DEBUG    | StateProcessor:607 | [Profile] Background Tasks (State Extraction): 19.535s
2026-06-01 10:31:37 | INFO     | StateProcessor:66 | >> [Hệ Thống] Phát hiện khu vực mới: Nhà Gỗ Cổ Xưa. Đang tải ảnh nền...
2026-06-01 10:31:37 | INFO     | ImageManager:45 | [ImageManager] Đang vẽ bối cảnh mới: 'Nhà Gỗ Cổ Xưa'...
2026-06-01 10:31:37 | WARNING  | ImageManager:59 | [ImageManager] Tạo ảnh bối cảnh 'Nhà Gỗ Cổ Xưa' thất bại.
2026-06-01 10:31:37 | DEBUG    | BaseManager:75 | [Locations] Đã lưu thành công 'Nhà Gỗ Cổ Xưa'.
2026-06-01 10:31:37 | INFO     | NPCManager:68 | [NPCManager] 💖 Cập nhật Người đàn ông cao lớn: Thiện cảm (+5)
2026-06-01 10:31:52 | DEBUG    | MemoryManager:209 | [ShortTermMemory] Đã cập nhật Context Window hiện tại (Size: 4).
2026-06-01 10:31:52 | DEBUG    | DatabaseManager:165 | [Database] Đã ghi một ký ức mới vào Turn 5.
2026-06-01 10:31:52 | DEBUG    | MemoryProcessor:235 | [MemoryProcessor] Đã lưu 1 Episode Ký ức vào CSDL và VectorDB.
2026-06-01 10:31:52 | INFO     | StoryDirector:117 | [StoryDirector] Đang tính toán các lựa chọn tiếp theo...
2026-06-01 10:31:53 | DEBUG    | StoryDirector:154 | [StoryDirector] Đã tạo thành công 3 lựa chọn khả thi.
2026-06-01 10:31:53 | INFO     | Orchestration:160 | [Groq Tokens] TỔNG CỘNG: 6274 (QueryAgent: 1003 | LocationAgent: 950 | StoryAgent: 3276 | ChoiceAgent: 1045)
2026-06-01 10:31:53 | DEBUG    | Orchestration:162 | [Profile] Tổng thời gian Turn: 40.320s
2026-06-01 10:32:02 | INFO     | Orchestration:67 | [Turn Start] Player Input: 'Tôi kiểm tra kỹ thảo dược cùng người đàn ông'
2026-06-01 10:32:23 | DEBUG    | ActionProcessor:32 | [ActionManager] Đã tải thành công file action_directives.yaml!
2026-06-01 10:32:23 | DEBUG    | MemoryProcessor:134 | [MemoryProcessor] Truy vấn FAISS: 'Kiểm tra thảo dược cùng Người đàn ông cao lớn tại nhà gỗ'
2026-06-01 10:32:23 | DEBUG    | MemoryManager:172 | [VectorDB Search] 'Kiểm tra thảo dược cùng Người đàn ông cao lớn tại nhà gỗ' -> Trả về 10 kết quả.
2026-06-01 10:32:23 | DEBUG    | MemoryProcessor:148 | [Deduplication] Bỏ qua ký ức #5 từ FAISS vì đã có trong Lịch sử NPC.
2026-06-01 10:32:23 | DEBUG    | MemoryProcessor:148 | [Deduplication] Bỏ qua ký ức #6 từ FAISS vì đã có trong Lịch sử NPC.
2026-06-01 10:32:23 | DEBUG    | MemoryProcessor:148 | [Deduplication] Bỏ qua ký ức #4 từ FAISS vì đã có trong Lịch sử NPC.
2026-06-01 10:32:23 | DEBUG    | MemoryProcessor:188 | [Profile] RAG (Hybrid DB+FAISS) hoàn tất trong: 0.436s
2026-06-01 10:32:24 | DEBUG    | Orchestration:123 | [Profile] Time to First Token (TTFT): 0.529s
2026-06-01 10:32:55 | DEBUG    | StateProcessor:607 | [Profile] Background Tasks (State Extraction): 30.138s
2026-06-01 10:32:55 | INFO     | NPCManager:68 | [NPCManager] 💖 Cập nhật Người đàn ông cao lớn: Thiện cảm (+5)
2026-06-01 10:32:56 | DEBUG    | MemoryManager:209 | [ShortTermMemory] Đã cập nhật Context Window hiện tại (Size: 4).
2026-06-01 10:32:56 | DEBUG    | DatabaseManager:165 | [Database] Đã ghi một ký ức mới vào Turn 6.
2026-06-01 10:32:56 | DEBUG    | MemoryProcessor:235 | [MemoryProcessor] Đã lưu 1 Episode Ký ức vào CSDL và VectorDB.
2026-06-01 10:32:56 | INFO     | StoryDirector:117 | [StoryDirector] Đang tính toán các lựa chọn tiếp theo...
2026-06-01 10:32:59 | DEBUG    | StoryDirector:154 | [StoryDirector] Đã tạo thành công 3 lựa chọn khả thi.
2026-06-01 10:32:59 | INFO     | Orchestration:160 | [Groq Tokens] TỔNG CỘNG: 5826 (QueryAgent: 985 | StoryAgent: 3291 | ChoiceAgent: 1550)
2026-06-01 10:32:59 | DEBUG    | Orchestration:162 | [Profile] Tổng thời gian Turn: 35.867s
2026-06-01 10:33:26 | INFO     | StateProcessor:266 | [Quest Notice] Bạn gác quest 'Tiếp tế khẩn cấp' lại và quay về mạch truyện chính từ điểm đã lưu.
2026-06-01 10:33:33 | INFO     | Orchestration:67 | [Turn Start] Player Input: 'Tôi đề xuất dùng thảo dược này để chế thuốc kháng khuẩn.'
2026-06-01 10:33:49 | DEBUG    | ActionProcessor:32 | [ActionManager] Đã tải thành công file action_directives.yaml!
2026-06-01 10:33:49 | INFO     | ActionProcessor:91 | [ActionManager] 🎲 Sự kiện NPC xuất hiện (Xí ngầu: 33/33)
2026-06-01 10:33:49 | DEBUG    | MemoryProcessor:134 | [MemoryProcessor] Truy vấn FAISS: 'dùng thảo dược chế thuốc kháng khuẩn'
2026-06-01 10:33:49 | DEBUG    | MemoryManager:172 | [VectorDB Search] 'dùng thảo dược chế thuốc kháng khuẩn' -> Trả về 10 kết quả.
2026-06-01 10:33:49 | DEBUG    | MemoryProcessor:148 | [Deduplication] Bỏ qua ký ức #7 từ FAISS vì đã có trong Lịch sử NPC.
2026-06-01 10:33:49 | DEBUG    | MemoryProcessor:148 | [Deduplication] Bỏ qua ký ức #5 từ FAISS vì đã có trong Lịch sử NPC.
2026-06-01 10:33:49 | DEBUG    | MemoryProcessor:148 | [Deduplication] Bỏ qua ký ức #6 từ FAISS vì đã có trong Lịch sử NPC.
2026-06-01 10:33:49 | DEBUG    | MemoryProcessor:188 | [Profile] RAG (Hybrid DB+FAISS) hoàn tất trong: 0.656s
2026-06-01 10:33:49 | DEBUG    | StoryDirector:51 | [StoryDirector] Bắt đầu sinh luồng truyện (Streaming) cho hành động: 'Tôi đề xuất dùng thảo dược này để chế thuốc kháng ...'
2026-06-01 10:33:50 | DEBUG    | Orchestration:123 | [Profile] Time to First Token (TTFT): 0.497s
2026-06-01 10:34:15 | DEBUG    | StateProcessor:607 | [Profile] Background Tasks (State Extraction): 24.220s
2026-06-01 10:34:15 | INFO     | NPCManager:68 | [NPCManager] 💖 Cập nhật Người đàn ông cao lớn: Thiện cảm (+5)
2026-06-01 10:34:15 | INFO     | StateProcessor:143 | [Cloud] Đang tạo hàng loạt NPC mới: ['Người phụ nữ trẻ']...
2026-06-01 10:34:17 | INFO     | ImageManager:73 | [ImageManager] Đang vẽ NPC mới: 'Người phụ nữ trẻ'...
2026-06-01 10:34:17 | WARNING  | ImageManager:83 | [ImageManager] Tạo ảnh NPC 'Người phụ nữ trẻ' thất bại.
2026-06-01 10:34:17 | DEBUG    | BaseManager:75 | [NPCs] Đã lưu thành công 'Người phụ nữ trẻ'.
2026-06-01 10:34:43 | INFO     | StateProcessor:508 | [Quest] Nhiệm vụ phụ mới: Cảnh báo từ người lạ
2026-06-01 10:34:43 | INFO     | StateProcessor:266 | [Quest Notice] Nhiệm vụ mới sẵn sàng: Cảnh báo từ người lạ. Mục tiêu: Tiếp cận nhóm người lạ ở rìa làng, Quan sát hành động của họ mà không bị phát hiện, Báo cáo lại cho Người đàn ông cao lớn.
2026-06-01 10:34:43 | INFO     | AudioManager:72 | [Audio] Đang phát nhạc: căng thẳng (hoi_hop.mp3)
2026-06-01 10:34:43 | DEBUG    | MemoryManager:209 | [ShortTermMemory] Đã cập nhật Context Window hiện tại (Size: 4).
2026-06-01 10:34:43 | DEBUG    | DatabaseManager:165 | [Database] Đã ghi một ký ức mới vào Turn 7.
2026-06-01 10:34:43 | DEBUG    | MemoryProcessor:235 | [MemoryProcessor] Đã lưu 1 Episode Ký ức vào CSDL và VectorDB.
2026-06-01 10:34:43 | INFO     | StoryDirector:117 | [StoryDirector] Đang tính toán các lựa chọn tiếp theo...
2026-06-01 10:34:44 | DEBUG    | StoryDirector:154 | [StoryDirector] Đã tạo thành công 3 lựa chọn khả thi.
2026-06-01 10:34:44 | INFO     | Orchestration:160 | [Groq Tokens] TỔNG CỘNG: 6587 (QueryAgent: 1080 | NPCAgent: 1078 | StoryAgent: 3474 | ChoiceAgent: 955)
2026-06-01 10:34:44 | DEBUG    | Orchestration:162 | [Profile] Tổng thời gian Turn: 55.726s
2026-06-01 10:35:10 | INFO     | Orchestration:353 | Người chơi thoát game an toàn. Đang đóng CSDL...
2026-06-01 11:17:25 | INFO     | Orchestration:23 | Đang khởi tạo hệ thống Eldoria Game Engine...
2026-06-01 11:17:25 | DEBUG    | ImageManager:22 | [ImageManager] Đã khởi tạo các thư mục bộ nhớ đệm ảnh.
2026-06-01 11:17:26 | INFO     | MemoryManager:20 | [VectorDB] Đang khởi tạo Embedding Model từ: bkai-foundation-models/vietnamese-bi-encoder...
2026-06-01 11:17:33 | INFO     | MemoryManager:104 | [VectorDB] Khôi phục thành công 12 ký ức từ ổ cứng.
2026-06-01 11:17:33 | DEBUG    | MemoryProcessor:21 | [MemoryProcessor] Đã khởi tạo hệ thống xử lý Ký ức.
2026-06-01 11:17:39 | DEBUG    | StoryDirector:29 | [StoryDirector] Đã khởi tạo các Cloud Agents (Llama-3 & Qwen).
2026-06-01 11:17:39 | INFO     | Orchestration:59 | Hệ thống đã sẵn sàng!
2026-06-01 11:17:39 | INFO     | Orchestration:264 | Bắt đầu khởi tạo phiên chơi mới - Dọn dẹp dữ liệu...
2026-06-01 11:17:39 | INFO     | DatabaseManager:36 | [Database] Đã mở kết nối bất đồng bộ tới ./data/World.db
2026-06-01 11:17:39 | INFO     | DatabaseManager:151 | [Database] Đã dọn dẹp sạch sẽ toàn bộ dữ liệu SQLite!
2026-06-01 11:17:39 | INFO     | DatabaseManager:58 | [Database] Khởi tạo các bảng SQL thành công!
2026-06-01 11:17:39 | INFO     | ImageManager:112 | [ImageManager] Bắt đầu dọn dẹp thư mục ảnh cũ cho Game mới...
2026-06-01 11:17:39 | INFO     | ImageManager:123 | [ImageManager] Dọn dẹp thư mục ảnh hoàn tất.
2026-06-01 11:17:50 | INFO     | Orchestration:273 | Người chơi chọn ý tưởng: 'the gioi mo'
2026-06-01 11:17:50 | INFO     | StoryDirector:187 | [StoryDirector] Đang tạo World Bible từ ý tưởng người chơi...
2026-06-01 11:17:52 | DEBUG    | StoryDirector:193 | [StoryDirector] Đã lưu World Bible xuống file: ./data/world_bible.json
2026-06-01 11:17:52 | DEBUG    | Orchestration:288 | World State Loaded: The Open Expanse | ['open-world exploration', 'dynamic event-driven']
2026-06-01 11:17:52 | INFO     | Orchestration:292 | Khởi tạo Location đầu tiên...
2026-06-01 11:17:52 | INFO     | StoryDirector:201 | [StoryDirector] Đang khởi tạo địa điểm xuất phát cho thế giới 'The Open Expanse'...
2026-06-01 11:17:53 | INFO     | StoryDirector:206 | [StoryDirector] Đang khởi tạo các npc quan trọng cho thế giới 'The Open Expanse'...
2026-06-01 11:17:59 | DEBUG    | BaseManager:75 | [Locations] Đã lưu thành công 'Vùng Đồng Bằng Hư Không'.
2026-06-01 11:17:59 | WARNING  | BaseManager:78 | [NPCs] Đã chặn lỗi chèn trùng lặp (UNIQUE constraint) với: 'Matriarch Elyndra'
2026-06-01 11:17:59 | WARNING  | BaseManager:78 | [NPCs] Đã chặn lỗi chèn trùng lặp (UNIQUE constraint) với: 'Warlord Kaelthor'
2026-06-01 11:17:59 | WARNING  | BaseManager:78 | [NPCs] Đã chặn lỗi chèn trùng lặp (UNIQUE constraint) với: 'Lysara Vex'
2026-06-01 11:17:59 | WARNING  | BaseManager:78 | [NPCs] Đã chặn lỗi chèn trùng lặp (UNIQUE constraint) với: 'Malagar the Unbound'
2026-06-01 11:17:59 | WARNING  | BaseManager:78 | [NPCs] Đã chặn lỗi chèn trùng lặp (UNIQUE constraint) với: 'Seraphine Dusk'
2026-06-01 11:17:59 | INFO     | ImageManager:45 | [ImageManager] Đang vẽ bối cảnh mới: 'Vùng Đồng Bằng Hư Không'...
2026-06-01 11:17:59 | WARNING  | ImageManager:59 | [ImageManager] Tạo ảnh bối cảnh 'Vùng Đồng Bằng Hư Không' thất bại.
2026-06-01 11:18:17 | INFO     | AudioManager:72 | [Audio] Đang phát nhạc: sợ hãi (binh_thuong.mp3)
2026-06-01 11:18:17 | INFO     | StoryDirector:234 | [StoryDirector] Bắt đầu sinh phân đoạn truyện mở đầu tại 'Vùng Đồng Bằng Hư Không'...
2026-06-01 11:18:19 | INFO     | Orchestration:346 | Lưu ký ức Prologue (Turn 0)...
2026-06-01 11:18:19 | DEBUG    | MemoryManager:209 | [ShortTermMemory] Đã cập nhật Context Window hiện tại (Size: 1).
2026-06-01 11:18:19 | DEBUG    | DatabaseManager:165 | [Database] Đã ghi một ký ức mới vào Turn 0.
2026-06-01 11:18:19 | DEBUG    | MemoryProcessor:235 | [MemoryProcessor] Đã lưu 1 Episode Ký ức vào CSDL và VectorDB.
2026-06-01 11:18:19 | INFO     | StoryDirector:117 | [StoryDirector] Đang tính toán các lựa chọn tiếp theo...
2026-06-01 11:18:21 | DEBUG    | StoryDirector:154 | [StoryDirector] Đã tạo thành công 3 lựa chọn khả thi.
2026-06-01 11:18:21 | INFO     | Orchestration:365 | === BẮT ĐẦU VÒNG LẶP GAME CHÍNH (GAME LOOP) ===
2026-06-01 11:19:23 | INFO     | Orchestration:67 | [Turn Start] Player Input: 'Di chuyển sang phải để tránh vết nứt'
2026-06-01 11:19:25 | DEBUG    | ActionProcessor:32 | [ActionManager] Đã tải thành công file action_directives.yaml!
2026-06-01 11:19:26 | DEBUG    | MemoryProcessor:134 | [MemoryProcessor] Truy vấn FAISS: 'Di chuyển sang phải tránh vết nứt'
2026-06-01 11:19:26 | DEBUG    | MemoryManager:172 | [VectorDB Search] 'Di chuyển sang phải tránh vết nứt' -> Trả về 10 kết quả.
2026-06-01 11:19:26 | DEBUG    | MemoryProcessor:188 | [Profile] RAG (Hybrid DB+FAISS) hoàn tất trong: 0.369s
2026-06-01 11:19:26 | DEBUG    | StoryDirector:51 | [StoryDirector] Bắt đầu sinh luồng truyện (Streaming) cho hành động: 'Di chuyển sang phải để tránh vết nứt...'
2026-06-01 11:19:26 | DEBUG    | Orchestration:128 | [Profile] Time to First Token (TTFT): 0.504s
2026-06-01 11:19:48 | DEBUG    | StateProcessor:612 | [Profile] Background Tasks (State Extraction): 20.702s
2026-06-01 11:20:08 | INFO     | StateProcessor:513 | [Quest] Nhiệm vụ phụ mới: Vượt Qua Bụi Gai
2026-06-01 11:20:08 | INFO     | StateProcessor:266 | [Quest Notice] Nhiệm vụ mới sẵn sàng: Vượt Qua Bụi Gai. Mục tiêu: Vượt qua bụi gai sắc nhọn để vào khe đá an toàn.
2026-06-01 11:20:08 | INFO     | AudioManager:72 | [Audio] Đang phát nhạc: căng thẳng (hoi_hop.mp3)
2026-06-01 11:20:08 | DEBUG    | MemoryManager:209 | [ShortTermMemory] Đã cập nhật Context Window hiện tại (Size: 2).
2026-06-01 11:20:08 | DEBUG    | DatabaseManager:165 | [Database] Đã ghi một ký ức mới vào Turn 1.
2026-06-01 11:20:08 | DEBUG    | MemoryProcessor:235 | [MemoryProcessor] Đã lưu 1 Episode Ký ức vào CSDL và VectorDB.
2026-06-01 11:20:08 | INFO     | StoryDirector:117 | [StoryDirector] Đang tính toán các lựa chọn tiếp theo...
2026-06-01 11:20:13 | DEBUG    | StoryDirector:154 | [StoryDirector] Đã tạo thành công 3 lựa chọn khả thi.
2026-06-01 11:20:13 | INFO     | Orchestration:165 | [Groq Tokens] TỔNG CỘNG: 8733 (QueryAgent: 537 | LocationAgent: 518 | NPCAgent: 1868 | StoryAgent: 2498 | ChoiceAgent: 2684 | WorldGenerateAgent: 628)
2026-06-01 11:20:13 | DEBUG    | Orchestration:167 | [Profile] Tổng thời gian Turn: 47.778s
2026-06-01 11:22:05 | DEBUG    | StateProcessor:385 | [QuestSystem] Lưu 3 lựa chọn mạch chính để sử dụng sau quest
2026-06-01 11:22:05 | INFO     | StateProcessor:266 | [Quest Notice] Bạn tạm rời mạch chính để xử lý quest 'Vượt Qua Bụi Gai'. Điểm xuất phát hiện tại được lưu lại để quay về sau khi hoàn tất.
2026-06-01 11:22:05 | INFO     | StoryDirector:164 | [StoryDirector] Sinh lựa chọn intro cho quest 'Vượt Qua Bụi Gai'...
2026-06-01 11:25:28 | INFO     | Orchestration:23 | Đang khởi tạo hệ thống Eldoria Game Engine...
2026-06-01 11:25:28 | DEBUG    | ImageManager:22 | [ImageManager] Đã khởi tạo các thư mục bộ nhớ đệm ảnh.
2026-06-01 11:25:29 | INFO     | MemoryManager:20 | [VectorDB] Đang khởi tạo Embedding Model từ: bkai-foundation-models/vietnamese-bi-encoder...
2026-06-01 11:25:35 | INFO     | MemoryManager:104 | [VectorDB] Khôi phục thành công 12 ký ức từ ổ cứng.
2026-06-01 11:25:36 | DEBUG    | MemoryProcessor:21 | [MemoryProcessor] Đã khởi tạo hệ thống xử lý Ký ức.
2026-06-01 11:25:41 | DEBUG    | StoryDirector:29 | [StoryDirector] Đã khởi tạo các Cloud Agents (Llama-3 & Qwen).
2026-06-01 11:25:41 | INFO     | Orchestration:59 | Hệ thống đã sẵn sàng!
2026-06-01 11:25:41 | INFO     | Orchestration:264 | Bắt đầu khởi tạo phiên chơi mới - Dọn dẹp dữ liệu...
2026-06-01 11:25:41 | INFO     | DatabaseManager:36 | [Database] Đã mở kết nối bất đồng bộ tới ./data/World.db
2026-06-01 11:25:41 | INFO     | DatabaseManager:151 | [Database] Đã dọn dẹp sạch sẽ toàn bộ dữ liệu SQLite!
2026-06-01 11:25:41 | INFO     | DatabaseManager:58 | [Database] Khởi tạo các bảng SQL thành công!
2026-06-01 11:25:41 | INFO     | ImageManager:112 | [ImageManager] Bắt đầu dọn dẹp thư mục ảnh cũ cho Game mới...
2026-06-01 11:25:41 | INFO     | ImageManager:123 | [ImageManager] Dọn dẹp thư mục ảnh hoàn tất.
2026-06-01 11:25:49 | INFO     | Orchestration:273 | Người chơi chọn ý tưởng: 'the gioi mo'
2026-06-01 11:25:49 | INFO     | StoryDirector:187 | [StoryDirector] Đang tạo World Bible từ ý tưởng người chơi...
2026-06-01 11:25:50 | DEBUG    | StoryDirector:193 | [StoryDirector] Đã lưu World Bible xuống file: ./data/world_bible.json
2026-06-01 11:25:50 | DEBUG    | Orchestration:288 | World State Loaded: The Open World | ['exploration', 'non-linear storytelling', 'dynamic environments']
2026-06-01 11:25:50 | INFO     | Orchestration:292 | Khởi tạo Location đầu tiên...
2026-06-01 11:25:50 | INFO     | StoryDirector:201 | [StoryDirector] Đang khởi tạo địa điểm xuất phát cho thế giới 'The Open World'...
2026-06-01 11:25:52 | INFO     | StoryDirector:206 | [StoryDirector] Đang khởi tạo các npc quan trọng cho thế giới 'The Open World'...
2026-06-01 11:25:59 | DEBUG    | BaseManager:75 | [Locations] Đã lưu thành công 'Thung Lũng Bão Tồn'.
2026-06-01 11:25:59 | WARNING  | BaseManager:78 | [NPCs] Đã chặn lỗi chèn trùng lặp (UNIQUE constraint) với: 'Zalathor, the Cosmic Tyrant'
2026-06-01 11:25:59 | WARNING  | BaseManager:78 | [NPCs] Đã chặn lỗi chèn trùng lặp (UNIQUE constraint) với: 'Lirael, the Starborn Rebel'
2026-06-01 11:25:59 | WARNING  | BaseManager:78 | [NPCs] Đã chặn lỗi chèn trùng lặp (UNIQUE constraint) với: 'Kaelen the Heretic'
2026-06-01 11:25:59 | WARNING  | BaseManager:78 | [NPCs] Đã chặn lỗi chèn trùng lặp (UNIQUE constraint) với: 'Elyndra, the Celestial Weaver'
2026-06-01 11:25:59 | INFO     | ImageManager:45 | [ImageManager] Đang vẽ bối cảnh mới: 'Thung Lũng Bão Tồn'...
2026-06-01 11:25:59 | WARNING  | ImageManager:59 | [ImageManager] Tạo ảnh bối cảnh 'Thung Lũng Bão Tồn' thất bại.
2026-06-01 11:26:18 | INFO     | AudioManager:72 | [Audio] Đang phát nhạc: bình thường (binh_thuong.mp3)
2026-06-01 11:26:18 | INFO     | StoryDirector:234 | [StoryDirector] Bắt đầu sinh phân đoạn truyện mở đầu tại 'Thung Lũng Bão Tồn'...
2026-06-01 11:26:20 | INFO     | Orchestration:346 | Lưu ký ức Prologue (Turn 0)...
2026-06-01 11:26:20 | DEBUG    | MemoryManager:209 | [ShortTermMemory] Đã cập nhật Context Window hiện tại (Size: 1).
2026-06-01 11:26:20 | DEBUG    | DatabaseManager:165 | [Database] Đã ghi một ký ức mới vào Turn 0.
2026-06-01 11:26:21 | DEBUG    | MemoryProcessor:235 | [MemoryProcessor] Đã lưu 1 Episode Ký ức vào CSDL và VectorDB.
2026-06-01 11:26:21 | INFO     | StoryDirector:117 | [StoryDirector] Đang tính toán các lựa chọn tiếp theo...
2026-06-01 11:26:22 | DEBUG    | StoryDirector:154 | [StoryDirector] Đã tạo thành công 3 lựa chọn khả thi.
2026-06-01 11:26:22 | INFO     | Orchestration:365 | === BẮT ĐẦU VÒNG LẶP GAME CHÍNH (GAME LOOP) ===
2026-06-01 11:26:27 | INFO     | Orchestration:67 | [Turn Start] Player Input: 'Tìm đường vòng qua sương mù'
2026-06-01 11:26:46 | DEBUG    | ActionProcessor:32 | [ActionManager] Đã tải thành công file action_directives.yaml!
2026-06-01 11:26:46 | INFO     | ActionProcessor:91 | [ActionManager] 🎲 Sự kiện NPC xuất hiện (Xí ngầu: 13/15)
2026-06-01 11:26:47 | DEBUG    | MemoryProcessor:134 | [MemoryProcessor] Truy vấn FAISS: 'Tìm đường vòng qua sương mù Thung Lũng Bão Tồn'
2026-06-01 11:26:47 | DEBUG    | MemoryManager:172 | [VectorDB Search] 'Tìm đường vòng qua sương mù Thung Lũng Bão Tồn' -> Trả về 10 kết quả.
2026-06-01 11:26:47 | DEBUG    | MemoryProcessor:188 | [Profile] RAG (Hybrid DB+FAISS) hoàn tất trong: 0.444s
2026-06-01 11:26:47 | DEBUG    | StoryDirector:51 | [StoryDirector] Bắt đầu sinh luồng truyện (Streaming) cho hành động: 'Tìm đường vòng qua sương mù...'
2026-06-01 11:26:48 | DEBUG    | Orchestration:128 | [Profile] Time to First Token (TTFT): 0.638s
2026-06-01 11:27:05 | DEBUG    | StateProcessor:612 | [Profile] Background Tasks (State Extraction): 15.895s
2026-06-01 11:27:08 | INFO     | StateProcessor:66 | >> [Hệ Thống] Phát hiện khu vực mới: Rừng Bóng Cổ Thụ. Đang tải ảnh nền...
2026-06-01 11:27:08 | INFO     | ImageManager:45 | [ImageManager] Đang vẽ bối cảnh mới: 'Rừng Bóng Cổ Thụ'...
2026-06-01 11:27:08 | WARNING  | ImageManager:59 | [ImageManager] Tạo ảnh bối cảnh 'Rừng Bóng Cổ Thụ' thất bại.
2026-06-01 11:27:08 | DEBUG    | BaseManager:75 | [Locations] Đã lưu thành công 'Rừng Bóng Cổ Thụ'.
2026-06-01 11:27:26 | INFO     | StateProcessor:513 | [Quest] Nhiệm vụ phụ mới: Dấu vết của người lữ hành
2026-06-01 11:27:26 | INFO     | StateProcessor:266 | [Quest Notice] Nhiệm vụ mới sẵn sàng: Dấu vết của người lữ hành. Mục tiêu: Tìm kiếm hốc đá gần vị trí quan sát, Lấy lại vật phẩm từ chiếc túi cũ.
2026-06-01 11:27:26 | DEBUG    | MemoryManager:209 | [ShortTermMemory] Đã cập nhật Context Window hiện tại (Size: 2).
2026-06-01 11:27:26 | DEBUG    | DatabaseManager:165 | [Database] Đã ghi một ký ức mới vào Turn 1.
2026-06-01 11:27:26 | DEBUG    | MemoryProcessor:235 | [MemoryProcessor] Đã lưu 1 Episode Ký ức vào CSDL và VectorDB.
2026-06-01 11:27:26 | INFO     | StoryDirector:117 | [StoryDirector] Đang tính toán các lựa chọn tiếp theo...
2026-06-01 11:27:28 | DEBUG    | StoryDirector:154 | [StoryDirector] Đã tạo thành công 3 lựa chọn khả thi.
2026-06-01 11:27:28 | INFO     | Orchestration:165 | [Groq Tokens] TỔNG CỘNG: 9925 (QueryAgent: 643 | LocationAgent: 1693 | NPCAgent: 1848 | StoryAgent: 3139 | ChoiceAgent: 1906 | WorldGenerateAgent: 696)
2026-06-01 11:27:28 | DEBUG    | Orchestration:167 | [Profile] Tổng thời gian Turn: 41.829s
2026-06-01 11:27:33 | DEBUG    | StateProcessor:385 | [QuestSystem] Lưu 3 lựa chọn mạch chính để sử dụng sau quest
2026-06-01 11:27:33 | INFO     | StateProcessor:266 | [Quest Notice] Bạn tạm rời mạch chính để xử lý quest 'Dấu vết của người lữ hành'. Điểm xuất phát hiện tại được lưu lại để quay về sau khi hoàn tất.
2026-06-01 11:27:33 | INFO     | StoryDirector:164 | [StoryDirector] Sinh lựa chọn intro cho quest 'Dấu vết của người lữ hành'...
2026-06-01 11:27:35 | INFO     | Orchestration:241 | [QuestSystem] Sinh lựa chọn intro cho quest
2026-06-01 11:27:49 | INFO     | Orchestration:67 | [Turn Start] Player Input: 'Tôi điều tra hốc đá gần vị trí quan sát'
2026-06-01 11:28:10 | DEBUG    | ActionProcessor:32 | [ActionManager] Đã tải thành công file action_directives.yaml!
2026-06-01 11:28:11 | DEBUG    | MemoryProcessor:134 | [MemoryProcessor] Truy vấn FAISS: 'Khám phá hốc đá gần Thung Lũng Bão Tồn'
2026-06-01 11:28:11 | DEBUG    | MemoryManager:172 | [VectorDB Search] 'Khám phá hốc đá gần Thung Lũng Bão Tồn' -> Trả về 10 kết quả.
2026-06-01 11:28:11 | DEBUG    | MemoryProcessor:188 | [Profile] RAG (Hybrid DB+FAISS) hoàn tất trong: 0.567s
2026-06-01 11:28:12 | DEBUG    | Orchestration:128 | [Profile] Time to First Token (TTFT): 0.716s
2026-06-01 11:28:33 | DEBUG    | StateProcessor:612 | [Profile] Background Tasks (State Extraction): 20.367s
2026-06-01 11:28:33 | INFO     | StateProcessor:203 | [Hệ Thống] ---> THAY ĐỔI TÚI ĐỒ <---
2026-06-01 11:28:55 | INFO     | ImageManager:95 | [ImageManager] Đang vẽ vật phẩm mới: 'La bàn nhỏ'...
2026-06-01 11:28:55 | WARNING  | ImageManager:107 | [ImageManager] Tạo ảnh vật phẩm 'La bàn nhỏ' thất bại.
2026-06-01 11:28:55 | INFO     | StateProcessor:229 |  [+] Nhận được: La bàn nhỏ
2026-06-01 11:29:15 | INFO     | ImageManager:95 | [ImageManager] Đang vẽ vật phẩm mới: 'Bản đồ gấp'...
2026-06-01 11:29:15 | WARNING  | ImageManager:107 | [ImageManager] Tạo ảnh vật phẩm 'Bản đồ gấp' thất bại.
2026-06-01 11:29:15 | INFO     | StateProcessor:229 |  [+] Nhận được: Bản đồ gấp
2026-06-01 11:29:19 | INFO     | ImageManager:95 | [ImageManager] Đang vẽ vật phẩm mới: 'Mảnh giấy ghi chú'...
2026-06-01 11:29:19 | WARNING  | ImageManager:107 | [ImageManager] Tạo ảnh vật phẩm 'Mảnh giấy ghi chú' thất bại.
2026-06-01 11:29:19 | INFO     | StateProcessor:229 |  [+] Nhận được: Mảnh giấy ghi chú
2026-06-01 11:29:19 | INFO     | StateProcessor:255 |  [Balo hiện tại]: La bàn nhỏ, Bản đồ gấp, Mảnh giấy ghi chú
2026-06-01 11:29:39 | INFO     | ImageManager:95 | [ImageManager] Đang vẽ vật phẩm mới: 'Lương khô lữ hành'...
2026-06-01 11:29:39 | WARNING  | ImageManager:107 | [ImageManager] Tạo ảnh vật phẩm 'Lương khô lữ hành' thất bại.
2026-06-01 11:29:39 | INFO     | StateProcessor:266 | [Quest Notice] Hoàn thành nhiệm vụ 'Dấu vết của người lữ hành'. Nhận thưởng: Lương khô lữ hành (ConsumableItem).
2026-06-01 11:29:39 | INFO     | StateProcessor:564 | [Quest] Hoàn thành nhiệm vụ phụ: Dấu vết của người lữ hành
2026-06-01 11:29:39 | INFO     | StateProcessor:266 | [Quest Notice] Sau khi giải quyết xong quest 'Dấu vết của người lữ hành', bạn bình tĩnh quay lại điểm đã lưu trong mạch truyện chính.
2026-06-01 11:29:55 | INFO     | StateProcessor:513 | [Quest] Nhiệm vụ phụ mới: Dấu vết người lữ hành
2026-06-01 11:29:55 | INFO     | StateProcessor:266 | [Quest Notice] Nhiệm vụ mới sẵn sàng: Dấu vết người lữ hành. Mục tiêu: Đi theo con đường nhỏ về phía đông, Tìm kiếm dấu vết tại khu vực bụi rậm gần đó, Thu hồi vật phẩm bị bỏ lại.
2026-06-01 11:29:55 | INFO     | AudioManager:72 | [Audio] Đang phát nhạc: rùng rợn (rung_ron.mp3)
2026-06-01 11:29:55 | DEBUG    | MemoryManager:209 | [ShortTermMemory] Đã cập nhật Context Window hiện tại (Size: 3).
2026-06-01 11:29:55 | DEBUG    | DatabaseManager:165 | [Database] Đã ghi một ký ức mới vào Turn 2.
2026-06-01 11:29:55 | DEBUG    | MemoryProcessor:235 | [MemoryProcessor] Đã lưu 1 Episode Ký ức vào CSDL và VectorDB.
2026-06-01 11:29:55 | INFO     | StoryDirector:117 | [StoryDirector] Đang tính toán các lựa chọn tiếp theo...
2026-06-01 11:29:57 | DEBUG    | StoryDirector:154 | [StoryDirector] Đã tạo thành công 3 lựa chọn khả thi.
2026-06-01 11:29:57 | INFO     | Orchestration:165 | [Groq Tokens] TỔNG CỘNG: 5196 (QueryAgent: 676 | StoryAgent: 2374 | ChoiceAgent: 2146)
2026-06-01 11:29:57 | DEBUG    | Orchestration:167 | [Profile] Tổng thời gian Turn: 107.113s
2026-06-01 11:30:43 | INFO     | Orchestration:67 | [Turn Start] Player Input: 'Tạm gác quest và quay lại mạch chính.'
2026-06-01 11:31:00 | DEBUG    | ActionProcessor:32 | [ActionManager] Đã tải thành công file action_directives.yaml!
2026-06-01 11:31:01 | DEBUG    | MemoryProcessor:134 | [MemoryProcessor] Truy vấn FAISS: 'Rừng Bóng Cổ Thụ'
2026-06-01 11:31:01 | DEBUG    | MemoryManager:172 | [VectorDB Search] 'Rừng Bóng Cổ Thụ' -> Trả về 10 kết quả.
2026-06-01 11:31:01 | DEBUG    | MemoryProcessor:188 | [Profile] RAG (Hybrid DB+FAISS) hoàn tất trong: 0.767s
2026-06-01 11:31:01 | DEBUG    | StoryDirector:51 | [StoryDirector] Bắt đầu sinh luồng truyện (Streaming) cho hành động: 'Tạm gác quest và quay lại mạch chính....'
2026-06-01 11:31:01 | DEBUG    | Orchestration:128 | [Profile] Time to First Token (TTFT): 0.586s
2026-06-01 11:31:17 | DEBUG    | StateProcessor:612 | [Profile] Background Tasks (State Extraction): 15.078s
2026-06-01 11:31:19 | INFO     | StateProcessor:66 | >> [Hệ Thống] Phát hiện khu vực mới: Rừng Thung Lũng Mờ Sương. Đang tải ảnh nền...
2026-06-01 11:31:19 | INFO     | ImageManager:45 | [ImageManager] Đang vẽ bối cảnh mới: 'Rừng Thung Lũng Mờ Sương'...
2026-06-01 11:31:19 | WARNING  | ImageManager:59 | [ImageManager] Tạo ảnh bối cảnh 'Rừng Thung Lũng Mờ Sương' thất bại.
2026-06-01 11:31:19 | DEBUG    | BaseManager:75 | [Locations] Đã lưu thành công 'Rừng Thung Lũng Mờ Sương'.
2026-06-01 11:31:39 | INFO     | StateProcessor:513 | [Quest] Nhiệm vụ phụ mới: Tiếng vọng từ bụi rậm
2026-06-01 11:31:39 | INFO     | StateProcessor:266 | [Quest Notice] Nhiệm vụ mới sẵn sàng: Tiếng vọng từ bụi rậm. Mục tiêu: Tìm kiếm nguồn gốc tiếng động trong bụi gai, Giải cứu sinh vật bị mắc kẹt.
2026-06-01 11:31:39 | INFO     | AudioManager:72 | [Audio] Đang phát nhạc: căng thẳng (hoi_hop.mp3)
2026-06-01 11:31:39 | DEBUG    | MemoryManager:209 | [ShortTermMemory] Đã cập nhật Context Window hiện tại (Size: 4).
2026-06-01 11:31:39 | DEBUG    | DatabaseManager:165 | [Database] Đã ghi một ký ức mới vào Turn 3.
2026-06-01 11:31:39 | DEBUG    | MemoryProcessor:235 | [MemoryProcessor] Đã lưu 1 Episode Ký ức vào CSDL và VectorDB.
2026-06-01 11:31:39 | INFO     | StoryDirector:117 | [StoryDirector] Đang tính toán các lựa chọn tiếp theo...
2026-06-01 11:31:40 | DEBUG    | StoryDirector:154 | [StoryDirector] Đã tạo thành công 3 lựa chọn khả thi.
2026-06-01 11:31:40 | INFO     | Orchestration:165 | [Groq Tokens] TỔNG CỘNG: 6036 (QueryAgent: 1077 | LocationAgent: 1082 | StoryAgent: 3097 | ChoiceAgent: 780)
2026-06-01 11:31:40 | DEBUG    | Orchestration:167 | [Profile] Tổng thời gian Turn: 39.867s
2026-06-01 11:37:04 | INFO     | Orchestration:374 | Người chơi thoát game an toàn. Đang đóng CSDL...
